x0,y0,z0,x1,y1,z1,x2,y2,z2,x3,y3,z3,x4,y4,z4,x5,y5,z5,x6,y6,z6,x7,y7,z7,x8,y8,z8,x9,y9,z9,x10,y10,z10,x11,y11,z11,x12,y12,z12,x13,y13,z13,x14,y14,z14,x15,y15,z15,x16,y16,z16,x17,y17,z17,x18,y18,z18,x19,y19,z19,x20,y20,z20,label
0.18913866579532623,0.9644169211387634,4.31390612121163e-09,0.22635287046432495,0.9445119500160217,-0.019655214622616768,0.26164186000823975,0.865127682685852,-0.02951958402991295,0.27810171246528625,0.7943423986434937,-0.03913147374987602,0.29099953174591064,0.7372456789016724,-0.048323921859264374,0.2189674973487854,0.7856670022010803,-0.027977541089057922,0.22164765000343323,0.7116395831108093,-0.05339967831969261,0.22645868360996246,0.6638839244842529,-0.06771641224622726,0.22982843220233917,0.6162676215171814,-0.07855486869812012,0.18158294260501862,0.7854772210121155,-0.0313321053981781,0.20479045808315277,0.7874487638473511,-0.06053774431347847,0.2110389620065689,0.8520671129226685,-0.06350386887788773,0.20483161509037018,0.8650765419006348,-0.062387432903051376,0.14842727780342102,0.8081589341163635,-0.0372890830039978,0.17600077390670776,0.8159195780754089,-0.06932983547449112,0.18731507658958435,0.873704731464386,-0.05734596028923988,0.182883620262146,0.8818450570106506,-0.04496343433856964,0.11750491708517075,0.8430696129798889,-0.04496367648243904,0.14446306228637695,0.8482180833816528,-0.06801614910364151,0.15836937725543976,0.8886644840240479,-0.05924716964364052,0.15511293709278107,0.8965513706207275,-0.04953869804739952,accelerate
0.2189355343580246,0.9119729995727539,3.958804128956217e-08,0.2542024552822113,0.8677007555961609,-0.02063455618917942,0.2701483368873596,0.7882218360900879,-0.034241411834955215,0.26198089122772217,0.7264344692230225,-0.04939838498830795,0.24940897524356842,0.6726017594337463,-0.06335019320249557,0.23916171491146088,0.6777946949005127,-0.021402228623628616,0.24210581183433533,0.5744544863700867,-0.047367244958877563,0.2420179843902588,0.5094891786575317,-0.06110965088009834,0.2367473840713501,0.4552548825740814,-0.0706389918923378,0.19975748658180237,0.6901291608810425,-0.025441374629735947,0.2158982902765274,0.6737620830535889,-0.061990540474653244,0.22741639614105225,0.7410518527030945,-0.06642982363700867,0.22156088054180145,0.7591291666030884,-0.0627831369638443,0.1664033681154251,0.7184810638427734,-0.03249240666627884,0.18487022817134857,0.7128663063049316,-0.06967706978321075,0.20374472439289093,0.7715199589729309,-0.05620725080370903,0.20129388570785522,0.7836604118347168,-0.04017268493771553,0.1351718008518219,0.7574102878570557,-0.04165535047650337,0.15557675063610077,0.7517602443695068,-0.06635041534900665,0.1761195808649063,0.7927525043487549,-0.05409819260239601,0.17618566751480103,0.8042445778846741,-0.03938082605600357,accelerate
0.21724849939346313,0.9105159640312195,3.507181745021626e-08,0.25775861740112305,0.8574005365371704,-0.025303183123469353,0.27617472410202026,0.7694056630134583,-0.041237227618694305,0.25921618938446045,0.6997502446174622,-0.05826805904507637,0.2419397383928299,0.6381692290306091,-0.07314105331897736,0.24967893958091736,0.6577011942863464,-0.021921241655945778,0.258613258600235,0.5428960919380188,-0.05090460926294327,0.2638885974884033,0.4753077030181885,-0.06528516858816147,0.25920501351356506,0.4167530834674835,-0.07512826472520828,0.2059931606054306,0.6696965098381042,-0.02622816525399685,0.22453099489212036,0.6371685862541199,-0.06955014169216156,0.2355245053768158,0.7108426690101624,-0.07627362757921219,0.22595463693141937,0.7276278138160706,-0.0722896084189415,0.1696261763572693,0.6949445605278015,-0.03416851535439491,0.1904602348804474,0.6778146624565125,-0.07990030199289322,0.2088824212551117,0.7477900981903076,-0.06623268127441406,0.20303209125995636,0.7593965530395508,-0.0475839264690876,0.13586482405662537,0.7293899059295654,-0.04427270218729973,0.1607227921485901,0.7171750664710999,-0.07445329427719116,0.17806756496429443,0.7660530209541321,-0.061507318168878555,0.17120376229286194,0.7769911289215088,-0.044976260513067245,accelerate
0.22237946093082428,0.9150112867355347,3.417965288576852e-08,0.2639046013355255,0.8572954535484314,-0.023241309449076653,0.2815128564834595,0.7709397077560425,-0.03741662576794624,0.26190540194511414,0.7054676413536072,-0.0532914400100708,0.23929327726364136,0.6481721997261047,-0.06758376210927963,0.2546193599700928,0.6576109528541565,-0.016873899847269058,0.2657311260700226,0.5451639890670776,-0.0444146990776062,0.272519052028656,0.4769277274608612,-0.059494197368621826,0.27011314034461975,0.41992703080177307,-0.06993120908737183,0.21115005016326904,0.6693851947784424,-0.02192062884569168,0.22566217184066772,0.6330114006996155,-0.06393860280513763,0.23766280710697174,0.7052863240242004,-0.07226714491844177,0.23079317808151245,0.7319512963294983,-0.06921090185642242,0.17385700345039368,0.6963294744491577,-0.03054235503077507,0.1924389898777008,0.674862802028656,-0.07431808114051819,0.21150457859039307,0.7424604296684265,-0.06302942335605621,0.2060120701789856,0.7616606950759888,-0.04586339741945267,0.13895365595817566,0.7342029213905334,-0.041184328496456146,0.1619316041469574,0.7198085784912109,-0.07013145834207535,0.1804986149072647,0.7646917104721069,-0.05863947421312332,0.1747487485408783,0.7779342532157898,-0.04324919730424881,accelerate
0.2107459008693695,0.927881121635437,2.6982862166846644e-08,0.2540946304798126,0.8689837455749512,-0.02517063543200493,0.27269870042800903,0.781194269657135,-0.04090818390250206,0.2522517144680023,0.7148854732513428,-0.05793315917253494,0.22704900801181793,0.6589539051055908,-0.07343878597021103,0.24578776955604553,0.6641659140586853,-0.02134186588227749,0.25917306542396545,0.550682783126831,-0.049566805362701416,0.26735180616378784,0.4809243381023407,-0.06437423825263977,0.26527300477027893,0.42372816801071167,-0.0743500217795372,0.19836285710334778,0.6764646768569946,-0.02616838365793228,0.21414673328399658,0.6407940983772278,-0.06966640800237656,0.2260846495628357,0.7188012599945068,-0.07759495824575424,0.21869038045406342,0.7491918802261353,-0.07351229339838028,0.15904253721237183,0.7053940296173096,-0.03445802628993988,0.18024873733520508,0.6886534690856934,-0.08021122217178345,0.19984792172908783,0.7594354152679443,-0.06943506747484207,0.19479791820049286,0.78031325340271,-0.05172033607959747,0.12308747321367264,0.7455905675888062,-0.044699449092149734,0.14763392508029938,0.7316957712173462,-0.0750080794095993,0.16815932095050812,0.7780420184135437,-0.06364726275205612,0.16453102231025696,0.7927835583686829,-0.04773872718214989,accelerate
0.2112783044576645,0.9478288888931274,2.29642616034198e-08,0.25317493081092834,0.8908056020736694,-0.025292187929153442,0.27495622634887695,0.8006502389907837,-0.04240156710147858,0.2567521035671234,0.7319614887237549,-0.06124727427959442,0.23304177820682526,0.6726973652839661,-0.07824670523405075,0.24917615950107574,0.6761623024940491,-0.021850673481822014,0.26451537013053894,0.5620343685150146,-0.05203961580991745,0.27352744340896606,0.4924449920654297,-0.06760023534297943,0.27269622683525085,0.4342961609363556,-0.07804368436336517,0.20046399533748627,0.687379002571106,-0.02749698795378208,0.21753056347370148,0.6571906805038452,-0.07351426780223846,0.22795021533966064,0.7369643449783325,-0.08207236975431442,0.21874761581420898,0.7608943581581116,-0.07814939320087433,0.16034255921840668,0.7152777910232544,-0.03673597797751427,0.18349841237068176,0.7036536335945129,-0.08456344157457352,0.20288927853107452,0.7770413756370544,-0.07266006618738174,0.19644740223884583,0.7929949164390564,-0.05402841791510582,0.12402095645666122,0.7546219825744629,-0.04808153957128525,0.15225079655647278,0.7448080778121948,-0.07912097126245499,0.17039531469345093,0.7936927676200867,-0.06669701635837555,0.1623527556657791,0.8056620955467224,-0.04986678063869476,accelerate
0.21134144067764282,0.9382891058921814,5.10082358573527e-08,0.2534242868423462,0.8775715827941895,-0.024341613054275513,0.27339404821395874,0.7890496253967285,-0.04007565602660179,0.2545953691005707,0.7215346693992615,-0.057626720517873764,0.22980104386806488,0.6646374464035034,-0.07327079027891159,0.24771663546562195,0.6624723076820374,-0.018615109845995903,0.2643358111381531,0.5484966039657593,-0.047209374606609344,0.2730916142463684,0.47937846183776855,-0.06266871094703674,0.27301985025405884,0.4215872585773468,-0.07343119382858276,0.19945128262043,0.6730955839157104,-0.023957783356308937,0.21596290171146393,0.6481319069862366,-0.06829265505075455,0.22654472291469574,0.7202710509300232,-0.07768423855304718,0.22016462683677673,0.7451779842376709,-0.07503310590982437,0.1590818613767624,0.7024285197257996,-0.032990314066410065,0.18224892020225525,0.6959352493286133,-0.07823195308446884,0.20027807354927063,0.7611647844314575,-0.06874754279851913,0.19485850632190704,0.7752828001976013,-0.052682939916849136,0.12291251122951508,0.7437098026275635,-0.04425061121582985,0.1492830067873001,0.7407317161560059,-0.07366371154785156,0.16674566268920898,0.782611072063446,-0.06365396827459335,0.16089463233947754,0.7898203730583191,-0.049137186259031296,accelerate
0.2134333699941635,0.9302390217781067,5.3617572604025554e-08,0.2578364312648773,0.8687967658042908,-0.026593606919050217,0.28115299344062805,0.7783325910568237,-0.045062605291604996,0.2650279700756073,0.7093071937561035,-0.06494816392660141,0.24126017093658447,0.6481893658638,-0.08292284607887268,0.2501753270626068,0.6538565754890442,-0.024272898212075233,0.2652781903743744,0.5393495559692383,-0.05642101168632507,0.27352750301361084,0.46866950392723083,-0.07394323498010635,0.2708946168422699,0.4091372489929199,-0.08593080937862396,0.2002263218164444,0.664954423904419,-0.0298889372497797,0.2235422432422638,0.6337160468101501,-0.07747229933738708,0.2360159307718277,0.712736964225769,-0.08750644326210022,0.22468677163124084,0.7354943752288818,-0.08465652167797089,0.15966510772705078,0.6926543116569519,-0.03917704522609711,0.1893371194601059,0.6849261522293091,-0.08751022815704346,0.20897158980369568,0.7556626200675964,-0.07644186168909073,0.19988806545734406,0.7683649063110352,-0.058745961636304855,0.12376925349235535,0.731838583946228,-0.05080987885594368,0.15765880048274994,0.7292864322662354,-0.08228261023759842,0.17617203295230865,0.7782490253448486,-0.0706588625907898,0.1663508117198944,0.7882359623908997,-0.05460401624441147,accelerate
0.21776603162288666,0.9346396923065186,5.005817982350891e-08,0.26147162914276123,0.8698133230209351,-0.02316306345164776,0.2838532328605652,0.7795796394348145,-0.04107655584812164,0.26903390884399414,0.7097614407539368,-0.06156071648001671,0.24248674511909485,0.6489585638046265,-0.08056896179914474,0.2540648877620697,0.6553435921669006,-0.019939152523875237,0.2698671519756317,0.5418916940689087,-0.0510592982172966,0.2785228490829468,0.47012871503829956,-0.06777039170265198,0.2763867676258087,0.409674733877182,-0.07933253049850464,0.20437419414520264,0.6665151715278625,-0.02722962200641632,0.2289571613073349,0.6357046365737915,-0.07110433280467987,0.2410835474729538,0.7171193361282349,-0.07826792448759079,0.22863267362117767,0.7382603883743286,-0.07458589971065521,0.16402658820152283,0.6949188113212585,-0.03823964297771454,0.19357386231422424,0.6840906143188477,-0.08407648652791977,0.21207605302333832,0.7569819688796997,-0.07043182104825974,0.20087668299674988,0.7703832387924194,-0.05210191383957863,0.12770000100135803,0.7356627583503723,-0.051503006368875504,0.1609911173582077,0.729880154132843,-0.08186902105808258,0.1794525682926178,0.7795944213867188,-0.0686798095703125,0.16864724457263947,0.7906910181045532,-0.052101001143455505,accelerate
0.21507465839385986,0.9274466037750244,4.0642493814857517e-08,0.25945374369621277,0.8662725687026978,-0.024933336302638054,0.2825571298599243,0.7750662565231323,-0.04221215471625328,0.2635044753551483,0.7047861814498901,-0.06141078472137451,0.23761850595474243,0.6441172361373901,-0.07890760898590088,0.2512480616569519,0.6506767868995667,-0.020937450230121613,0.2667006254196167,0.5382602214813232,-0.051095932722091675,0.2743963599205017,0.4691425859928131,-0.06751909106969833,0.2718599736690521,0.4102276861667633,-0.07920742779970169,0.20095957815647125,0.6613315343856812,-0.026910435408353806,0.22471576929092407,0.6356930136680603,-0.07111034542322159,0.23595941066741943,0.7125557661056519,-0.0801730751991272,0.22441211342811584,0.7320829629898071,-0.0778612270951271,0.16043110191822052,0.6903356313705444,-0.036506954580545425,0.18907450139522552,0.683785617351532,-0.08231605589389801,0.20850323140621185,0.752892255783081,-0.07108266651630402,0.1999436765909195,0.7644868493080139,-0.0543929748237133,0.1244761124253273,0.7313721776008606,-0.048408590257167816,0.15712477266788483,0.7295022010803223,-0.07920139282941818,0.17605097591876984,0.7760804295539856,-0.0681154653429985,0.1675572693347931,0.7848182916641235,-0.05293109640479088,accelerate
0.21340666711330414,0.9297788739204407,5.594470309233657e-08,0.2575952112674713,0.8632534742355347,-0.02372431941330433,0.2780051827430725,0.7752902507781982,-0.04008699581027031,0.25857073068618774,0.7089018225669861,-0.058923669159412384,0.23151443898677826,0.6516464948654175,-0.07622693479061127,0.25008803606033325,0.6527544260025024,-0.016538091003894806,0.2651841938495636,0.5392251014709473,-0.04583662748336792,0.27325332164764404,0.46821701526641846,-0.062267471104860306,0.27185869216918945,0.40956199169158936,-0.07368472218513489,0.200839102268219,0.6641721129417419,-0.022884419187903404,0.21970176696777344,0.634096622467041,-0.06711529195308685,0.2298564910888672,0.7097291350364685,-0.07660172879695892,0.22095561027526855,0.735083818435669,-0.07395411282777786,0.16003797948360443,0.6928062438964844,-0.033051054924726486,0.1848076730966568,0.6804489493370056,-0.0778886079788208,0.2022121399641037,0.7480046153068542,-0.06701904535293579,0.1945868581533432,0.7641937732696533,-0.05011651664972305,0.1229112520813942,0.7342602014541626,-0.04554880037903786,0.1508941948413849,0.7280819416046143,-0.0747564435005188,0.16843795776367188,0.771338701248169,-0.06350969523191452,0.161002978682518,0.7806361317634583,-0.048145685344934464,accelerate
0.21399815380573273,0.9306885600090027,5.342821296494549e-08,0.25729668140411377,0.8684383630752563,-0.025474121794104576,0.27796971797943115,0.7792936563491821,-0.043329935520887375,0.25968095660209656,0.7115582227706909,-0.06295300275087357,0.23317722976207733,0.6527731418609619,-0.08088339865207672,0.2487831711769104,0.6525373458862305,-0.021654745563864708,0.2649185359477997,0.5389824509620667,-0.0520532950758934,0.2743533253669739,0.46913260221481323,-0.0685635656118393,0.27304619550704956,0.4105464518070221,-0.08015156537294388,0.19938799738883972,0.6645660400390625,-0.027479134500026703,0.2221800684928894,0.6350045800209045,-0.07220759987831116,0.23391318321228027,0.7149803042411804,-0.08089805394411087,0.22215071320533752,0.7383256554603577,-0.07792264223098755,0.1590394675731659,0.6942179799079895,-0.03703968971967697,0.18711382150650024,0.6846609115600586,-0.0838618054986,0.20683367550373077,0.7565351724624634,-0.07248543202877045,0.19750770926475525,0.7708987593650818,-0.055160894989967346,0.12268509715795517,0.7362407445907593,-0.04882533475756645,0.1543111950159073,0.7313302159309387,-0.08021224290132523,0.1738501340150833,0.7799981832504272,-0.0687275305390358,0.1652136743068695,0.7903976440429688,-0.053063470870256424,accelerate
0.21797965466976166,0.9321977496147156,4.8245638595290075e-08,0.260717511177063,0.8670852184295654,-0.025380689650774002,0.28144681453704834,0.7785133719444275,-0.04329988360404968,0.26108410954475403,0.7118564248085022,-0.06288700550794601,0.23390109837055206,0.6528395414352417,-0.08065830916166306,0.2513974905014038,0.6486303806304932,-0.020605450496077538,0.26810508966445923,0.53856360912323,-0.050498124212026596,0.2766249477863312,0.4690217673778534,-0.06684202700853348,0.27483874559402466,0.4104258120059967,-0.0783693790435791,0.20057857036590576,0.6602827906608582,-0.026521360501646996,0.22318510711193085,0.6366995573043823,-0.07044560462236404,0.2350207269191742,0.715652585029602,-0.07923320680856705,0.22440384328365326,0.7380670309066772,-0.07649921625852585,0.15985804796218872,0.6904758810997009,-0.036185991019010544,0.1892903596162796,0.6892197132110596,-0.08257210999727249,0.20784933865070343,0.7602754831314087,-0.07188994437456131,0.1982881873846054,0.7727134823799133,-0.05512329190969467,0.1237262561917305,0.7328944802284241,-0.04809568449854851,0.1563010811805725,0.7324686050415039,-0.07912550866603851,0.174388587474823,0.7808946371078491,-0.0680362805724144,0.16432642936706543,0.7898319363594055,-0.052628885954618454,accelerate
0.23074156045913696,0.9237017631530762,4.475241865975477e-08,0.2762645483016968,0.8555060625076294,-0.023332685232162476,0.2949165403842926,0.7678610682487488,-0.03831397742033005,0.27461740374565125,0.7012577652931213,-0.05565297603607178,0.24803587794303894,0.6451297402381897,-0.07141599804162979,0.26490095257759094,0.6530903577804565,-0.01784304343163967,0.2775929272174835,0.5350158214569092,-0.046541906893253326,0.28555232286453247,0.46467435359954834,-0.06388772279024124,0.2851819694042206,0.4051944613456726,-0.07596150785684586,0.21839286386966705,0.6640641093254089,-0.023445552214980125,0.23788666725158691,0.6298985481262207,-0.06831496208906174,0.24909426271915436,0.696829617023468,-0.08045253902673721,0.24140986800193787,0.7296575903892517,-0.08008037507534027,0.1790466010570526,0.6915284395217896,-0.032497845590114594,0.20235729217529297,0.6717047691345215,-0.07581164687871933,0.22096996009349823,0.7315556406974792,-0.0677257850766182,0.21705815196037292,0.7557260394096375,-0.053283948451280594,0.14322717487812042,0.7313233613967896,-0.0439721941947937,0.16970011591911316,0.7172949910163879,-0.0725046843290329,0.1900823414325714,0.7562472820281982,-0.06343183666467667,0.18869975209236145,0.7732946872711182,-0.04996172711253166,accelerate
0.24743132293224335,0.9163270592689514,8.079024382823263e-08,0.2922511398792267,0.8513044118881226,-0.021746618673205376,0.3135870695114136,0.7681504487991333,-0.03575267270207405,0.3004836440086365,0.7052676677703857,-0.052352726459503174,0.2729176878929138,0.6536552906036377,-0.06792574375867844,0.2788912057876587,0.6520667672157288,-0.01588735356926918,0.29262715578079224,0.5406172275543213,-0.04380569979548454,0.2997652292251587,0.4706912040710449,-0.0613895021378994,0.29859673976898193,0.410999059677124,-0.07357832044363022,0.23663991689682007,0.6611564755439758,-0.021489296108484268,0.2623572051525116,0.6302591562271118,-0.06272152066230774,0.27373549342155457,0.6937001943588257,-0.07462865859270096,0.2663309574127197,0.724370002746582,-0.07524777948856354,0.19929537177085876,0.6877803206443787,-0.03046964295208454,0.22763954102993011,0.670856237411499,-0.07197258621454239,0.24455127120018005,0.7305406928062439,-0.06450793892145157,0.24011528491973877,0.7556101679801941,-0.050803884863853455,0.16443303227424622,0.727231502532959,-0.04159282520413399,0.19449779391288757,0.7119550108909607,-0.06882043927907944,0.21354630589485168,0.7509663701057434,-0.059347063302993774,0.21105417609214783,0.7707123756408691,-0.04582503065466881,accelerate
0.32774266600608826,0.9087600111961365,-8.709329257783338e-09,0.377789705991745,0.8467894792556763,-0.017364921048283577,0.4054824709892273,0.7677966356277466,-0.03269248455762863,0.4046019911766052,0.7058567404747009,-0.05086677893996239,0.3817349374294281,0.6542963981628418,-0.06839869171380997,0.36221522092819214,0.6331925392150879,-0.022757047787308693,0.38295266032218933,0.5312675833702087,-0.05095847323536873,0.39093586802482605,0.4639008045196533,-0.06942590326070786,0.39224082231521606,0.40449658036231995,-0.08252450078725815,0.3140695095062256,0.6363800168037415,-0.031078681349754333,0.3559653162956238,0.6393484473228455,-0.07058128714561462,0.3651352822780609,0.7084320187568665,-0.0805913582444191,0.3551943302154541,0.7405741214752197,-0.0812804326415062,0.2746017575263977,0.666329562664032,-0.041583605110645294,0.32245486974716187,0.6768547892570496,-0.07773550599813461,0.33370310068130493,0.7368894815444946,-0.06786521524190903,0.32620638608932495,0.7598250508308411,-0.05491301417350769,0.24200260639190674,0.7112870812416077,-0.054451800882816315,0.2861486077308655,0.7189822196960449,-0.07659552991390228,0.30200979113578796,0.7610702514648438,-0.06575881689786911,0.2978261113166809,0.7777479290962219,-0.05228376016020775,accelerate
0.35723739862442017,0.9149647951126099,5.313809392504254e-09,0.40187644958496094,0.8491907119750977,-0.019024476408958435,0.4266446828842163,0.7678314447402954,-0.036224365234375,0.42155370116233826,0.7054040431976318,-0.0564427375793457,0.3954426646232605,0.6542280912399292,-0.0759558156132698,0.3817600905895233,0.6317991614341736,-0.023988882079720497,0.3985207676887512,0.5304901599884033,-0.05296839773654938,0.4059884548187256,0.46081286668777466,-0.07129000872373581,0.4071052670478821,0.3997703790664673,-0.084494948387146,0.3322426974773407,0.6363925933837891,-0.032454539090394974,0.3720554709434509,0.6356930732727051,-0.07076546549797058,0.3828356862068176,0.7057270407676697,-0.07961634546518326,0.3716089427471161,0.7312871217727661,-0.08009091019630432,0.29408591985702515,0.6675096154212952,-0.043433915823698044,0.3420991003513336,0.6781716346740723,-0.08051825314760208,0.3539109230041504,0.7401682734489441,-0.06986751407384872,0.342650830745697,0.7577877640724182,-0.05679919570684433,0.2630294859409332,0.7128167748451233,-0.056961651891469955,0.3086487054824829,0.7220808267593384,-0.08055245876312256,0.3250086009502411,0.7656533122062683,-0.06981638073921204,0.31725481152534485,0.7803463935852051,-0.056773144751787186,accelerate
0.3724791705608368,0.926959753036499,-1.821468420537542e-09,0.4191594123840332,0.8639609813690186,-0.02197301760315895,0.44456717371940613,0.7825407385826111,-0.040231406688690186,0.4380456507205963,0.7186353206634521,-0.06067590042948723,0.41109010577201843,0.665372908115387,-0.0801735371351242,0.3960948586463928,0.6447134017944336,-0.0294069591909647,0.41069623827934265,0.5391085147857666,-0.059824902564287186,0.4146142601966858,0.46888142824172974,-0.07873450964689255,0.4111834764480591,0.40642809867858887,-0.09221972525119781,0.3455842137336731,0.6505825519561768,-0.03627040237188339,0.38583362102508545,0.6512672305107117,-0.07722833007574081,0.39847153425216675,0.7244707345962524,-0.08672338724136353,0.3881737291812897,0.754226803779602,-0.08692847937345505,0.3069247901439667,0.6833521127700806,-0.04543018341064453,0.3546063005924225,0.6927775740623474,-0.08371098339557648,0.37003618478775024,0.7558273077011108,-0.07249465584754944,0.36177003383636475,0.7763599157333374,-0.05832729488611221,0.2760627269744873,0.7297181487083435,-0.05728830397129059,0.3212769031524658,0.7394006252288818,-0.08139326423406601,0.3400764763355255,0.7820330858230591,-0.0700935572385788,0.3350219428539276,0.7975481748580933,-0.05593107268214226,accelerate
0.4067498445510864,0.9119195938110352,-1.4206171350394925e-08,0.45064592361450195,0.8433447480201721,-0.01947259157896042,0.4729606807231903,0.7631816864013672,-0.039861537516117096,0.4657154083251953,0.7033265233039856,-0.06307263672351837,0.437887579202652,0.6572558879852295,-0.08542350679636002,0.4197375774383545,0.62917560338974,-0.03254985064268112,0.4336998462677002,0.5291675329208374,-0.06506100296974182,0.43660715222358704,0.4591499865055084,-0.08603379130363464,0.43363332748413086,0.39582353830337524,-0.10154066234827042,0.3676682114601135,0.6371819376945496,-0.0418611615896225,0.42355480790138245,0.6514201760292053,-0.08373884856700897,0.4358789920806885,0.7214729189872742,-0.0938263088464737,0.4231469929218292,0.7474484443664551,-0.09556687623262405,0.331415593624115,0.6743892431259155,-0.053170084953308105,0.39466413855552673,0.6981807351112366,-0.09048706293106079,0.40473300218582153,0.7549223899841309,-0.08070860803127289,0.39087483286857605,0.767818033695221,-0.06922744959592819,0.30530044436454773,0.7248747944831848,-0.06726016849279404,0.36159178614616394,0.7469568848609924,-0.09052679687738419,0.3761751055717468,0.7847857475280762,-0.08147881180047989,0.36597490310668945,0.7929770946502686,-0.07012984156608582,accelerate
0.43019554018974304,0.9034370183944702,-1.2941582028247467e-08,0.47335484623908997,0.8441150188446045,-0.02164398320019245,0.49721619486808777,0.7679799199104309,-0.043019745498895645,0.4924762547016144,0.7095620632171631,-0.06685095280408859,0.46588438749313354,0.6630377173423767,-0.08964740484952927,0.44754019379615784,0.6281347870826721,-0.03518219664692879,0.45692235231399536,0.5248786211013794,-0.06797513365745544,0.4571682810783386,0.453491747379303,-0.08800157159566879,0.4532836377620697,0.3902275562286377,-0.10249198973178864,0.3947499096393585,0.635840892791748,-0.04360070452094078,0.45059987902641296,0.6499294638633728,-0.08679170906543732,0.46401917934417725,0.724365770816803,-0.09603520482778549,0.4532526731491089,0.752406120300293,-0.0963917076587677,0.3571963310241699,0.6731595396995544,-0.054188575595617294,0.41879206895828247,0.6953867077827454,-0.0931657925248146,0.42836830019950867,0.7543023228645325,-0.08345667272806168,0.41513675451278687,0.7666965126991272,-0.07157561928033829,0.3290409445762634,0.7246150374412537,-0.06753696501255035,0.38456737995147705,0.7455166578292847,-0.09135562181472778,0.40114638209342957,0.7849003672599792,-0.08190078288316727,0.39466068148612976,0.7934771776199341,-0.0700736716389656,accelerate
0.4809180498123169,0.8923352956771851,5.2159315089284064e-08,0.5467501282691956,0.8494223356246948,-0.02821292355656624,0.598532497882843,0.7731661796569824,-0.05349963903427124,0.5910046100616455,0.6984872817993164,-0.0786629468202591,0.5472942590713501,0.654407262802124,-0.10299897193908691,0.5326653122901917,0.6164543032646179,-0.049296580255031586,0.5456879138946533,0.5114311575889587,-0.08236603438854218,0.5472263097763062,0.4405306577682495,-0.1030426025390625,0.5443279147148132,0.3768463134765625,-0.11916641891002655,0.4697718024253845,0.6127113103866577,-0.054878152906894684,0.5202673673629761,0.6310505867004395,-0.09732452780008316,0.537800669670105,0.7054909467697144,-0.10680816322565079,0.5299520492553711,0.7409895062446594,-0.10913510620594025,0.42419034242630005,0.6462200880050659,-0.06202022358775139,0.48237451910972595,0.6744771003723145,-0.0967184379696846,0.4922698438167572,0.7301713228225708,-0.08501715213060379,0.4776301681995392,0.7467053532600403,-0.07458572834730148,0.388821005821228,0.6968369483947754,-0.07257755100727081,0.4473499357700348,0.7218044996261597,-0.09384678304195404,0.4637210965156555,0.7589150071144104,-0.08395856618881226,0.4532150328159332,0.7686761021614075,-0.07352348417043686,accelerate
0.4971481263637543,0.8885691165924072,7.120269884808295e-08,0.5590730905532837,0.8332328796386719,-0.027612099424004555,0.59636390209198,0.7553932666778564,-0.05199127271771431,0.5893444418907166,0.6862735152244568,-0.07669290155172348,0.5559106469154358,0.635340690612793,-0.10029978305101395,0.5356045961380005,0.6070703268051147,-0.047822754830121994,0.5504369735717773,0.5063793659210205,-0.08355141431093216,0.5531502962112427,0.43578803539276123,-0.10727514326572418,0.5489388108253479,0.3710264563560486,-0.12598870694637299,0.47285112738609314,0.6083406805992126,-0.054372966289520264,0.5259084105491638,0.6181923151016235,-0.09783627837896347,0.5406445264816284,0.6809543967247009,-0.10936752706766129,0.5270010232925415,0.7043449878692627,-0.1144406870007515,0.42855045199394226,0.645176887512207,-0.06319553405046463,0.49813488125801086,0.6751785278320312,-0.10037042200565338,0.5067711472511292,0.7274378538131714,-0.09114628285169601,0.48654410243034363,0.7351945638656616,-0.08292198181152344,0.39757102727890015,0.6998911499977112,-0.07557319104671478,0.4635123014450073,0.7310137748718262,-0.10063127428293228,0.47785282135009766,0.7677289247512817,-0.0944189503788948,0.4626215398311615,0.7729479670524597,-0.08696894347667694,accelerate
0.5283766388893127,0.7876895666122437,5.354903578336234e-07,0.5819488167762756,0.7271219491958618,-0.0173774566501379,0.6151813268661499,0.6431607604026794,-0.031433526426553726,0.62481689453125,0.5706258416175842,-0.04884418845176697,0.6083930730819702,0.5118494629859924,-0.06405551731586456,0.577464759349823,0.5234796404838562,-0.020899072289466858,0.5919375419616699,0.410893976688385,-0.048698484897613525,0.5986503958702087,0.34290820360183716,-0.06156781688332558,0.5999864935874939,0.28453361988067627,-0.06730563938617706,0.5385398268699646,0.5248950123786926,-0.02954140119254589,0.573540985584259,0.455608069896698,-0.06399023532867432,0.5972549915313721,0.43270963430404663,-0.07319244742393494,0.6091562509536743,0.4071924686431885,-0.07182762026786804,0.5003600716590881,0.5456612706184387,-0.040946852415800095,0.5581378936767578,0.5480597615242004,-0.08232540637254715,0.5662369132041931,0.6198514103889465,-0.07629019767045975,0.5568804144859314,0.6623261570930481,-0.05929121375083923,0.4678284227848053,0.5838106870651245,-0.0540178120136261,0.5258591771125793,0.5930063724517822,-0.0770871713757515,0.5374998450279236,0.6432908773422241,-0.06575922667980194,0.5286941528320312,0.6726003885269165,-0.0493333674967289,accelerate
0.5286279916763306,0.7526596188545227,-6.094325755157115e-08,0.5885033011436462,0.691437304019928,-0.01337486132979393,0.620292603969574,0.6074911952018738,-0.029772063717246056,0.6312326192855835,0.5351990461349487,-0.050452377647161484,0.6136823296546936,0.48246654868125916,-0.06954403221607208,0.5669803023338318,0.4785044491291046,-0.024112822487950325,0.5832967758178711,0.3696730434894562,-0.0559123195707798,0.5916488766670227,0.3020590543746948,-0.07236927002668381,0.593392014503479,0.24271690845489502,-0.08367521315813065,0.5234223008155823,0.48338696360588074,-0.03651135042309761,0.5860000848770142,0.47666171193122864,-0.08262971043586731,0.5935784578323364,0.5495156645774841,-0.09034596383571625,0.5768347978591919,0.5845007300376892,-0.08718974888324738,0.49360644817352295,0.5125452280044556,-0.05102389305830002,0.5664440989494324,0.5387862324714661,-0.09491570293903351,0.5665726065635681,0.6069562435150146,-0.08573362231254578,0.5452176928520203,0.6271593570709229,-0.07087630778551102,0.4744064509868622,0.5563228726387024,-0.06730946898460388,0.5392484068870544,0.5862449407577515,-0.09464891254901886,0.5398298501968384,0.6291289925575256,-0.0881408229470253,0.5169793367385864,0.6362796425819397,-0.07747167348861694,accelerate
0.5037385821342468,0.7724114060401917,-2.7182847972540003e-08,0.5691117644309998,0.7055231332778931,-0.011521128937602043,0.6043451428413391,0.6257753372192383,-0.02992110885679722,0.6164799332618713,0.5635988712310791,-0.052984289824962616,0.5961390137672424,0.5167142152786255,-0.0753171518445015,0.5456210970878601,0.4896995425224304,-0.028682200238108635,0.5618115663528442,0.3848104476928711,-0.06027160957455635,0.5686635971069336,0.316451758146286,-0.07938023656606674,0.5696668028831482,0.25702187418937683,-0.09287715703248978,0.5016875267028809,0.5023194551467896,-0.04315592348575592,0.5716711282730103,0.5076029896736145,-0.08711297065019608,0.5809261798858643,0.5681329369544983,-0.09839293360710144,0.5663267970085144,0.6013634204864502,-0.09928373992443085,0.4735068678855896,0.5411235690116882,-0.05859368294477463,0.5594806671142578,0.5768618583679199,-0.09699473530054092,0.5623914003372192,0.6364761590957642,-0.08824235200881958,0.5436236262321472,0.6578900814056396,-0.07581666111946106,0.45867300033569336,0.5936097502708435,-0.07616481930017471,0.5357208847999573,0.628125786781311,-0.09866436570882797,0.5411677956581116,0.6722922325134277,-0.08966882526874542,0.5244444608688354,0.6869198679924011,-0.07789753377437592,accelerate
0.4595452547073364,0.8092896938323975,1.375045055596047e-08,0.540281355381012,0.7368237972259521,-0.006281579378992319,0.5807670950889587,0.6594145894050598,-0.024655206128954887,0.599609375,0.6059832572937012,-0.04921911656856537,0.5969927906990051,0.5604649782180786,-0.07331656664609909,0.5163556933403015,0.5231248736381531,-0.025885801762342453,0.5429970622062683,0.41773176193237305,-0.05823889374732971,0.552061915397644,0.34290841221809387,-0.07934967428445816,0.5490636825561523,0.2810207009315491,-0.09436166286468506,0.4770314395427704,0.5382416844367981,-0.04361910745501518,0.5595436692237854,0.5288444757461548,-0.08843454718589783,0.5767282247543335,0.5943319201469421,-0.09884954988956451,0.5634728670120239,0.6356906890869141,-0.09902691096067429,0.45479175448417664,0.5766905546188354,-0.062120117247104645,0.546191930770874,0.6050461530685425,-0.09820988774299622,0.5495687127113342,0.662082314491272,-0.08577932417392731,0.5292564034461975,0.6879839301109314,-0.07146552205085754,0.4460488557815552,0.627167820930481,-0.08282197266817093,0.5257523655891418,0.6566960215568542,-0.10081668198108673,0.5307052135467529,0.6992048621177673,-0.08810580521821976,0.5134285688400269,0.7173928618431091,-0.07516591995954514,accelerate
0.37683767080307007,0.8839079141616821,3.357770310685737e-07,0.4459115266799927,0.811644971370697,-0.019841710105538368,0.48739415407180786,0.730109691619873,-0.03807077184319496,0.5082428455352783,0.6712899208068848,-0.058435533195734024,0.5150736570358276,0.6242671608924866,-0.07893563061952591,0.3965282738208771,0.5909395813941956,-0.03855141997337341,0.4147285521030426,0.4991707503795624,-0.06918251514434814,0.42284613847732544,0.4304201006889343,-0.09275384992361069,0.4304482340812683,0.37382325530052185,-0.10997633635997772,0.35492831468582153,0.6104949712753296,-0.047752805054187775,0.4140998423099518,0.6005768775939941,-0.08379697799682617,0.4514942765235901,0.6211317181587219,-0.09984942525625229,0.47566092014312744,0.6438652873039246,-0.10883086174726486,0.32896631956100464,0.6599596738815308,-0.05841023847460747,0.3954673409461975,0.6682285070419312,-0.08869647979736328,0.43268153071403503,0.686215877532959,-0.08947082608938217,0.45620855689048767,0.7059464454650879,-0.08800031244754791,0.31647947430610657,0.7228186130523682,-0.07226074486970901,0.3777354955673218,0.7335134148597717,-0.09183624386787415,0.40919792652130127,0.7500886917114258,-0.09008238464593887,0.43077173829078674,0.7690768241882324,-0.08643648028373718,accelerate
0.24014054238796234,0.8547361493110657,1.5647231066395761e-07,0.29301437735557556,0.7950323224067688,-0.019435308873653412,0.3195943236351013,0.7091065049171448,-0.03340434283018112,0.30863913893699646,0.6482146382331848,-0.04971231892704964,0.26802393794059753,0.6203365921974182,-0.06578636914491653,0.2756488621234894,0.6091668009757996,-0.020565420389175415,0.29292941093444824,0.5018442869186401,-0.04899990186095238,0.3065040409564972,0.43825966119766235,-0.06555499881505966,0.31231120228767395,0.38351255655288696,-0.07614442706108093,0.23287545144557953,0.6228680610656738,-0.027760304510593414,0.2561335861682892,0.5873219966888428,-0.07422308623790741,0.2700698971748352,0.6498675346374512,-0.08936462551355362,0.2647026479244232,0.694716215133667,-0.08878198266029358,0.19832265377044678,0.6509347558021545,-0.03707033768296242,0.23558270931243896,0.646639883518219,-0.08161056786775589,0.2592596411705017,0.7026259303092957,-0.07863296568393707,0.25868669152259827,0.7301062941551208,-0.06516005098819733,0.172641322016716,0.688150942325592,-0.04783349856734276,0.21654054522514343,0.6856986284255981,-0.075508251786232,0.239772230386734,0.7254202961921692,-0.0689849928021431,0.2416706681251526,0.746568500995636,-0.056423500180244446,accelerate
0.1861882507801056,0.8329541683197021,1.6539743796784023e-07,0.23203183710575104,0.777103841304779,-0.024613162502646446,0.24949868023395538,0.6933654546737671,-0.03768027573823929,0.2249184399843216,0.6332651376724243,-0.05136233940720558,0.1861605942249298,0.5950424075126648,-0.06381706148386002,0.23519565165042877,0.5752677917480469,-0.014330143108963966,0.25230762362480164,0.47488629817962646,-0.0370120033621788,0.2627481520175934,0.4115569591522217,-0.0513932891190052,0.26677972078323364,0.35997524857521057,-0.061438530683517456,0.19284793734550476,0.5887393951416016,-0.017916562035679817,0.1966473013162613,0.5565909743309021,-0.05833066627383232,0.20583951473236084,0.6116083860397339,-0.07370506972074509,0.20745690166950226,0.6501928567886353,-0.0738738626241684,0.1559493988752365,0.6199483275413513,-0.02430257759988308,0.16638368368148804,0.6178050637245178,-0.06703702360391617,0.18520888686180115,0.6748735308647156,-0.06731647253036499,0.18953074514865875,0.702476441860199,-0.0556144043803215,0.12614303827285767,0.661104142665863,-0.03239821270108223,0.14557909965515137,0.659430742263794,-0.06269404292106628,0.16441932320594788,0.7021636366844177,-0.05904308706521988,0.1697138249874115,0.723712146282196,-0.04735221341252327,accelerate
0.12415751814842224,0.8128554821014404,1.4562914429916418e-07,0.16826382279396057,0.7453305125236511,-0.017195146530866623,0.17578968405723572,0.6536145806312561,-0.026728404685854912,0.14770178496837616,0.5921379923820496,-0.03864384815096855,0.10394375026226044,0.5627149343490601,-0.04977446049451828,0.16933327913284302,0.5395409464836121,-0.006487369071692228,0.18614622950553894,0.44017308950424194,-0.028021013364195824,0.1981789469718933,0.37856918573379517,-0.0420382060110569,0.20427797734737396,0.32751885056495667,-0.05211392045021057,0.12709571421146393,0.556595504283905,-0.01425245963037014,0.1286846399307251,0.5188384056091309,-0.052460458129644394,0.13440056145191193,0.5725683569908142,-0.06765444576740265,0.1324344128370285,0.6085050702095032,-0.06859051436185837,0.0880017876625061,0.5913594961166382,-0.024437278509140015,0.09975867718458176,0.5824740529060364,-0.06504478305578232,0.11633303016424179,0.6399284601211548,-0.06460995227098465,0.11649739742279053,0.6672430634498596,-0.05322863534092903,0.05517706274986267,0.6368566155433655,-0.03591419383883476,0.07482173293828964,0.6265986561775208,-0.06248077377676964,0.09104940295219421,0.6667049527168274,-0.05630325898528099,0.09111960232257843,0.687722384929657,-0.04399997368454933,accelerate
0.11537262052297592,0.8390692472457886,1.3986623059736303e-07,0.15593379735946655,0.7741767764091492,-0.025084711611270905,0.1613132357597351,0.6783468127250671,-0.03836209699511528,0.1320992112159729,0.6128965020179749,-0.05263594165444374,0.09219378232955933,0.5674992799758911,-0.06482404470443726,0.15915635228157043,0.5616884231567383,-0.014657342806458473,0.17011770606040955,0.45206958055496216,-0.04105771332979202,0.1804792582988739,0.3868555426597595,-0.05682587996125221,0.18336477875709534,0.3305284082889557,-0.06801194697618484,0.11397987604141235,0.5766233801841736,-0.02051672525703907,0.11124705523252487,0.5246937274932861,-0.06429953128099442,0.12140662968158722,0.5819488763809204,-0.07949699461460114,0.12277869135141373,0.6160174012184143,-0.07891888171434402,0.07392483949661255,0.6105233430862427,-0.029802566394209862,0.08019588142633438,0.598818838596344,-0.07535770535469055,0.09955897182226181,0.6610094308853149,-0.07345016300678253,0.10192390531301498,0.6844121813774109,-0.06020932272076607,0.04114581644535065,0.6552472710609436,-0.041141774505376816,0.0589071661233902,0.6521129608154297,-0.07126670330762863,0.07655083388090134,0.6950504183769226,-0.06532663106918335,0.07826445996761322,0.7095513343811035,-0.0528944656252861,accelerate
0.11722569167613983,0.8896744251251221,1.0636736647029466e-07,0.1572510302066803,0.8278475999832153,-0.029981816187500954,0.16043008863925934,0.7301447987556458,-0.047553565353155136,0.1196310892701149,0.6631631255149841,-0.06473715603351593,0.07502482831478119,0.6209668517112732,-0.07939933240413666,0.15049760043621063,0.6098282337188721,-0.025115977972745895,0.15913254022598267,0.4910573959350586,-0.0550590455532074,0.16703441739082336,0.4214809834957123,-0.0739445611834526,0.1665734350681305,0.3620525896549225,-0.0882411077618599,0.10036003589630127,0.6274741291999817,-0.030145836994051933,0.09453548491001129,0.5927901268005371,-0.07988768070936203,0.11021845787763596,0.6578689813613892,-0.09543977677822113,0.11291377246379852,0.6927537322044373,-0.09587492793798447,0.059809185564517975,0.6665387749671936,-0.038606397807598114,0.06497091054916382,0.653985321521759,-0.08849844336509705,0.09371502697467804,0.7171573042869568,-0.08340886980295181,0.10040439665317535,0.7411531209945679,-0.068901926279068,0.03040807694196701,0.7174761891365051,-0.04968970641493797,0.05089028179645538,0.7165783643722534,-0.08586056530475616,0.07326904684305191,0.762172520160675,-0.08028542250394821,0.07601335644721985,0.7764739990234375,-0.06773635745048523,accelerate
0.12554699182510376,0.9205477237701416,8.144144914012941e-08,0.16519080102443695,0.8543885946273804,-0.027689943090081215,0.1706438958644867,0.7556317448616028,-0.045114949345588684,0.13001395761966705,0.6868894100189209,-0.06327228993177414,0.07965631037950516,0.6484820246696472,-0.07905948907136917,0.1613319367170334,0.6342068910598755,-0.02136663720011711,0.167601078748703,0.5109869241714478,-0.04931194707751274,0.17515096068382263,0.4403270483016968,-0.06682662665843964,0.17526306211948395,0.3800617456436157,-0.08016256242990494,0.1112346425652504,0.6507806777954102,-0.02657860331237316,0.11638089269399643,0.6155909895896912,-0.07421780377626419,0.131814107298851,0.6808884739875793,-0.08902671933174133,0.13144473731517792,0.7180803418159485,-0.0892864391207695,0.06971810013055801,0.6872023344039917,-0.035035520792007446,0.08107709139585495,0.6710039377212524,-0.08207088708877563,0.10903649777173996,0.732414722442627,-0.07679127901792526,0.11297031491994858,0.7604740858078003,-0.06263046711683273,0.03712553530931473,0.7361257076263428,-0.04604284465312958,0.06385800987482071,0.7326496839523315,-0.07961048930883408,0.08586204797029495,0.7739788293838501,-0.07399339228868484,0.08647068589925766,0.7903679609298706,-0.061682216823101044,accelerate
0.14459620416164398,0.909130871295929,1.271623517595799e-07,0.1871875822544098,0.8404842019081116,-0.02382607012987137,0.19282817840576172,0.7440390586853027,-0.03863723948597908,0.15812265872955322,0.6797979474067688,-0.05506793409585953,0.11517411470413208,0.6392045617103577,-0.06913439929485321,0.18748721480369568,0.6229184865951538,-0.015116308815777302,0.19796627759933472,0.5064142942428589,-0.04052678495645523,0.20713844895362854,0.43637508153915405,-0.05749072879552841,0.20928660035133362,0.37857604026794434,-0.07063635438680649,0.13886728882789612,0.639514684677124,-0.022110523656010628,0.13755151629447937,0.5941011905670166,-0.0671992152929306,0.15110836923122406,0.6506696343421936,-0.0831594318151474,0.1543772965669632,0.6897122263908386,-0.08437744528055191,0.09715843200683594,0.6754282116889954,-0.03221195563673973,0.10403229296207428,0.6467273235321045,-0.07559508085250854,0.12873974442481995,0.7021352052688599,-0.071681447327137,0.13492938876152039,0.7330552935600281,-0.05908537283539772,0.0647587776184082,0.7240521907806396,-0.0449349582195282,0.09061110019683838,0.714855968952179,-0.07581327855587006,0.11021099984645844,0.7518187761306763,-0.07152050733566284,0.11298636347055435,0.7700998783111572,-0.06085650250315666,accelerate
0.18398120999336243,0.8880299925804138,1.4180331220359221e-07,0.22807185351848602,0.8162131309509277,-0.02352992631494999,0.23768730461597443,0.7227060794830322,-0.038209278136491776,0.20714296400547028,0.6584059596061707,-0.05470799282193184,0.168232724070549,0.6165193319320679,-0.06937292218208313,0.22285735607147217,0.5968001484870911,-0.014857529662549496,0.23640519380569458,0.48235487937927246,-0.040290284901857376,0.246013343334198,0.4117574095726013,-0.056785862892866135,0.24768276512622833,0.3529159724712372,-0.06867840886116028,0.17690996825695038,0.6135700941085815,-0.021094441413879395,0.1841265857219696,0.5692290663719177,-0.06448812782764435,0.19658397138118744,0.6300941109657288,-0.07976210862398148,0.19744998216629028,0.6725994944572449,-0.0799868255853653,0.13707810640335083,0.6487386226654053,-0.03023487702012062,0.15115584433078766,0.631251335144043,-0.07322727143764496,0.17143204808235168,0.6898300051689148,-0.06962592899799347,0.17365741729736328,0.7224715948104858,-0.056029949337244034,0.10504313558340073,0.6952622532844543,-0.041627153754234314,0.13137146830558777,0.6795874238014221,-0.07027337700128555,0.14911162853240967,0.7196532487869263,-0.06320672482252121,0.14969313144683838,0.7433772683143616,-0.04976898059248924,accelerate
0.19547055661678314,0.8605955839157104,4.5095779910298006e-07,0.2434690296649933,0.7909374237060547,-0.025711754336953163,0.26287218928337097,0.6938020586967468,-0.038814667612314224,0.23488235473632812,0.6260519623756409,-0.053708601742982864,0.19341784715652466,0.5818619132041931,-0.06594428420066833,0.2509956359863281,0.5595328211784363,-0.01311095617711544,0.27146655321121216,0.44506585597991943,-0.042115308344364166,0.28667449951171875,0.3724004626274109,-0.05975782498717308,0.29251378774642944,0.3128359019756317,-0.06983787566423416,0.19776257872581482,0.5673207640647888,-0.01905928924679756,0.1919948309659958,0.49461278319358826,-0.056323420256376266,0.18041272461414337,0.47113388776779175,-0.07390595972537994,0.15982647240161896,0.44755178689956665,-0.07735447585582733,0.15358467400074005,0.5988906025886536,-0.029269851744174957,0.1737774759531021,0.6054108738899231,-0.0725536048412323,0.19531941413879395,0.6593202948570251,-0.07559378445148468,0.19682498276233673,0.6865112781524658,-0.0639873519539833,0.11959828436374664,0.6445364356040955,-0.04232717677950859,0.1548350304365158,0.6641469597816467,-0.06921649724245071,0.17247848212718964,0.7017151713371277,-0.06586463749408722,0.17103493213653564,0.7177058458328247,-0.05427871271967888,accelerate
0.19250571727752686,0.8398070335388184,2.696076819574955e-07,0.24798235297203064,0.7774138450622559,-0.031162315979599953,0.2703382968902588,0.6760836839675903,-0.04614712670445442,0.24058455228805542,0.5966897010803223,-0.06174253672361374,0.1921079158782959,0.5505282282829285,-0.07546062767505646,0.2580413222312927,0.5416421294212341,-0.015568789094686508,0.27933579683303833,0.42112722992897034,-0.042868055403232574,0.2946583330631256,0.3491707444190979,-0.060029536485672,0.3022124171257019,0.28851860761642456,-0.07176367193460464,0.20657558739185333,0.5536286234855652,-0.019915197044610977,0.19623422622680664,0.482705295085907,-0.06245134398341179,0.19510671496391296,0.5041264295578003,-0.08100476861000061,0.18914952874183655,0.5168935656547546,-0.08365742117166519,0.16241486370563507,0.5893777012825012,-0.02830866537988186,0.16390594840049744,0.579193651676178,-0.07731304317712784,0.1872934252023697,0.6395699977874756,-0.07933338731527328,0.19503238797187805,0.6706809997558594,-0.06687601655721664,0.12678490579128265,0.637021005153656,-0.03914613649249077,0.1394026130437851,0.6340844035148621,-0.07366529107093811,0.1595601886510849,0.678794801235199,-0.06974948942661285,0.16550688445568085,0.7016962170600891,-0.05711013823747635,accelerate
0.14049293100833893,0.8388000726699829,1.8329303941300168e-07,0.20216098427772522,0.772633969783783,-0.028540516272187233,0.22353477776050568,0.6695504784584045,-0.04189151152968407,0.2007974088191986,0.5857117772102356,-0.05629771202802658,0.1613379567861557,0.5304468274116516,-0.06926298886537552,0.21587339043617249,0.530015230178833,-0.009125904180109501,0.24152053892612457,0.4155462086200714,-0.03569361940026283,0.2598946690559387,0.34360653162002563,-0.05389309674501419,0.27157124876976013,0.2827118933200836,-0.06693761795759201,0.16671347618103027,0.5407031774520874,-0.013842531479895115,0.16797803342342377,0.4621754586696625,-0.06020912528038025,0.1694660633802414,0.5220797061920166,-0.08040817081928253,0.16336221992969513,0.5693846940994263,-0.082142174243927,0.12234452366828918,0.5740267038345337,-0.022435365244746208,0.13213513791561127,0.5447970628738403,-0.07373243570327759,0.1471872329711914,0.6128283739089966,-0.07637053728103638,0.1465848982334137,0.6516616940498352,-0.06331457197666168,0.08519816398620605,0.6215541958808899,-0.03296665474772453,0.10759304463863373,0.5953609943389893,-0.06986188143491745,0.12666113674640656,0.6430654525756836,-0.06732179969549179,0.12939995527267456,0.6755578517913818,-0.05507887899875641,accelerate
0.08451306074857712,0.8783230185508728,2.3637419133137882e-07,0.14177724719047546,0.8068401217460632,-0.027778128162026405,0.15785875916481018,0.7051982283592224,-0.04204448312520981,0.12945306301116943,0.6291971206665039,-0.05836384743452072,0.09463192522525787,0.571977972984314,-0.0725688710808754,0.1684153974056244,0.568934977054596,-0.008600680157542229,0.19296954572200775,0.4465249180793762,-0.033501867204904556,0.21003466844558716,0.3706621825695038,-0.05251843109726906,0.22062477469444275,0.30761411786079407,-0.06654894351959229,0.1182536631822586,0.5776742100715637,-0.013891072943806648,0.1228373572230339,0.5208358764648438,-0.058109067380428314,0.1219547837972641,0.5665963292121887,-0.0786193236708641,0.11982013285160065,0.6024900078773499,-0.08209340274333954,0.070821613073349,0.6088836193084717,-0.022968634963035583,0.0766458660364151,0.5852669477462769,-0.06362690031528473,0.08671534806489944,0.6406005024909973,-0.06251204013824463,0.08908986300230026,0.6762293577194214,-0.050717733800411224,0.03166743367910385,0.6541357040405273,-0.035426732152700424,0.045682650059461594,0.6404281258583069,-0.05969440937042236,0.055118583142757416,0.677560567855835,-0.052219800651073456,0.05711665749549866,0.7039284110069275,-0.03900444507598877,accelerate
0.07971496880054474,0.9591679573059082,1.4125042469004256e-07,0.12618589401245117,0.8944025039672852,-0.03339040279388428,0.1398252695798874,0.793508768081665,-0.049440037459135056,0.11042235046625137,0.7121548056602478,-0.06522873789072037,0.06329823285341263,0.658124566078186,-0.07936155050992966,0.1469540148973465,0.6558483242988586,-0.017336774617433548,0.16374757885932922,0.5276296138763428,-0.04145274683833122,0.17612801492214203,0.4501264989376068,-0.058780524879693985,0.1820780634880066,0.38558486104011536,-0.0721319243311882,0.0980103388428688,0.6687206625938416,-0.01888815499842167,0.07720701396465302,0.6192076802253723,-0.06323898583650589,0.08290515094995499,0.6733177900314331,-0.08149291574954987,0.09085491299629211,0.7161528468132019,-0.08385088294744492,0.05481778085231781,0.7051032781600952,-0.024263227358460426,0.03772703930735588,0.6800705790519714,-0.07075881958007812,0.056978024542331696,0.7362902164459229,-0.0728893056511879,0.07017173618078232,0.775715708732605,-0.06253987550735474,0.021694757044315338,0.7540639638900757,-0.03251882642507553,0.019639234989881516,0.7407810091972351,-0.06835948675870895,0.03956500440835953,0.7865069508552551,-0.06708170473575592,0.05523202568292618,0.8212052583694458,-0.056453119963407516,accelerate
0.11204040795564651,0.9380130171775818,8.833846720790461e-08,0.1630750596523285,0.873130202293396,-0.023687118664383888,0.17789414525032043,0.7793090343475342,-0.03904593735933304,0.14683294296264648,0.7091019749641418,-0.055814988911151886,0.10420554131269455,0.6695518493652344,-0.07073051482439041,0.17894980311393738,0.6548565030097961,-0.017681965604424477,0.19726616144180298,0.5360233783721924,-0.04213922843337059,0.2114170789718628,0.4654120206832886,-0.05836887285113335,0.21709254384040833,0.40680205821990967,-0.0708920881152153,0.13004577159881592,0.6626721620559692,-0.02366720885038376,0.13956069946289062,0.6356763243675232,-0.06523676961660385,0.14519502222537994,0.6941521763801575,-0.07913488894701004,0.1408136934041977,0.7283263802528381,-0.08024955540895462,0.08650846034288406,0.6925936937332153,-0.03239648416638374,0.0990232601761818,0.6884524822235107,-0.07126890867948532,0.11520498991012573,0.7430846095085144,-0.06680648028850555,0.11588557064533234,0.7683705687522888,-0.05529498681426048,0.05049842596054077,0.7364259362220764,-0.04387800768017769,0.07420779764652252,0.7413085103034973,-0.07011169195175171,0.08985432237386703,0.7796266078948975,-0.06400522589683533,0.09102115035057068,0.7959619164466858,-0.05275285989046097,accelerate
0.20687834918498993,0.900423526763916,-1.735422472393111e-08,0.2512553632259369,0.8358114361763,-0.017659254372119904,0.2675033211708069,0.7517364025115967,-0.02947070822119713,0.2429068684577942,0.6939409971237183,-0.04383652284741402,0.20613762736320496,0.6601679921150208,-0.05777236074209213,0.24378249049186707,0.6408300995826721,-0.017194001004099846,0.2581709027290344,0.538623034954071,-0.038111522793769836,0.26390430331230164,0.478344202041626,-0.05111215263605118,0.26465195417404175,0.42680007219314575,-0.060758575797080994,0.20020459592342377,0.652556300163269,-0.0231600571423769,0.21719177067279816,0.6464509963989258,-0.0574694387614727,0.22654041647911072,0.6947436928749084,-0.06866014003753662,0.2239551991224289,0.72438645362854,-0.07004094123840332,0.16588492691516876,0.6838182806968689,-0.031019989401102066,0.18787884712219238,0.6940360069274902,-0.06393028050661087,0.2055969536304474,0.7415953874588013,-0.060789499431848526,0.20715980231761932,0.767803430557251,-0.05168415233492851,0.1404377520084381,0.7235219478607178,-0.040946636348962784,0.16790291666984558,0.7321837544441223,-0.06208191066980362,0.18713314831256866,0.7664749622344971,-0.05677204206585884,0.19102376699447632,0.7856265902519226,-0.0472700297832489,accelerate
0.22372129559516907,0.89461350440979,-6.8832464172885466e-09,0.26593217253685,0.838106632232666,-0.019670458510518074,0.283424973487854,0.7550256848335266,-0.034757450222969055,0.26299190521240234,0.6953862309455872,-0.05120500549674034,0.2291749119758606,0.6588530540466309,-0.06593197584152222,0.25958147644996643,0.6322948932647705,-0.02547728829085827,0.27437400817871094,0.5334386825561523,-0.05123547464609146,0.2824980914592743,0.47496360540390015,-0.06608755141496658,0.28334298729896545,0.4244946837425232,-0.07728934288024902,0.2119910717010498,0.6404615640640259,-0.0321757048368454,0.24025271832942963,0.6405209302902222,-0.07156987488269806,0.2520899474620819,0.6934701800346375,-0.08266723901033401,0.24560441076755524,0.7180311679840088,-0.08360069990158081,0.17747874557971954,0.6722360849380493,-0.04089820012450218,0.21494203805923462,0.7003698348999023,-0.0768236592411995,0.2319897711277008,0.7494475245475769,-0.07266932725906372,0.2267831265926361,0.7628262042999268,-0.06350253522396088,0.1559155285358429,0.7155278921127319,-0.05210272595286369,0.1989903301000595,0.7514536380767822,-0.07480491697788239,0.21164150536060333,0.7849183082580566,-0.07158584892749786,0.20233452320098877,0.7873930931091309,-0.06417671591043472,accelerate
0.22040756046772003,0.9124557375907898,5.4494748269462434e-08,0.26329413056373596,0.8564457893371582,-0.020967833697795868,0.2808382511138916,0.7735859751701355,-0.03690724074840546,0.26074841618537903,0.7117134928703308,-0.05417610704898834,0.2260063737630844,0.6745355725288391,-0.06980033218860626,0.25661197304725647,0.6457688212394714,-0.02765459381043911,0.2696491479873657,0.5405445098876953,-0.053769540041685104,0.27643221616744995,0.47957998514175415,-0.06869333237409592,0.27682626247406006,0.42726168036460876,-0.07953013479709625,0.2090456634759903,0.654494047164917,-0.03431097790598869,0.23192185163497925,0.6462839841842651,-0.07333368808031082,0.24383050203323364,0.6941794753074646,-0.0847630649805069,0.23968008160591125,0.7178630828857422,-0.08572772890329361,0.1732860803604126,0.685860276222229,-0.04298711195588112,0.20733223855495453,0.7127891778945923,-0.07903309911489487,0.2262677252292633,0.7624808549880981,-0.075107641518116,0.22412404417991638,0.7799069881439209,-0.06557797640562057,0.1502532660961151,0.7286653518676758,-0.05425771698355675,0.19131147861480713,0.761157214641571,-0.07661310583353043,0.20575867593288422,0.7974252700805664,-0.07219310849905014,0.20017008483409882,0.8068678379058838,-0.063571497797966,accelerate
0.2048768699169159,0.9213468432426453,2.5927766600375435e-08,0.25117021799087524,0.8636853098869324,-0.019963031634688377,0.2664033770561218,0.774575412273407,-0.035218022763729095,0.24052691459655762,0.7121875286102295,-0.05201072245836258,0.20251032710075378,0.680628776550293,-0.06745563447475433,0.23955203592777252,0.644383430480957,-0.02770499885082245,0.2542111873626709,0.5351166725158691,-0.053335435688495636,0.2625897526741028,0.4716572165489197,-0.06899633258581161,0.2627531886100769,0.4161262512207031,-0.08164095133543015,0.18932053446769714,0.6553311944007874,-0.03555291146039963,0.21681012213230133,0.6554940342903137,-0.07506918907165527,0.23103317618370056,0.7098934650421143,-0.0867999792098999,0.22416917979717255,0.7332204580307007,-0.08927244693040848,0.15315918624401093,0.6923765540122986,-0.04524589329957962,0.18957705795764923,0.7175430655479431,-0.08153562992811203,0.21081088483333588,0.7682880163192749,-0.07700240612030029,0.20609882473945618,0.7837281823158264,-0.06857333332300186,0.13070636987686157,0.7412190437316895,-0.0574989840388298,0.17542800307273865,0.773529052734375,-0.08157389611005783,0.190770223736763,0.8085346817970276,-0.07788991928100586,0.18190598487854004,0.8150414228439331,-0.07055362313985825,accelerate
0.1972510665655136,0.9432260990142822,4.418232535385869e-08,0.24454498291015625,0.8776682019233704,-0.018678797408938408,0.2573966085910797,0.7863343954086304,-0.03336441144347191,0.23358923196792603,0.7294015884399414,-0.05031672492623329,0.198618546128273,0.6987009048461914,-0.06598496437072754,0.23011921346187592,0.6517145037651062,-0.024174531921744347,0.24671658873558044,0.5409569144248962,-0.049643754959106445,0.2552669048309326,0.4741532504558563,-0.06596934795379639,0.2560638189315796,0.4172288477420807,-0.07872804999351501,0.18056268990039825,0.6644136309623718,-0.03298909589648247,0.20863793790340424,0.6577330827713013,-0.07290332764387131,0.22396031022071838,0.7120776176452637,-0.0853147879242897,0.21833977103233337,0.7404897809028625,-0.0875367522239685,0.14299118518829346,0.7021388411521912,-0.04370506480336189,0.18175071477890015,0.7158568501472473,-0.07988057285547256,0.20415820181369781,0.767326831817627,-0.07512271404266357,0.2007588893175125,0.787367582321167,-0.065867118537426,0.11892790347337723,0.7531290054321289,-0.05704308673739433,0.1673535257577896,0.7727296948432922,-0.08087363839149475,0.18470558524131775,0.8096122145652771,-0.07595322281122208,0.17810773849487305,0.822121798992157,-0.06719201803207397,accelerate
0.11809875816106796,1.0579358339309692,1.6246066536496073e-07,0.17377135157585144,1.0025205612182617,-0.038812581449747086,0.19251537322998047,0.9144285917282104,-0.06291321665048599,0.15202412009239197,0.8540103435516357,-0.08670084923505783,0.10308139026165009,0.8136316537857056,-0.10927378386259079,0.1761537492275238,0.747731626033783,-0.03619677200913429,0.1882341355085373,0.6083281636238098,-0.06985404342412949,0.19788452982902527,0.520305871963501,-0.09339993447065353,0.2018025815486908,0.45022261142730713,-0.11068777740001678,0.1239854171872139,0.7643983960151672,-0.03862195834517479,0.1336337924003601,0.744994044303894,-0.09418521821498871,0.1406487077474594,0.820295512676239,-0.11488529294729233,0.13853155076503754,0.8675400018692017,-0.11867113411426544,0.07942244410514832,0.8069502115249634,-0.04481156915426254,0.08924145996570587,0.7967873811721802,-0.09738495200872421,0.10247907042503357,0.8620204925537109,-0.09392057359218597,0.10270082205533981,0.8960474729537964,-0.08001255244016647,0.041602909564971924,0.8631306290626526,-0.05445904657244682,0.06198988854885101,0.8433035612106323,-0.09089627861976624,0.0777791291475296,0.8885830044746399,-0.08292520046234131,0.08091752231121063,0.9175931811332703,-0.06761408597230911,accelerate
0.07785218209028244,1.0717756748199463,2.4120282660078374e-07,0.12911826372146606,1.0315449237823486,-0.061124205589294434,0.14291523396968842,0.9502187967300415,-0.0931645855307579,0.08258094638586044,0.8908331990242004,-0.11896037310361862,0.032752878963947296,0.8447051048278809,-0.14123493432998657,0.13612401485443115,0.7710970640182495,-0.06327437609434128,0.1419462412595749,0.6076744198799133,-0.10562920570373535,0.1466352790594101,0.5081495046615601,-0.13136273622512817,0.14961686730384827,0.430230051279068,-0.14751392602920532,0.08391537517309189,0.7874818444252014,-0.054162219166755676,0.07487034797668457,0.7646557092666626,-0.12095719575881958,0.07949092984199524,0.8463132381439209,-0.1417967677116394,0.0905236229300499,0.8967716693878174,-0.14030256867408752,0.03731052577495575,0.8217528462409973,-0.05039239674806595,0.024073276668787003,0.8255132436752319,-0.110049769282341,0.03509140759706497,0.8963546752929688,-0.10671226680278778,0.047936778515577316,0.9263496398925781,-0.08827756345272064,-0.0014459937810897827,0.8653765320777893,-0.05168868601322174,-0.009527534246444702,0.8621839880943298,-0.08905181288719177,0.0037479624152183533,0.9112837314605713,-0.07960779964923859,0.015947386622428894,0.9363374710083008,-0.06022927537560463,accelerate
0.09785635769367218,1.0440289974212646,2.6678404196900374e-07,0.1250031739473343,0.9943391680717468,-0.06840217858552933,0.11633411049842834,0.9196079969406128,-0.10514223575592041,0.07119252532720566,0.8573116064071655,-0.1359805017709732,0.040468182414770126,0.7871026992797852,-0.16394266486167908,0.11370693147182465,0.7438100576400757,-0.06517107784748077,0.11426584422588348,0.5864686369895935,-0.11389598250389099,0.11652004718780518,0.4859008491039276,-0.14429987967014313,0.11580000817775726,0.40538525581359863,-0.16272345185279846,0.07336203008890152,0.7689379453659058,-0.0509774386882782,0.04655173420906067,0.7511414289474487,-0.12310042977333069,0.06277124583721161,0.8349656462669373,-0.14524640142917633,0.08196982741355896,0.8804334998130798,-0.14307156205177307,0.03678470849990845,0.8088361024856567,-0.04336785525083542,0.01109006255865097,0.8206034302711487,-0.10855362564325333,0.03689838945865631,0.887048065662384,-0.10504872351884842,0.05789243057370186,0.9162768125534058,-0.08415134251117706,0.008523553609848022,0.8545019030570984,-0.04147357866168022,-0.009113281965255737,0.858257532119751,-0.08611523360013962,0.013307541608810425,0.9099141955375671,-0.0792478397488594,0.0324968621134758,0.9387741088867188,-0.05920007824897766,accelerate
0.11751213669776917,1.0349479913711548,2.407352042155253e-07,0.15124212205410004,0.9868971109390259,-0.06767255067825317,0.1433534324169159,0.9127041101455688,-0.1059524193406105,0.08460687100887299,0.856281042098999,-0.13731609284877777,0.034954462200403214,0.8036973476409912,-0.1662568598985672,0.12560655176639557,0.7305007576942444,-0.07084528356790543,0.1264778971672058,0.5720677375793457,-0.11657120287418365,0.12697407603263855,0.4712792932987213,-0.14542557299137115,0.12449781596660614,0.39079684019088745,-0.16363583505153656,0.0843084529042244,0.7524122595787048,-0.056824833154678345,0.053296491503715515,0.7445348501205444,-0.12365181744098663,0.06513255834579468,0.8291672468185425,-0.14206714928150177,0.08411930501461029,0.8757937550544739,-0.13923797011375427,0.04846467822790146,0.7944628596305847,-0.04861149936914444,0.020259860903024673,0.8070642948150635,-0.1074729785323143,0.040714435279369354,0.8738223910331726,-0.09971452504396439,0.060417331755161285,0.9037401676177979,-0.07863149791955948,0.021998882293701172,0.8430537581443787,-0.04617103934288025,0.0010797083377838135,0.847698450088501,-0.08512628823518753,0.02047840878367424,0.8986480236053467,-0.07404791563749313,0.03920537605881691,0.9275145530700684,-0.052564527839422226,accelerate
0.15212857723236084,1.0709187984466553,1.336472479351869e-07,0.21521390974521637,0.9955657720565796,-0.04073697328567505,0.24080348014831543,0.9102438688278198,-0.07150154560804367,0.19899418950080872,0.8478331565856934,-0.10234954953193665,0.1532672494649887,0.7931777238845825,-0.13224861025810242,0.2008512318134308,0.7094478011131287,-0.05019265413284302,0.21189051866531372,0.5608910918235779,-0.08877725899219513,0.2170676290988922,0.4656364619731903,-0.11625821143388748,0.2177371233701706,0.3900521397590637,-0.13590717315673828,0.13588671386241913,0.729957103729248,-0.05343486741185188,0.1552489548921585,0.7366853952407837,-0.11554940789937973,0.16538169980049133,0.8154581785202026,-0.1408192366361618,0.1608750820159912,0.8710055351257324,-0.1466803401708603,0.08584950119256973,0.7832851409912109,-0.059294868260622025,0.113548144698143,0.805757999420166,-0.1113007441163063,0.1358729600906372,0.8669559955596924,-0.10824684798717499,0.13855989277362823,0.9070802330970764,-0.09450843185186386,0.046033311635255814,0.8516467809677124,-0.06921320408582687,0.08399779349565506,0.854488730430603,-0.10224655270576477,0.11084102839231491,0.888767421245575,-0.09448758512735367,0.12086352705955505,0.9121279716491699,-0.07863110303878784,accelerate
0.1984570473432541,0.9521656632423401,3.4897925615950953e-07,0.21337054669857025,0.8637551069259644,-0.027029016986489296,0.21598321199417114,0.7665208578109741,-0.043750565499067307,0.22459739446640015,0.7024532556533813,-0.06219134107232094,0.22890223562717438,0.6555899381637573,-0.07864036411046982,0.2449103742837906,0.6152766942977905,-0.01604137197136879,0.2589840292930603,0.48871660232543945,-0.03673253580927849,0.26436853408813477,0.4079449474811554,-0.05267560854554176,0.26582974195480347,0.34183263778686523,-0.0648694708943367,0.22380727529525757,0.653645932674408,-0.022525347769260406,0.23042505979537964,0.5717098712921143,-0.053926605731248856,0.22843718528747559,0.5847092270851135,-0.06836146116256714,0.22138279676437378,0.6053312420845032,-0.07187631726264954,0.20048420131206512,0.7032155990600586,-0.03270754963159561,0.20912034809589386,0.6684637665748596,-0.06756450980901718,0.2105863392353058,0.7099937796592712,-0.06907576322555542,0.2052067518234253,0.7435962557792664,-0.061632223427295685,0.17963601648807526,0.7582818269729614,-0.04600978642702103,0.19166624546051025,0.7455931901931763,-0.06939341127872467,0.19757892191410065,0.7790510058403015,-0.06513536721467972,0.19997568428516388,0.8071181774139404,-0.05591927468776703,accelerate
0.25903600454330444,0.8641582727432251,5.173901129751357e-08,0.3067658543586731,0.7867165803909302,-0.017066044732928276,0.3230344355106354,0.6885343194007874,-0.02879679761826992,0.29832565784454346,0.6243179440498352,-0.04421777278184891,0.25621479749679565,0.5925464034080505,-0.058588333427906036,0.28672847151756287,0.5618330836296082,-0.01571221463382244,0.2962874174118042,0.44656527042388916,-0.04009588807821274,0.2999107539653778,0.37842926383018494,-0.05405072122812271,0.2980104684829712,0.3213459849357605,-0.06370919942855835,0.23845072090625763,0.5798479914665222,-0.024356428533792496,0.2521570324897766,0.5634474754333496,-0.06348063051700592,0.26728183031082153,0.5992985367774963,-0.0770249143242836,0.2689857482910156,0.6244086623191833,-0.07832685858011246,0.20312517881393433,0.6183634400367737,-0.03506868705153465,0.2375754714012146,0.6411749124526978,-0.07337801903486252,0.26275497674942017,0.6920458078384399,-0.0715646892786026,0.26593828201293945,0.7211607694625854,-0.06105931103229523,0.18169420957565308,0.6660951375961304,-0.04808983951807022,0.22614994645118713,0.6898103356361389,-0.07193221151828766,0.2442057728767395,0.7289350628852844,-0.06754665076732635,0.24166345596313477,0.750082790851593,-0.05739191919565201,accelerate
0.2759521007537842,0.8082109689712524,6.561355547773928e-08,0.3185431659221649,0.7469238042831421,-0.0182611346244812,0.33264073729515076,0.6554436087608337,-0.030548248440027237,0.30947527289390564,0.595625638961792,-0.04513636976480484,0.27125176787376404,0.5621896982192993,-0.058470286428928375,0.2982063889503479,0.5337978005409241,-0.01787170022726059,0.3108668029308319,0.431207537651062,-0.04107994586229324,0.31613898277282715,0.36941224336624146,-0.05450579896569252,0.31475529074668884,0.31676873564720154,-0.06456953287124634,0.25289347767829895,0.5492312908172607,-0.02577121928334236,0.2714367210865021,0.5316131711006165,-0.06293580681085587,0.2883077561855316,0.5744134783744812,-0.07510902732610703,0.28847143054008484,0.5980295538902283,-0.07636437565088272,0.21958859264850616,0.5867328643798828,-0.03574349731206894,0.25599777698516846,0.5965771079063416,-0.07363256067037582,0.27944058179855347,0.6486310958862305,-0.07022212445735931,0.27897268533706665,0.6708531379699707,-0.05966893583536148,0.19877249002456665,0.6350603699684143,-0.04769332334399223,0.24391746520996094,0.6498223543167114,-0.07167748361825943,0.2623838782310486,0.6864495277404785,-0.06647659838199615,0.25813740491867065,0.7000418305397034,-0.05664169788360596,accelerate
0.2887074053287506,0.7946176528930664,-2.273205801373024e-08,0.3303232491016388,0.7350249290466309,-0.016152972355484962,0.34406131505966187,0.6469878554344177,-0.028428824618458748,0.3218590021133423,0.5873497724533081,-0.04309720918536186,0.2852597236633301,0.5531095266342163,-0.056560300290584564,0.30669260025024414,0.5348677635192871,-0.01938994973897934,0.3182923197746277,0.4364892840385437,-0.041342563927173615,0.3243536055088043,0.37690699100494385,-0.053973376750946045,0.3243967294692993,0.32577893137931824,-0.06406830251216888,0.2622218132019043,0.5460084080696106,-0.02665228396654129,0.2968449592590332,0.5474830865859985,-0.06124896928668022,0.3133203387260437,0.600068211555481,-0.07040070742368698,0.3083859086036682,0.6261751055717468,-0.07142914086580276,0.2308393120765686,0.581226646900177,-0.03566746786236763,0.2712770998477936,0.5947192311286926,-0.06934003531932831,0.2908269166946411,0.6441778540611267,-0.06397165358066559,0.2857031226158142,0.6623756885528564,-0.054674286395311356,0.21141326427459717,0.6263534426689148,-0.046595316380262375,0.25682806968688965,0.6436471939086914,-0.0683574378490448,0.2726379930973053,0.675845742225647,-0.06362412869930267,0.26418906450271606,0.6842378377914429,-0.055562157183885574,accelerate
0.30521857738494873,0.7698511481285095,4.3795424176096276e-08,0.3466554582118988,0.7154487371444702,-0.01705416478216648,0.36243605613708496,0.6367173790931702,-0.028597451746463776,0.3438285291194916,0.5815868973731995,-0.042094141244888306,0.30805322527885437,0.5522478818893433,-0.05465437099337578,0.32828405499458313,0.526547372341156,-0.017404751852154732,0.3343295753002167,0.4317207336425781,-0.03877636045217514,0.33874666690826416,0.37451350688934326,-0.05150851979851723,0.33662766218185425,0.3256882131099701,-0.06120835617184639,0.28859689831733704,0.5405662655830383,-0.023911861702799797,0.3082900941371918,0.5250353217124939,-0.05837644636631012,0.32438895106315613,0.572522759437561,-0.06987620145082474,0.3228447437286377,0.600482702255249,-0.07129416614770889,0.25916391611099243,0.5745072960853577,-0.03219899162650108,0.2868419587612152,0.5844829082489014,-0.06690182536840439,0.3080267310142517,0.6313954591751099,-0.06425627321004868,0.3079695999622345,0.6506804823875427,-0.05516878515481949,0.2388952076435089,0.6179114580154419,-0.04210756719112396,0.27144569158554077,0.6282421350479126,-0.06506846845149994,0.29083508253097534,0.6583728194236755,-0.060742445290088654,0.2911205589771271,0.6685605049133301,-0.05204187333583832,accelerate
0.30531492829322815,0.7524076104164124,3.2271294969632436e-08,0.3443552851676941,0.7000796794891357,-0.018255919218063354,0.35803401470184326,0.6211751103401184,-0.02943488396704197,0.3425748348236084,0.5656635761260986,-0.04236900061368942,0.3117166757583618,0.5303847193717957,-0.054374173283576965,0.3272303342819214,0.5160439014434814,-0.01567765325307846,0.3333408832550049,0.4226524233818054,-0.03862382099032402,0.33831387758255005,0.3662108778953552,-0.05207466706633568,0.33619675040245056,0.3193177282810211,-0.06149226427078247,0.2891349196434021,0.5300323367118835,-0.02163510024547577,0.3006412088871002,0.501989483833313,-0.05990210920572281,0.3179640769958496,0.5573742389678955,-0.07135297358036041,0.3188783824443817,0.5941606760025024,-0.07051825523376465,0.25997376441955566,0.5614213943481445,-0.029895953834056854,0.282237708568573,0.5580009818077087,-0.06714673340320587,0.30409127473831177,0.6096022725105286,-0.062920480966568,0.3052051067352295,0.6339050531387329,-0.05105767399072647,0.2394925057888031,0.6029136180877686,-0.0398375503718853,0.2688677906990051,0.6061881184577942,-0.0635722354054451,0.2879098951816559,0.638752818107605,-0.058165088295936584,0.2879347801208496,0.6516581773757935,-0.04794521629810333,accelerate
0.302599161863327,0.7348397970199585,2.6876321612689935e-08,0.34419965744018555,0.6825911402702332,-0.01991492323577404,0.35935819149017334,0.6044664978981018,-0.03081534244120121,0.34511950612068176,0.5448434948921204,-0.0429704375565052,0.31678688526153564,0.5053906440734863,-0.05424351245164871,0.33101919293403625,0.5090009570121765,-0.019255278632044792,0.3367949426174164,0.41350823640823364,-0.04160085693001747,0.3408161699771881,0.35651788115501404,-0.053516313433647156,0.3375835120677948,0.307678759098053,-0.06160963699221611,0.29358795285224915,0.5211391448974609,-0.023526668548583984,0.30598685145378113,0.48773524165153503,-0.06076021492481232,0.3207031488418579,0.5405463576316833,-0.07071951776742935,0.32029813528060913,0.57746821641922,-0.06879731267690659,0.2641845941543579,0.5486988425254822,-0.030012238770723343,0.289293110370636,0.5409409999847412,-0.0674675926566124,0.3073408305644989,0.5944727063179016,-0.06306270509958267,0.3064896762371063,0.622759997844696,-0.05043243616819382,0.24180717766284943,0.5854883790016174,-0.03822466358542442,0.2714971899986267,0.5853094458580017,-0.06310760229825974,0.2911986708641052,0.6165353059768677,-0.058704353868961334,0.29399731755256653,0.6310460567474365,-0.04867084324359894,accelerate
0.29172438383102417,0.7331019639968872,-1.555953410559141e-08,0.3310437798500061,0.6832974553108215,-0.01845918968319893,0.3449438810348511,0.6016640067100525,-0.027417710050940514,0.33058035373687744,0.5408776998519897,-0.03723706305027008,0.3031323552131653,0.5038875341415405,-0.046017955988645554,0.31606948375701904,0.5149174928665161,-0.016973178833723068,0.322273850440979,0.42594075202941895,-0.03763043135404587,0.3269523084163666,0.37146803736686707,-0.04868772253394127,0.3242875933647156,0.3264003396034241,-0.05655035376548767,0.27847039699554443,0.5254181027412415,-0.020623721182346344,0.291742205619812,0.5025758743286133,-0.05564503371715546,0.30685412883758545,0.55768221616745,-0.06346835941076279,0.30538618564605713,0.5925759077072144,-0.0610278882086277,0.25024929642677307,0.552257239818573,-0.026621436700224876,0.27354690432548523,0.5503994822502136,-0.0615849643945694,0.2926430106163025,0.5999491214752197,-0.05620246380567551,0.29235172271728516,0.6232485771179199,-0.04417545348405838,0.22975701093673706,0.5876771211624146,-0.03433473780751228,0.25836825370788574,0.5904335975646973,-0.05783286690711975,0.2771890163421631,0.6183668375015259,-0.05378415808081627,0.2781270742416382,0.6283701658248901,-0.044862110167741776,accelerate
0.27500709891319275,0.732466995716095,-4.205478276730901e-08,0.3151452839374542,0.6802577972412109,-0.01342205610126257,0.33043140172958374,0.6015893220901489,-0.022489966824650764,0.31864678859710693,0.5434931516647339,-0.033711668103933334,0.2917892634868622,0.5094497203826904,-0.04462258890271187,0.29196566343307495,0.5126696825027466,-0.01641056127846241,0.3043558895587921,0.42734816670417786,-0.036750663071870804,0.31065818667411804,0.372933030128479,-0.04860521852970123,0.3099217414855957,0.32677942514419556,-0.05730893462896347,0.25432029366493225,0.5198938250541687,-0.02223278023302555,0.2861763834953308,0.518950343132019,-0.05368385836482048,0.2974068522453308,0.5739765167236328,-0.06123170256614685,0.28907668590545654,0.6018637418746948,-0.06100643053650856,0.2280430793762207,0.5472476482391357,-0.029565365985035896,0.2650817036628723,0.5549782514572144,-0.061348870396614075,0.27876171469688416,0.605410635471344,-0.0551164411008358,0.27359262108802795,0.625874936580658,-0.04453849047422409,0.21023018658161163,0.5837334394454956,-0.03824464976787567,0.2472817450761795,0.5898281931877136,-0.05952933430671692,0.2648587226867676,0.6207597851753235,-0.053531188517808914,0.2646617293357849,0.6333050727844238,-0.04396286979317665,accelerate
0.24879199266433716,0.7453980445861816,-1.7154414777564853e-08,0.287473201751709,0.6992624402046204,-0.015419157221913338,0.30013447999954224,0.6155133247375488,-0.023541467264294624,0.2843405604362488,0.5549079179763794,-0.03272896260023117,0.2546902298927307,0.5241189002990723,-0.04096837714314461,0.2742735743522644,0.536616861820221,-0.015414474532008171,0.2822599709033966,0.44893157482147217,-0.03484417498111725,0.28774914145469666,0.3977237343788147,-0.04486358165740967,0.28495264053344727,0.35396987199783325,-0.0528324618935585,0.23712004721164703,0.5477036237716675,-0.020614678040146828,0.25404611229896545,0.5263084173202515,-0.052767831832170486,0.2685815989971161,0.5810837149620056,-0.05909797549247742,0.2629871666431427,0.6062078475952148,-0.05758296325802803,0.20913058519363403,0.5748602151870728,-0.02787077985703945,0.23509418964385986,0.5703659057617188,-0.06074938178062439,0.25260597467422485,0.6206514835357666,-0.05402081459760666,0.24704492092132568,0.6360085010528564,-0.0431942492723465,0.1889067441225052,0.610561728477478,-0.03651558980345726,0.2192004770040512,0.6131059527397156,-0.05858558043837547,0.232839897274971,0.6439771056175232,-0.05325377732515335,0.22603587806224823,0.6504814624786377,-0.045002687722444534,accelerate
0.2292623668909073,0.757401168346405,-4.664001185261668e-09,0.266391396522522,0.710710883140564,-0.015706492587924004,0.2769487798213959,0.631118893623352,-0.025162747129797935,0.25617584586143494,0.5735310912132263,-0.035924334079027176,0.2217845916748047,0.5465134382247925,-0.045768771320581436,0.2536962032318115,0.5428104400634766,-0.016081102192401886,0.26035386323928833,0.45331865549087524,-0.035236816853284836,0.2649710178375244,0.40172597765922546,-0.045998502522706985,0.2627568542957306,0.35748881101608276,-0.054754577577114105,0.2161237895488739,0.5547332167625427,-0.021499477326869965,0.23122891783714294,0.5424882769584656,-0.053299859166145325,0.2437552809715271,0.5926566123962402,-0.061627138406038284,0.2395213544368744,0.6153885126113892,-0.06179407238960266,0.18823657929897308,0.5843674540519714,-0.0287364199757576,0.21049512922763824,0.5879590511322021,-0.06042768061161041,0.22876697778701782,0.6335031986236572,-0.05534770339727402,0.22612151503562927,0.6473069190979004,-0.046072524040937424,0.16871124505996704,0.6226710081100464,-0.037449661642313004,0.19516977667808533,0.6275430917739868,-0.05889180302619934,0.2098662555217743,0.6556317806243896,-0.05398550257086754,0.20658080279827118,0.6611649990081787,-0.04590447247028351,accelerate
0.2156463861465454,0.7522377967834473,2.508066998530012e-08,0.25566229224205017,0.7036837339401245,-0.0156952403485775,0.26539328694343567,0.6224451065063477,-0.02399814873933792,0.24198268353939056,0.5667529702186584,-0.033824626356363297,0.2052089273929596,0.5412288308143616,-0.04275435581803322,0.24525219202041626,0.5340694785118103,-0.009512839838862419,0.2483578473329544,0.44500941038131714,-0.026627952232956886,0.2530653774738312,0.3928835391998291,-0.036612916737794876,0.2502886652946472,0.3492259383201599,-0.044760655611753464,0.2080979347229004,0.5486766695976257,-0.015434150584042072,0.21552212536334991,0.5203294157981873,-0.04695569723844528,0.23001360893249512,0.5675314664840698,-0.05684499815106392,0.22663238644599915,0.5945971012115479,-0.056536026298999786,0.17949455976486206,0.5799611806869507,-0.02340875007212162,0.195806086063385,0.5741487741470337,-0.05729760229587555,0.21697039902210236,0.6216842532157898,-0.05468592420220375,0.21483801305294037,0.6397604942321777,-0.044802095741033554,0.15711182355880737,0.6191306114196777,-0.03245178982615471,0.17885589599609375,0.6156728267669678,-0.0556887686252594,0.19535642862319946,0.644766092300415,-0.05112171173095703,0.19264571368694305,0.6529808044433594,-0.04222022742033005,accelerate
0.2059210240840912,0.7607002854347229,1.957011974695888e-08,0.23965512216091156,0.7102465629577637,-0.015950655564665794,0.2443634271621704,0.6316722631454468,-0.025738099589943886,0.22189421951770782,0.579570472240448,-0.036996323615312576,0.19114619493484497,0.5474953651428223,-0.047043025493621826,0.22215944528579712,0.5414389967918396,-0.013855138793587685,0.22647295892238617,0.4521503448486328,-0.03316301479935646,0.23143057525157928,0.40058058500289917,-0.044669315218925476,0.22973942756652832,0.35631585121154785,-0.05377637967467308,0.18675823509693146,0.5563237071037292,-0.019744277000427246,0.19905811548233032,0.5381089448928833,-0.05248741805553436,0.21103356778621674,0.587419867515564,-0.06221724674105644,0.20645533502101898,0.6104021668434143,-0.0626446008682251,0.15887755155563354,0.5879715085029602,-0.0276645477861166,0.17646533250808716,0.5865091681480408,-0.06127963215112686,0.19591058790683746,0.6338328719139099,-0.05718741938471794,0.19443809986114502,0.6482872366905212,-0.04739229008555412,0.13809484243392944,0.6272659301757812,-0.036913830786943436,0.160788893699646,0.6254981756210327,-0.0594034418463707,0.17666426301002502,0.6545348763465881,-0.05395416542887688,0.17463049292564392,0.6608758568763733,-0.04495131969451904,accelerate
0.19556935131549835,0.7809034585952759,2.361779216641935e-09,0.2299373298883438,0.728119432926178,-0.015432896092534065,0.2333431988954544,0.6485981345176697,-0.025904886424541473,0.20889601111412048,0.5921692848205566,-0.03795437514781952,0.17350360751152039,0.5662454962730408,-0.048841442912817,0.2136993259191513,0.5620200037956238,-0.018308043479919434,0.2160922735929489,0.4667332172393799,-0.03918423503637314,0.2178543508052826,0.4122883677482605,-0.05034970864653587,0.21308347582817078,0.36656123399734497,-0.05878940969705582,0.17666447162628174,0.574793815612793,-0.024076830595731735,0.19124314188957214,0.5602575540542603,-0.058451488614082336,0.2043461799621582,0.6058987975120544,-0.06648070365190506,0.20199520885944366,0.6307163834571838,-0.06542367488145828,0.14770016074180603,0.6037891507148743,-0.031621452420949936,0.1703556776046753,0.6112368106842041,-0.06453118473291397,0.18958309292793274,0.6569722294807434,-0.05889793857932091,0.18901704251766205,0.6748488545417786,-0.04819745197892189,0.12795716524124146,0.6406137347221375,-0.04087681323289871,0.15570895373821259,0.6522331833839417,-0.061479005962610245,0.16967666149139404,0.6819169521331787,-0.056165922433137894,0.1660057008266449,0.6902589201927185,-0.0474071279168129,accelerate
0.29976707696914673,0.8527851700782776,-5.0535277296148706e-08,0.33554261922836304,0.7945356369018555,-0.018054360523819923,0.3453458249568939,0.7190967202186584,-0.03285538777709007,0.3256411552429199,0.6689456701278687,-0.049324240535497665,0.2944788336753845,0.6376217603683472,-0.06577502191066742,0.29841849207878113,0.6092634797096252,-0.031828027218580246,0.30883875489234924,0.5134469270706177,-0.060389649122953415,0.3110646605491638,0.45056620240211487,-0.07857862859964371,0.3091674745082855,0.3956277072429657,-0.0914633721113205,0.2540401220321655,0.6260407567024231,-0.03895071521401405,0.2902138829231262,0.6383121609687805,-0.07925490289926529,0.30944377183914185,0.6948151588439941,-0.09075292199850082,0.3136494755744934,0.7270195484161377,-0.09214089065790176,0.2252994179725647,0.666862428188324,-0.04770044982433319,0.2719506025314331,0.6894194483757019,-0.08470063656568527,0.2952897846698761,0.7303080558776855,-0.08103695511817932,0.30041956901550293,0.748695433139801,-0.071971595287323,0.20881173014640808,0.7166616916656494,-0.05850399285554886,0.25622090697288513,0.7319167852401733,-0.08324557542800903,0.28455793857574463,0.7616434693336487,-0.07836635410785675,0.2941189706325531,0.774886965751648,-0.06883280724287033,accelerate
0.35501694679260254,0.8999778032302856,1.0351232049288228e-07,0.41415145993232727,0.849809467792511,-0.025801606476306915,0.45303231477737427,0.7864561676979065,-0.05035450682044029,0.47495031356811523,0.7405752539634705,-0.07707705348730087,0.48852014541625977,0.6963850259780884,-0.10332174599170685,0.3758728504180908,0.6317847371101379,-0.041043348610401154,0.38094621896743774,0.5411360263824463,-0.07558147609233856,0.383092999458313,0.47473809123039246,-0.09831816703081131,0.38476938009262085,0.4179808497428894,-0.11396975815296173,0.32747653126716614,0.6410687565803528,-0.048685770481824875,0.37953802943229675,0.650603711605072,-0.09657159447669983,0.41276562213897705,0.7139657139778137,-0.1107679232954979,0.4294542968273163,0.7660050988197327,-0.11195776611566544,0.29527273774147034,0.6815188527107239,-0.058823999017477036,0.3595254719257355,0.7131143808364868,-0.09831277281045914,0.38627517223358154,0.7608457207679749,-0.09515842795372009,0.39635851979255676,0.7970132827758789,-0.0855138823390007,0.2757861614227295,0.7376859784126282,-0.0724685937166214,0.3380557894706726,0.7656607627868652,-0.0960330218076706,0.3695034980773926,0.8008448481559753,-0.09172596782445908,0.38507628440856934,0.8244648575782776,-0.08275306969881058,accelerate
0.4076342284679413,0.9148148894309998,4.319570621191815e-07,0.47480592131614685,0.8615044355392456,-0.028720466420054436,0.5270341634750366,0.7860608100891113,-0.05106270685791969,0.5512664914131165,0.7249761819839478,-0.07483239471912384,0.5321618318557739,0.6847935318946838,-0.10161778330802917,0.4600711166858673,0.6544908285140991,-0.051601067185401917,0.47757208347320557,0.5463943481445312,-0.08867155015468597,0.4933842420578003,0.46916747093200684,-0.11556003242731094,0.5069401860237122,0.4049004316329956,-0.13333876430988312,0.40351206064224243,0.6669946908950806,-0.055564988404512405,0.4317501187324524,0.6438266038894653,-0.09873951226472855,0.45934557914733887,0.6731574535369873,-0.11720782518386841,0.4763723611831665,0.7029054760932922,-0.1257193684577942,0.3571030795574188,0.7051663994789124,-0.0614926852285862,0.3932366371154785,0.7130568623542786,-0.09745129197835922,0.42366206645965576,0.748947262763977,-0.09719255566596985,0.44174420833587646,0.7829943299293518,-0.09277589619159698,0.3225135803222656,0.7597891688346863,-0.07081476598978043,0.35797226428985596,0.7721285223960876,-0.09737728536128998,0.3925718367099762,0.8010649085044861,-0.09628520905971527,0.4166913330554962,0.8280144929885864,-0.09056784212589264,accelerate
0.45314109325408936,0.9066935777664185,1.1802635668800576e-07,0.519942045211792,0.8353813290596008,-0.009631962515413761,0.5583413243293762,0.752527117729187,-0.02444886416196823,0.5697754621505737,0.6914684176445007,-0.04442926496267319,0.5381102561950684,0.6784194707870483,-0.06370896100997925,0.5046156048774719,0.6181442737579346,-0.020936714485287666,0.5197885036468506,0.5119562745094299,-0.04620533064007759,0.5287965536117554,0.4399104118347168,-0.06442296504974365,0.5315215587615967,0.38027408719062805,-0.07925083488225937,0.46157896518707275,0.6334505081176758,-0.03669290989637375,0.4858723282814026,0.6156923174858093,-0.07932105660438538,0.5146241188049316,0.654721736907959,-0.09640010446310043,0.5234655141830444,0.6854460835456848,-0.10165649652481079,0.43186312913894653,0.6699238419532776,-0.053147416561841965,0.47648605704307556,0.6814174652099609,-0.08882580697536469,0.5032172799110413,0.7192833423614502,-0.08881711214780807,0.5087048411369324,0.7415373921394348,-0.0831296443939209,0.4177092909812927,0.7218629121780396,-0.07210303097963333,0.47745034098625183,0.7470434308052063,-0.09525728970766068,0.49766111373901367,0.7792059183120728,-0.09501322358846664,0.5000256299972534,0.7983755469322205,-0.09058086574077606,accelerate
0.46213898062705994,0.9166592955589294,5.633613042732577e-08,0.5386314988136292,0.8376766443252563,-0.006932214833796024,0.5761684775352478,0.7513600587844849,-0.022724008187651634,0.5861656069755554,0.6870444416999817,-0.04460304230451584,0.5592547059059143,0.6745665669441223,-0.0663030669093132,0.5108199119567871,0.618874728679657,-0.023040685802698135,0.5342770218849182,0.5123295783996582,-0.049407050013542175,0.5464451909065247,0.43916958570480347,-0.06794926524162292,0.551254153251648,0.3770993649959564,-0.08334311097860336,0.4681214988231659,0.6375417113304138,-0.04096151515841484,0.5265980958938599,0.6308937668800354,-0.08280333131551743,0.5474840402603149,0.6771550178527832,-0.09662391245365143,0.5444867014884949,0.7045315504074097,-0.10093061625957489,0.44346216320991516,0.6818109154701233,-0.05912395939230919,0.5225068926811218,0.7084270715713501,-0.09298679232597351,0.5331975221633911,0.7566729187965393,-0.08692733943462372,0.5203422904014587,0.7778477668762207,-0.07830379903316498,0.4357425570487976,0.7388991117477417,-0.0798782929778099,0.5106441974639893,0.767002522945404,-0.09962863475084305,0.5204144716262817,0.800542950630188,-0.09400929510593414,0.5088521242141724,0.8153122663497925,-0.08673363924026489,accelerate
0.47169390320777893,0.9297871589660645,-9.332440598086578e-09,0.55109703540802,0.8421681523323059,-0.002858150517567992,0.591477632522583,0.7549704313278198,-0.018721411004662514,0.6070822477340698,0.688444197177887,-0.041756149381399155,0.5776664018630981,0.680304765701294,-0.06437510997056961,0.5115844011306763,0.620624303817749,-0.015106651932001114,0.5359981656074524,0.5173076391220093,-0.04134310036897659,0.5483235120773315,0.443190336227417,-0.06095387414097786,0.5520411729812622,0.3792884051799774,-0.07770077139139175,0.4718959331512451,0.6369155645370483,-0.03545363247394562,0.5490296483039856,0.6384414434432983,-0.07757456600666046,0.5640392303466797,0.7008375525474548,-0.09158380329608917,0.550491988658905,0.7311100363731384,-0.09608970582485199,0.45113545656204224,0.6789921522140503,-0.05618155375123024,0.5389542579650879,0.70937180519104,-0.09048784524202347,0.5452155470848083,0.7644042372703552,-0.08454238623380661,0.5275132060050964,0.7854924201965332,-0.07617206126451492,0.4473044276237488,0.7339828610420227,-0.0793045312166214,0.5289673209190369,0.7672744989395142,-0.10009244829416275,0.5372816324234009,0.808392345905304,-0.09536860883235931,0.522387683391571,0.8262877464294434,-0.08887892961502075,accelerate
0.4863215386867523,0.9019516706466675,-3.593160613490909e-08,0.5607264041900635,0.8315948843955994,-0.005999655928462744,0.6001113653182983,0.7492911219596863,-0.023649822920560837,0.6161677837371826,0.6866634488105774,-0.047173984348773956,0.5913390517234802,0.6705047488212585,-0.06974763423204422,0.5372586846351624,0.6147662401199341,-0.0251055508852005,0.5571613907814026,0.5120668411254883,-0.05323748663067818,0.5657915472984314,0.4455491602420807,-0.07251157611608505,0.5651416182518005,0.38808226585388184,-0.08838120102882385,0.4938851296901703,0.6262118816375732,-0.04446932673454285,0.5655190348625183,0.6307828426361084,-0.08633749186992645,0.5804488062858582,0.6880375146865845,-0.09874241054058075,0.5670084357261658,0.7130714654922485,-0.1025448739528656,0.46962738037109375,0.6640583872795105,-0.06407354772090912,0.5547711253166199,0.693211019039154,-0.09828206151723862,0.56052565574646,0.7446951866149902,-0.09113467484712601,0.5426793098449707,0.7594950199127197,-0.08279840648174286,0.4621677100658417,0.715315043926239,-0.08611205965280533,0.5439484119415283,0.7475070357322693,-0.10730375349521637,0.5507475733757019,0.7875083684921265,-0.10129860788583755,0.5347208380699158,0.8010004758834839,-0.09398958086967468,accelerate
0.48461732268333435,0.9056686758995056,-3.528117886730797e-08,0.5648782849311829,0.8273357152938843,-0.005365194287151098,0.6047865152359009,0.7439301609992981,-0.02188076637685299,0.617657482624054,0.6818326115608215,-0.04429653286933899,0.5918471217155457,0.668312668800354,-0.0665399581193924,0.5296066403388977,0.61097252368927,-0.020667556673288345,0.5563064813613892,0.519256591796875,-0.047026876360177994,0.5692039728164673,0.453550785779953,-0.06710346043109894,0.5730030536651611,0.39541110396385193,-0.08432213962078094,0.49122732877731323,0.6260824799537659,-0.03984411060810089,0.569832980632782,0.6330896615982056,-0.07979455590248108,0.5826311111450195,0.6939579844474792,-0.09320510178804398,0.5663440227508545,0.7174001932144165,-0.09854328632354736,0.47133034467697144,0.6694843769073486,-0.05927343666553497,0.5572646260261536,0.6976314783096313,-0.09321747720241547,0.5619608759880066,0.7502008080482483,-0.08716025203466415,0.5431733727455139,0.7651642560958862,-0.07951238006353378,0.4662812054157257,0.7253590822219849,-0.08086202293634415,0.5420854091644287,0.7529758810997009,-0.10177651047706604,0.5500612854957581,0.7903469204902649,-0.09573619067668915,0.5362268090248108,0.8041805028915405,-0.08873441070318222,accelerate
0.4197544753551483,0.9271788597106934,1.4117823354808934e-07,0.4849129617214203,0.8295179605484009,-0.01920580118894577,0.5243288278579712,0.7483408451080322,-0.03985101729631424,0.5322278141975403,0.685559093952179,-0.06416819989681244,0.49927571415901184,0.6508844494819641,-0.08960924297571182,0.4994938373565674,0.6400892734527588,-0.021066896617412567,0.5126543045043945,0.549795389175415,-0.052199043333530426,0.5152197480201721,0.48201125860214233,-0.07843052595853806,0.518907368183136,0.4265037178993225,-0.09867216646671295,0.47515955567359924,0.6657101511955261,-0.03248540684580803,0.49637383222579956,0.6399614810943604,-0.07222667336463928,0.49508804082870483,0.6761182546615601,-0.08988533914089203,0.48664700984954834,0.7023211717605591,-0.09920790791511536,0.44934916496276855,0.7104911208152771,-0.04746188223361969,0.474139004945755,0.7059277296066284,-0.08178207278251648,0.47102388739585876,0.7302533388137817,-0.07912475615739822,0.4605005085468292,0.7514260411262512,-0.0740501657128334,0.42509156465530396,0.7662033438682556,-0.06559490412473679,0.4509674608707428,0.7658020257949829,-0.08624855428934097,0.45334142446517944,0.7846106886863708,-0.08228974789381027,0.4482196271419525,0.8029520511627197,-0.07738863676786423,accelerate
0.35591205954551697,0.9082969427108765,6.298328685261367e-07,0.4179423749446869,0.8576315641403198,-0.030223920941352844,0.4669334292411804,0.7976456880569458,-0.05945071950554848,0.5088474750518799,0.7563949823379517,-0.09014150500297546,0.5360375642776489,0.7136601805686951,-0.12333118915557861,0.3662818670272827,0.6563005447387695,-0.060901038348674774,0.3723980486392975,0.5491039752960205,-0.09906988590955734,0.3771168291568756,0.4704495668411255,-0.12639909982681274,0.38236525654792786,0.40740275382995605,-0.14663764834403992,0.3164637088775635,0.6788040995597839,-0.0700618326663971,0.3266157805919647,0.6428084373474121,-0.11612857133150101,0.3770005702972412,0.6594933867454529,-0.13766437768936157,0.4173825681209564,0.6888049840927124,-0.1496610790491104,0.28193143010139465,0.7330890893936157,-0.08064763993024826,0.29675185680389404,0.728985607624054,-0.12017013877630234,0.3463626503944397,0.7406978011131287,-0.12608227133750916,0.3848423659801483,0.7632250189781189,-0.12723855674266815,0.26061710715293884,0.803055465221405,-0.0943397730588913,0.28232458233833313,0.8073760867118835,-0.12269075959920883,0.32074105739593506,0.8176335096359253,-0.12565328180789948,0.352718710899353,0.8360187411308289,-0.12507343292236328,accelerate
0.12532489001750946,0.8793789148330688,2.4789406438685546e-07,0.183550164103508,0.8492236733436584,-0.05312579870223999,0.1964653730392456,0.7714563608169556,-0.07666081935167313,0.16372381150722504,0.7019075155258179,-0.0927707850933075,0.12576591968536377,0.6492201685905457,-0.10799767076969147,0.1961440145969391,0.6363817453384399,-0.05172741785645485,0.2053292989730835,0.5201830267906189,-0.08556205779314041,0.2102367877960205,0.4385368824005127,-0.10899892449378967,0.2116198092699051,0.3771630525588989,-0.1240190714597702,0.14708831906318665,0.6370887756347656,-0.04003124311566353,0.12695997953414917,0.5948277711868286,-0.08544325828552246,0.1300981491804123,0.6428297758102417,-0.10277516394853592,0.1392572969198227,0.6844038963317871,-0.10425792634487152,0.10229760408401489,0.6610895395278931,-0.032722000032663345,0.08801190555095673,0.6475014686584473,-0.07608576864004135,0.10044898837804794,0.6970793008804321,-0.07452446222305298,0.11101698130369186,0.7300618290901184,-0.06227632239460945,0.06435827910900116,0.6979435086250305,-0.029541347175836563,0.05712611973285675,0.6901842355728149,-0.06210393086075783,0.07257935404777527,0.7319103479385376,-0.05793391913175583,0.08422504365444183,0.7604296207427979,-0.04521661996841431,accelerate
0.05170587822794914,0.9090116024017334,5.8619061604758826e-08,0.09389526396989822,0.8595414161682129,-0.06040232256054878,0.09737834334373474,0.7753864526748657,-0.08127949386835098,0.05974563956260681,0.7070172429084778,-0.09402704238891602,0.026333000510931015,0.6473459601402283,-0.10216379910707474,0.11388550698757172,0.6314948797225952,-0.03655093163251877,0.12288615107536316,0.5076856017112732,-0.06188322603702545,0.1289845108985901,0.4297316074371338,-0.07888174802064896,0.13296855986118317,0.36556246876716614,-0.09077169001102448,0.0723724216222763,0.6372642517089844,-0.020591571927070618,0.032557904720306396,0.6073283553123474,-0.06492021679878235,0.0298358965665102,0.6744518876075745,-0.08005794137716293,0.042686473578214645,0.7232926487922668,-0.07877141982316971,0.031988758593797684,0.6604301929473877,-0.011646338738501072,-0.0022311024367809296,0.6419463157653809,-0.05678979679942131,0.005685962736606598,0.7010210752487183,-0.059991270303726196,0.021366141736507416,0.7327594757080078,-0.04908120632171631,0.0016787312924861908,0.692801296710968,-0.008024142123758793,-0.027463193982839584,0.6698963046073914,-0.04194106534123421,-0.01807226613163948,0.71347576379776,-0.042145710438489914,-0.003896724432706833,0.7461275458335876,-0.031658027321100235,accelerate
0.06849499046802521,0.908026933670044,1.017955781890123e-07,0.11176284402608871,0.8484023213386536,-0.05987098067998886,0.11431949585676193,0.7562193870544434,-0.07777911424636841,0.06671612709760666,0.6867017149925232,-0.08747535198926926,0.023306263610720634,0.6342253684997559,-0.09193643182516098,0.1258341670036316,0.6195147037506104,-0.028857721015810966,0.12787123024463654,0.49964219331741333,-0.05278079956769943,0.13000504672527313,0.4253542125225067,-0.06801299750804901,0.13051994144916534,0.3612213730812073,-0.07881440222263336,0.07901957631111145,0.6300966143608093,-0.014405897818505764,0.0424952432513237,0.5966031551361084,-0.05803085118532181,0.04951485991477966,0.6623345017433167,-0.0733216255903244,0.06634381413459778,0.7048798203468323,-0.07101079076528549,0.03588975593447685,0.6573377847671509,-0.007508786395192146,0.003927137702703476,0.6451948285102844,-0.05489630624651909,0.023140009492635727,0.709311842918396,-0.06027965247631073,0.044047050178050995,0.7352904677391052,-0.04928559064865112,0.0033549629151821136,0.6934398412704468,-0.005816110875457525,-0.019239280372858047,0.6808715462684631,-0.04122732952237129,-9.04574990272522e-05,0.728640079498291,-0.04280560836195946,0.01860089786350727,0.7565693855285645,-0.03278917446732521,accelerate
0.08576996624469757,0.9075487852096558,3.522195157756869e-08,0.13536515831947327,0.8476096987724304,-0.04651864618062973,0.13976562023162842,0.7523206472396851,-0.06429775059223175,0.09147021174430847,0.6782398819923401,-0.07771005481481552,0.04560571536421776,0.6241498589515686,-0.0877850204706192,0.14546580612659454,0.6206983923912048,-0.027698105201125145,0.14479729533195496,0.4952019453048706,-0.05614132434129715,0.14653758704662323,0.4209953546524048,-0.0743822306394577,0.14610770344734192,0.35838639736175537,-0.08716773986816406,0.09614823758602142,0.6302631497383118,-0.02158016338944435,0.060236118733882904,0.6032527685165405,-0.07002196460962296,0.06272079050540924,0.6645156145095825,-0.08739250153303146,0.07391104102134705,0.7033035159111023,-0.0873003751039505,0.05366780608892441,0.6595417261123657,-0.021065453067421913,0.028308454900979996,0.6636499762535095,-0.07091853022575378,0.051563192158937454,0.7297238707542419,-0.07279127091169357,0.07307416200637817,0.758425772190094,-0.06064840406179428,0.023258861154317856,0.7008638978004456,-0.024677682667970657,0.010267127305269241,0.7104567289352417,-0.06233967840671539,0.033804744482040405,0.7626306414604187,-0.062002744525671005,0.055586569011211395,0.7875162959098816,-0.050781819969415665,accelerate
0.13690397143363953,0.8839369416236877,3.108543111807194e-08,0.18159806728363037,0.8245799541473389,-0.034314051270484924,0.1867484152317047,0.737967312335968,-0.05186298117041588,0.14520123600959778,0.6715493202209473,-0.06863582134246826,0.10433543473482132,0.6203985810279846,-0.08303689956665039,0.18623891472816467,0.6092013120651245,-0.02584831230342388,0.18705984950065613,0.4901468753814697,-0.05204322934150696,0.18869291245937347,0.42049914598464966,-0.06752146035432816,0.18668872117996216,0.36043694615364075,-0.07889395207166672,0.13947562873363495,0.6219586730003357,-0.025649840012192726,0.12246205657720566,0.6075989007949829,-0.06886018812656403,0.13069048523902893,0.6654232144355774,-0.08251380920410156,0.137857124209404,0.6960865259170532,-0.08280585706233978,0.09927070140838623,0.6535933613777161,-0.02931596152484417,0.09111032634973526,0.6679738759994507,-0.07267198711633682,0.11516237258911133,0.7284078001976013,-0.06890425831079483,0.1294306069612503,0.751034677028656,-0.05615214258432388,0.06737352907657623,0.6935386657714844,-0.0363696813583374,0.06912930309772491,0.7037838101387024,-0.06694839894771576,0.0918312594294548,0.7500547766685486,-0.06155518814921379,0.10660753399133682,0.7679846882820129,-0.049212418496608734,accelerate
0.1652117222547531,0.8732442259788513,1.6544915126814885e-07,0.2093571424484253,0.8188360333442688,-0.038845911622047424,0.2149530053138733,0.7306662201881409,-0.05813628062605858,0.17606085538864136,0.6641172766685486,-0.07547470927238464,0.13768143951892853,0.611646831035614,-0.08949093520641327,0.20745238661766052,0.5979442000389099,-0.02941122092306614,0.21172252297401428,0.4816194176673889,-0.06126537546515465,0.21537065505981445,0.41272079944610596,-0.07918428629636765,0.21137788891792297,0.3543016314506531,-0.09122665226459503,0.1562948077917099,0.612670361995697,-0.029807694256305695,0.13105237483978271,0.5741261839866638,-0.08070114254951477,0.13831393420696259,0.6226447820663452,-0.09775583446025848,0.14273272454738617,0.6454147696495056,-0.09732678532600403,0.11432327330112457,0.6469628810882568,-0.03490389138460159,0.11620872467756271,0.6565442085266113,-0.08822513371706009,0.14220649003982544,0.7195005416870117,-0.08836507797241211,0.1536063849925995,0.7347184419631958,-0.07443077117204666,0.08393391221761703,0.691519558429718,-0.043220773339271545,0.09896409511566162,0.7088412642478943,-0.08028499037027359,0.12242506444454193,0.7539658546447754,-0.0782303586602211,0.13267220556735992,0.761134147644043,-0.06663624942302704,accelerate
0.16711439192295074,0.8672207593917847,9.936709943758615e-08,0.21089594066143036,0.8151860237121582,-0.036226775497198105,0.21904319524765015,0.7266682386398315,-0.05467253550887108,0.1793869286775589,0.6591750383377075,-0.07132970541715622,0.1373511254787445,0.6082462072372437,-0.08529316633939743,0.2112867832183838,0.5990068912506104,-0.028673546388745308,0.21632899343967438,0.4821966886520386,-0.05892118811607361,0.2217276245355606,0.41407591104507446,-0.07538583874702454,0.22007691860198975,0.3573797047138214,-0.08639183640480042,0.1626359522342682,0.6111331582069397,-0.029019253328442574,0.15019671618938446,0.5862438678741455,-0.07852274924516678,0.15960729122161865,0.6471744179725647,-0.09341257810592651,0.16544094681739807,0.6811344623565674,-0.09173756092786789,0.12344995886087418,0.643633246421814,-0.03356931731104851,0.12375099211931229,0.6602725982666016,-0.08479571342468262,0.14722730219364166,0.7250221371650696,-0.08339966088533401,0.15814533829689026,0.7471818327903748,-0.06915613263845444,0.09490488469600677,0.6866769194602966,-0.04106112942099571,0.10610178112983704,0.7065489292144775,-0.07744251936674118,0.1276209056377411,0.7542591691017151,-0.07479386031627655,0.13819000124931335,0.7668993473052979,-0.06272289156913757,accelerate
0.16262897849082947,0.8983408212661743,1.607820898641421e-08,0.21048417687416077,0.8465594053268433,-0.03237326815724373,0.22682389616966248,0.7513969540596008,-0.04998287558555603,0.20247501134872437,0.6781433820724487,-0.06723280996084213,0.15923094749450684,0.6377472877502441,-0.08296079188585281,0.2132350206375122,0.6237154006958008,-0.02567172981798649,0.22178635001182556,0.5092983841896057,-0.054673824459314346,0.22708991169929504,0.4403015971183777,-0.0720856711268425,0.22426773607730865,0.3800830841064453,-0.08463530987501144,0.16838668286800385,0.6347225308418274,-0.028015688061714172,0.16833721101284027,0.6074845194816589,-0.07464441657066345,0.18095530569553375,0.6818443536758423,-0.08789355307817459,0.18234798312187195,0.7153816223144531,-0.08676376938819885,0.12865382432937622,0.6660236716270447,-0.03385810926556587,0.13347205519676208,0.6567917466163635,-0.08236730098724365,0.15514588356018066,0.7317411303520203,-0.07473740726709366,0.15974153578281403,0.759371817111969,-0.057644568383693695,0.09440647810697556,0.7084416747093201,-0.04238316789269447,0.10583353042602539,0.7011554837226868,-0.07514940947294235,0.1252979189157486,0.7521679997444153,-0.06542274355888367,0.12912826240062714,0.7728809714317322,-0.049596767872571945,accelerate
0.6219896674156189,0.9171575307846069,-1.419252981804675e-07,0.582802951335907,0.8853097558021545,-0.012337509542703629,0.5506305694580078,0.806889533996582,-0.01899268850684166,0.5525674819946289,0.737763524055481,-0.02711985446512699,0.5680469274520874,0.6900999546051025,-0.0366859957575798,0.5872613191604614,0.7341801524162292,-0.0211916696280241,0.5802369713783264,0.6575477123260498,-0.04192308336496353,0.5744293332099915,0.6015739440917969,-0.05679348111152649,0.5702837705612183,0.5552094578742981,-0.06866052001714706,0.6260396242141724,0.7330284714698792,-0.028370192274451256,0.6114442944526672,0.7341669201850891,-0.05765990540385246,0.6062909960746765,0.7843049764633179,-0.061684973537921906,0.6095529794692993,0.8089916706085205,-0.059687137603759766,0.6609967947006226,0.7533741593360901,-0.037256184965372086,0.6412186622619629,0.7635542154312134,-0.06224539503455162,0.6310138702392578,0.8114597201347351,-0.04950898140668869,0.629696786403656,0.8370179533958435,-0.037069935351610184,0.6932046413421631,0.784896969795227,-0.04810011759400368,0.675054669380188,0.7940272092819214,-0.06420580297708511,0.6573815941810608,0.8339335918426514,-0.05323081463575363,0.6504384279251099,0.8573447465896606,-0.04181613773107529,accelerate
0.5374915599822998,0.8314418792724609,-1.7237236704659153e-07,0.4854864776134491,0.7926089763641357,-0.017387807369232178,0.46125268936157227,0.7073689699172974,-0.028702618554234505,0.472265362739563,0.6387131214141846,-0.04195333272218704,0.4798724949359894,0.5819998383522034,-0.053927548229694366,0.4851650893688202,0.576338529586792,-0.01647428423166275,0.48370295763015747,0.4722696840763092,-0.04610816761851311,0.4866199791431427,0.40587273240089417,-0.06452317535877228,0.4920041561126709,0.3491136431694031,-0.07753699272871017,0.5340031981468201,0.5736014246940613,-0.024770647287368774,0.5053281188011169,0.5725643038749695,-0.06859016418457031,0.48962610960006714,0.6448342800140381,-0.07575886696577072,0.4930078089237213,0.6765854358673096,-0.06980337202548981,0.5728284120559692,0.5993422269821167,-0.03667568415403366,0.5287460088729858,0.6372632384300232,-0.0719849020242691,0.51593017578125,0.7015162706375122,-0.05675707384943962,0.5256990790367126,0.7122637033462524,-0.03835776820778847,0.6020589470863342,0.641067385673523,-0.05196366831660271,0.5577998161315918,0.6794150471687317,-0.07121419161558151,0.5477330684661865,0.7276991009712219,-0.058390162885189056,0.5600644946098328,0.7307087182998657,-0.04313858970999718,accelerate
0.546920657157898,0.8399578332901001,-2.2363876439612795e-07,0.4942292869091034,0.7912174463272095,-0.019690459594130516,0.46943607926368713,0.6950235962867737,-0.032737113535404205,0.48480477929115295,0.6234365105628967,-0.04846572130918503,0.5124815702438354,0.5732279419898987,-0.06276140362024307,0.49097415804862976,0.5548517107963562,-0.016933608800172806,0.4958917200565338,0.4474923014640808,-0.0469939149916172,0.5024373531341553,0.3791378140449524,-0.06548236310482025,0.5114009380340576,0.3201034665107727,-0.07934854924678802,0.5442447066307068,0.558421790599823,-0.026374852284789085,0.522243857383728,0.5634939074516296,-0.07503294199705124,0.5055557489395142,0.6408633589744568,-0.08371395617723465,0.5054165124893188,0.6828703880310059,-0.0781421959400177,0.5868147611618042,0.59126216173172,-0.03972289711236954,0.5502673983573914,0.6352912187576294,-0.07776260375976562,0.5333719849586487,0.7056354880332947,-0.06198945268988609,0.5362542867660522,0.7263619303703308,-0.042594559490680695,0.6198287606239319,0.6398027539253235,-0.05692417919635773,0.5824989676475525,0.6866603493690491,-0.07593298703432083,0.5665881037712097,0.7374825477600098,-0.06314825266599655,0.5704795122146606,0.7447993159294128,-0.04816897213459015,accelerate
0.5643565654754639,0.8137590289115906,-2.4467965431540506e-07,0.5100516676902771,0.7694467902183533,-0.024388236925005913,0.48439157009124756,0.6771771311759949,-0.04096081480383873,0.5113307237625122,0.611087441444397,-0.059088658541440964,0.5464836955070496,0.5634577870368958,-0.07523979246616364,0.5085074305534363,0.5266028046607971,-0.028281094506382942,0.5162258744239807,0.4124893248081207,-0.061416447162628174,0.5252628922462463,0.3431917130947113,-0.08200450241565704,0.5366737842559814,0.2819245457649231,-0.09717962145805359,0.5654392838478088,0.531044065952301,-0.035004135221242905,0.5466634631156921,0.5487124919891357,-0.08643404394388199,0.5272511839866638,0.6269021034240723,-0.09567563980817795,0.5240768790245056,0.6653985977172852,-0.09045261889696121,0.6098902225494385,0.5665101408958435,-0.04541943222284317,0.5746256113052368,0.6218459010124207,-0.08444862067699432,0.5521847009658813,0.6918858289718628,-0.06815224885940552,0.5507080554962158,0.7107940316200256,-0.04803553223609924,0.6434770822525024,0.6171077489852905,-0.06021799147129059,0.6095744371414185,0.6677897572517395,-0.08073978126049042,0.5848066806793213,0.7201005220413208,-0.06778906285762787,0.5796962976455688,0.730787992477417,-0.051849305629730225,accelerate
0.5838794708251953,0.8103647828102112,-2.7684345127454435e-07,0.5254506468772888,0.7592597007751465,-0.024722864851355553,0.4994123578071594,0.6643334627151489,-0.042536500841379166,0.5186261534690857,0.594571590423584,-0.06254088878631592,0.5504602193832397,0.5435764193534851,-0.08086049556732178,0.533443808555603,0.5208329558372498,-0.025389086455106735,0.5395087599754333,0.4098384380340576,-0.061411675065755844,0.5486477613449097,0.33824604749679565,-0.0835755243897438,0.5599693059921265,0.2783794403076172,-0.09904474020004272,0.5876880884170532,0.5240989327430725,-0.03358876705169678,0.5596297383308411,0.5388227701187134,-0.08820036798715591,0.5362723469734192,0.6177334189414978,-0.09926684200763702,0.5327296853065491,0.6550348997116089,-0.09424935281276703,0.6300402879714966,0.556768536567688,-0.0460067018866539,0.5900107026100159,0.6102471947669983,-0.08803968131542206,0.5685330033302307,0.6780485510826111,-0.07214032113552094,0.5703160166740417,0.6904692053794861,-0.05173560976982117,0.6622186303138733,0.6049951910972595,-0.06279909610748291,0.6237112879753113,0.6579040288925171,-0.0832548588514328,0.605650782585144,0.7070035934448242,-0.06920813024044037,0.6099418997764587,0.710479199886322,-0.052341777831315994,accelerate
0.6301512122154236,0.8141060471534729,-2.5106379553108127e-07,0.5810946226119995,0.7553917169570923,-0.025189779698848724,0.5662468671798706,0.6612437963485718,-0.04241099953651428,0.5937737226486206,0.5963648557662964,-0.061587169766426086,0.6246719360351562,0.5543675422668457,-0.07895991206169128,0.6011227369308472,0.5313857197761536,-0.025549452751874924,0.6078006625175476,0.4167135953903198,-0.05988365411758423,0.6129741072654724,0.34777289628982544,-0.07962317764759064,0.6206631064414978,0.2890097498893738,-0.09293070435523987,0.652100682258606,0.5445942282676697,-0.03355589881539345,0.6446231603622437,0.5358697772026062,-0.08765637874603271,0.6210262179374695,0.6097928881645203,-0.0980716422200203,0.6136483550071716,0.6506103277206421,-0.09148529917001724,0.6909525394439697,0.5807637572288513,-0.045670121908187866,0.6634861826896667,0.6122181415557861,-0.08886131644248962,0.638163149356842,0.6778159737586975,-0.07566308975219727,0.6342584490776062,0.6962790489196777,-0.055741097778081894,0.720235288143158,0.6289390921592712,-0.06177584454417229,0.6924506425857544,0.6637418270111084,-0.08239883929491043,0.6675634980201721,0.7111141085624695,-0.0688057541847229,0.6622164845466614,0.7204281687736511,-0.052068691700696945,accelerate
0.6538119316101074,0.8354436755180359,-2.540293166930496e-07,0.6061067581176758,0.7797946929931641,-0.03166140988469124,0.5917297601699829,0.6857894659042358,-0.050792545080184937,0.6250649690628052,0.6231181025505066,-0.06964975595474243,0.6586531400680542,0.576291561126709,-0.0847935900092125,0.617896318435669,0.5471431016921997,-0.03256978839635849,0.6204457879066467,0.4301648437976837,-0.06858638674020767,0.6215335130691528,0.36171841621398926,-0.08762165158987045,0.6270736455917358,0.30019301176071167,-0.10065625607967377,0.6693565845489502,0.5560765862464905,-0.03725040704011917,0.6832026243209839,0.5502573847770691,-0.09206455945968628,0.6582307815551758,0.6247388124465942,-0.10183266550302505,0.64628005027771,0.6550887227058411,-0.09517935663461685,0.7100223898887634,0.5916920900344849,-0.046478260308504105,0.7011014223098755,0.6370664238929749,-0.09027156233787537,0.670331597328186,0.6991548538208008,-0.07839477807283401,0.6623430252075195,0.7011767029762268,-0.060337912291288376,0.7412389516830444,0.6406636238098145,-0.060278039425611496,0.7241021394729614,0.6955397129058838,-0.0828300416469574,0.6916615962982178,0.7432805299758911,-0.07282130420207977,0.6788548231124878,0.7426259517669678,-0.059245698153972626,accelerate
0.6600474119186401,0.8346508741378784,-1.6206027453335992e-07,0.6111636161804199,0.7737711668014526,-0.032347120344638824,0.5997219085693359,0.6813895106315613,-0.053059231489896774,0.6385430693626404,0.6216846108436584,-0.07395897060632706,0.6758641600608826,0.5742809176445007,-0.09163246303796768,0.6281397342681885,0.5431875586509705,-0.030217071995139122,0.634236752986908,0.4252093434333801,-0.06531388312578201,0.6363348960876465,0.35500195622444153,-0.08453789353370667,0.6423197388648987,0.29451581835746765,-0.09735729545354843,0.6806130409240723,0.5608808398246765,-0.03517179191112518,0.6959517002105713,0.5315324664115906,-0.09058621525764465,0.6704497933387756,0.5995715260505676,-0.10210715979337692,0.6571428775787354,0.638022780418396,-0.09562047570943832,0.7205004096031189,0.6003361344337463,-0.044840142130851746,0.7074375748634338,0.6216772794723511,-0.08900845050811768,0.676562488079071,0.6811997890472412,-0.07913849502801895,0.6685909628868103,0.6924784779548645,-0.061093010008335114,0.7487472891807556,0.6514571905136108,-0.05883844196796417,0.7279751300811768,0.6851474046707153,-0.08004429191350937,0.6952385902404785,0.7280933260917664,-0.06983526051044464,0.6822476387023926,0.7319670915603638,-0.05588151887059212,accelerate
0.6659659147262573,0.8265273571014404,-2.456520746818569e-07,0.6193267107009888,0.7705484628677368,-0.03164973855018616,0.6077568531036377,0.6785563230514526,-0.05218740552663803,0.6483926177024841,0.6202491521835327,-0.07264136523008347,0.6878535747528076,0.5770441889762878,-0.08962080627679825,0.6387615203857422,0.5392553210258484,-0.0350114181637764,0.6451177597045898,0.42411911487579346,-0.07095339894294739,0.6484358310699463,0.3554842472076416,-0.09058411419391632,0.6552531123161316,0.2952466905117035,-0.10426296293735504,0.6917453408241272,0.5503472685813904,-0.03998572751879692,0.7009557485580444,0.5538256168365479,-0.09271285682916641,0.6743834614753723,0.6247166395187378,-0.10230738669633865,0.6648183465003967,0.6510034799575806,-0.09694050252437592,0.7325882315635681,0.5897091031074524,-0.04932323098182678,0.7169965505599976,0.6366128325462341,-0.09164386987686157,0.6835626363754272,0.6957100629806519,-0.07867699861526489,0.6786726713180542,0.6952410936355591,-0.06081600859761238,0.7632870078086853,0.6415941715240479,-0.0632932260632515,0.7417869567871094,0.6878101229667664,-0.08480934798717499,0.7079115509986877,0.7329396605491638,-0.07284199446439743,0.6984654664993286,0.7320718169212341,-0.058221831917762756,accelerate
0.6676464676856995,0.835858941078186,-2.4388367592109716e-07,0.624048113822937,0.78429114818573,-0.031290601938962936,0.6049408316612244,0.6973602771759033,-0.05332339555025101,0.6386499404907227,0.6394997835159302,-0.07537324726581573,0.6762375831604004,0.5940042734146118,-0.09418109059333801,0.6394500732421875,0.5523511171340942,-0.04083281755447388,0.6453851461410522,0.43377530574798584,-0.0797388032078743,0.6485610604286194,0.3637944757938385,-0.10121884942054749,0.6564964652061462,0.30074113607406616,-0.11654238402843475,0.6949666738510132,0.5624281167984009,-0.046291857957839966,0.6978519558906555,0.5672289729118347,-0.10176743566989899,0.6704034209251404,0.6382563710212708,-0.11155882477760315,0.6625159978866577,0.6644759774208069,-0.10616438090801239,0.7372429966926575,0.6018749475479126,-0.05584833770990372,0.710594654083252,0.6604264974594116,-0.09665938466787338,0.6773141622543335,0.7171472311019897,-0.08198334276676178,0.6748896837234497,0.7128376960754395,-0.0640254095196724,0.7682486176490784,0.6539983153343201,-0.07049012929201126,0.7336363792419434,0.7170757055282593,-0.09102210402488708,0.7015209197998047,0.7597626447677612,-0.07979381084442139,0.6974741220474243,0.7516022324562073,-0.06625096499919891,accelerate
0.6667526364326477,0.8377881050109863,-2.463634700688999e-07,0.6176751852035522,0.7835195064544678,-0.027388356626033783,0.5932939052581787,0.6970834136009216,-0.047582149505615234,0.6232329607009888,0.6425234079360962,-0.06869903951883316,0.6571550369262695,0.6038253307342529,-0.08755963295698166,0.6295260787010193,0.5557708740234375,-0.040157586336135864,0.6295954585075378,0.4366503953933716,-0.07462791353464127,0.6298052072525024,0.3663211464881897,-0.09360111504793167,0.6321279406547546,0.3058047592639923,-0.10689384490251541,0.6828007698059082,0.5648959875106812,-0.04582196846604347,0.6792606711387634,0.5766903162002563,-0.09692898392677307,0.659429669380188,0.6456465125083923,-0.10682056844234467,0.652263343334198,0.6772417426109314,-0.10225298255681992,0.7247560620307922,0.6013401746749878,-0.054605718702077866,0.69635409116745,0.6659982204437256,-0.09447360783815384,0.6726661324501038,0.7268943786621094,-0.08205493539571762,0.6703777313232422,0.7366936802864075,-0.06449379771947861,0.7584660053253174,0.64901202917099,-0.06767003983259201,0.7311184406280518,0.7003018856048584,-0.08826927840709686,0.705190896987915,0.7455959320068359,-0.0764385536313057,0.6990256905555725,0.7515434622764587,-0.061338793486356735,accelerate
0.6550453901290894,0.7875223159790039,-2.543184223213757e-07,0.6020417213439941,0.7307943105697632,-0.022719625383615494,0.5743185877799988,0.6486801505088806,-0.042504314333200455,0.5987775921821594,0.5959336161613464,-0.06386968493461609,0.6306301355361938,0.5556053519248962,-0.08387363702058792,0.614457368850708,0.5213971734046936,-0.04093730449676514,0.6119990348815918,0.4024459719657898,-0.07348308712244034,0.612406849861145,0.3305763304233551,-0.09241204708814621,0.6148838996887207,0.2689852714538574,-0.10614615678787231,0.6657613515853882,0.5276434421539307,-0.048301998525857925,0.659020721912384,0.555520236492157,-0.09916886687278748,0.640454113483429,0.6297808289527893,-0.10926161706447601,0.6337912082672119,0.6669704914093018,-0.10598421096801758,0.7065109014511108,0.5597331523895264,-0.057728733867406845,0.6863136291503906,0.617192268371582,-0.09631193429231644,0.6666773557662964,0.679203450679779,-0.08118695765733719,0.6624399423599243,0.7011089324951172,-0.06277640908956528,0.7409509420394897,0.6033486723899841,-0.07098964601755142,0.722082257270813,0.6456171274185181,-0.09107781201601028,0.6993983387947083,0.6921917200088501,-0.07695650309324265,0.6916612386703491,0.7084407806396484,-0.06022632494568825,accelerate
0.6393696665763855,0.7670570611953735,-2.411219384157448e-07,0.5785145163536072,0.7156442999839783,-0.02449885755777359,0.5512897968292236,0.6268411874771118,-0.041464097797870636,0.5751010775566101,0.5637789964675903,-0.05994460731744766,0.5955929160118103,0.5081799626350403,-0.07617932558059692,0.584968090057373,0.4832186698913574,-0.03200749680399895,0.5847461819648743,0.36504319310188293,-0.06634946912527084,0.5872349143028259,0.2899215817451477,-0.08633720129728317,0.5928269028663635,0.22421881556510925,-0.1006522923707962,0.6390496492385864,0.4859107434749603,-0.03912649303674698,0.6266226768493652,0.52132648229599,-0.09141919016838074,0.6069892644882202,0.595257043838501,-0.10160236805677414,0.6051272749900818,0.6203088760375977,-0.09776641428470612,0.6817241907119751,0.5169321298599243,-0.04980872943997383,0.6555290818214417,0.5826846361160278,-0.08849350363016129,0.633449912071228,0.6412901282310486,-0.07289908081293106,0.634436845779419,0.6429387331008911,-0.05486166849732399,0.7164904475212097,0.5600285530090332,-0.06506373733282089,0.688721776008606,0.6174649596214294,-0.08478716015815735,0.6684452295303345,0.662390410900116,-0.071649931371212,0.6692097783088684,0.6607803106307983,-0.056001197546720505,accelerate
0.6388232111930847,0.7057178616523743,-3.0948137919040164e-07,0.5841072797775269,0.6521650552749634,-0.025357473641633987,0.5591479539871216,0.5590337514877319,-0.041749849915504456,0.5774762034416199,0.484882652759552,-0.05985157936811447,0.5947620272636414,0.42167335748672485,-0.07526158541440964,0.5913169980049133,0.41613903641700745,-0.025734396651387215,0.5882717370986938,0.3022595942020416,-0.06262779235839844,0.5877634882926941,0.22998327016830444,-0.0843077301979065,0.5921046137809753,0.16706719994544983,-0.0997203141450882,0.6443749070167542,0.42166441679000854,-0.03389223664999008,0.6235480904579163,0.43122315406799316,-0.08792567998170853,0.6029447913169861,0.5090458989143372,-0.09704983234405518,0.6046115756034851,0.5370235443115234,-0.09151855856180191,0.6860430836677551,0.4565480053424835,-0.04677756875753403,0.6508216857910156,0.49827733635902405,-0.0895267054438591,0.6286999583244324,0.5659748315811157,-0.07231432944536209,0.6357316970825195,0.5712928771972656,-0.0519312284886837,0.7182785868644714,0.5052706003189087,-0.06417447328567505,0.680616021156311,0.5529884099960327,-0.08748504519462585,0.6616450548171997,0.6003633737564087,-0.07523845136165619,0.6703960299491882,0.5976688861846924,-0.060021594166755676,accelerate
0.6503884196281433,0.6733145713806152,-2.9838230375389685e-07,0.5991626381874084,0.6200728416442871,-0.0281299389898777,0.5771850347518921,0.5296896696090698,-0.045690130442380905,0.5981758236885071,0.4561886191368103,-0.06385080516338348,0.6224384903907776,0.39562439918518066,-0.0789891853928566,0.6111366748809814,0.39522111415863037,-0.029723307117819786,0.609394371509552,0.28029870986938477,-0.06649266928434372,0.6085847616195679,0.20907223224639893,-0.08760858327150345,0.6135551929473877,0.14554119110107422,-0.10295271873474121,0.6656515598297119,0.40089181065559387,-0.03524595499038696,0.6498607397079468,0.4133482575416565,-0.08816102147102356,0.6285396218299866,0.48833730816841125,-0.09594719111919403,0.6289985179901123,0.5149945616722107,-0.09020763635635376,0.7063483595848083,0.43596339225769043,-0.04558280482888222,0.6743107438087463,0.4841043949127197,-0.08718050271272659,0.6497849225997925,0.5468689203262329,-0.07013805210590363,0.6543349623680115,0.5493957996368408,-0.050516869872808456,0.7360966205596924,0.4832751452922821,-0.06066757068037987,0.7016677856445312,0.5350343585014343,-0.08408055454492569,0.6794729828834534,0.580733597278595,-0.07308533787727356,0.6832743883132935,0.5771546959877014,-0.05914682522416115,accelerate
0.6815435886383057,0.6815088391304016,-3.5738602832680044e-07,0.6342339515686035,0.6286001801490784,-0.031230228021740913,0.6147094964981079,0.5363786220550537,-0.04999767616391182,0.6406424045562744,0.46440303325653076,-0.0686507597565651,0.6678727865219116,0.4050786793231964,-0.08379270136356354,0.6471134424209595,0.4014799892902374,-0.032860755920410156,0.6469498872756958,0.28626978397369385,-0.07158413529396057,0.6458196043968201,0.2155727595090866,-0.09245358407497406,0.6522738337516785,0.1516926884651184,-0.10699541121721268,0.7026137113571167,0.4054768681526184,-0.036585286259651184,0.6968674659729004,0.42282381653785706,-0.09038161486387253,0.6687794923782349,0.5013700127601624,-0.09709623456001282,0.6663188338279724,0.5220586657524109,-0.09029113501310349,0.7449823617935181,0.4401509761810303,-0.04548800364136696,0.7239986062049866,0.4898817837238312,-0.08915142714977264,0.6908168792724609,0.5545909404754639,-0.07190652936697006,0.6918542385101318,0.5520249605178833,-0.05186305567622185,0.7771937251091003,0.48805850744247437,-0.05922563374042511,0.7485968470573425,0.5451990962028503,-0.08456826955080032,0.7181610465049744,0.592388927936554,-0.07421199232339859,0.716978132724762,0.586638331413269,-0.06048813834786415,accelerate
0.6960792541503906,0.6807504892349243,-3.0032509812372155e-07,0.6571395993232727,0.6204396486282349,-0.027636965736746788,0.6391527056694031,0.5271113514900208,-0.045345913618803024,0.6613194942474365,0.45427456498146057,-0.06411458551883698,0.6951035857200623,0.4024745523929596,-0.08031810075044632,0.6650709509849548,0.4013802111148834,-0.024427471682429314,0.6654955744743347,0.28662335872650146,-0.0607999712228775,0.6652660369873047,0.21460549533367157,-0.08008342236280441,0.6705709099769592,0.15276873111724854,-0.09278974682092667,0.7175028920173645,0.4131823778152466,-0.03065987303853035,0.7123949527740479,0.40116116404533386,-0.08507180213928223,0.6833879351615906,0.48208627104759216,-0.09243760257959366,0.6764257550239563,0.5208525061607361,-0.08364342898130417,0.7588947415351868,0.45047351717948914,-0.0418212004005909,0.7374733686447144,0.4752199053764343,-0.08884105831384659,0.704568088054657,0.5477085709571838,-0.07278037816286087,0.7032206654548645,0.5637674331665039,-0.05014653503894806,0.7908258438110352,0.5010485053062439,-0.05678151547908783,0.7603423595428467,0.5312976837158203,-0.08172929286956787,0.7290172576904297,0.585381031036377,-0.06785859167575836,0.7268065810203552,0.595848798751831,-0.05032982677221298,accelerate
0.7348671555519104,0.7136955261230469,-3.412746707454062e-07,0.6942179203033447,0.6566499471664429,-0.030495841056108475,0.6824877858161926,0.5622068643569946,-0.04903412237763405,0.7171367406845093,0.49402308464050293,-0.06737324595451355,0.7491257786750793,0.4400410056114197,-0.08332722634077072,0.7076964378356934,0.4309595227241516,-0.029345281422138214,0.7068745493888855,0.32146626710891724,-0.06274446099996567,0.7052198648452759,0.2527138292789459,-0.08124180883169174,0.7090919613838196,0.19100195169448853,-0.09429808706045151,0.7547559142112732,0.4450288712978363,-0.03385589271783829,0.7694306969642639,0.44026046991348267,-0.08511626720428467,0.7459192276000977,0.5152760148048401,-0.0944945216178894,0.7334312796592712,0.5484179258346558,-0.0890953317284584,0.7930171489715576,0.48176130652427673,-0.04278033599257469,0.7939713001251221,0.5054642558097839,-0.08759232610464096,0.7617246508598328,0.573298454284668,-0.07611192762851715,0.7498563528060913,0.5878554582595825,-0.05873991176486015,0.823529064655304,0.5299462080001831,-0.055551812052726746,0.809378981590271,0.5674515962600708,-0.08173498511314392,0.777194082736969,0.6227529644966125,-0.0721663162112236,0.7661868333816528,0.634158194065094,-0.05876348540186882,accelerate
0.7596564292907715,0.732718288898468,-1.8743364194051537e-07,0.71794593334198,0.6764869093894958,-0.03449352830648422,0.702589213848114,0.5804375410079956,-0.0552997887134552,0.7390459775924683,0.509197473526001,-0.07554623484611511,0.7745818495750427,0.4518885016441345,-0.09286057949066162,0.7218113541603088,0.4555903673171997,-0.03034026362001896,0.7219034433364868,0.33862173557281494,-0.06441415101289749,0.7225056886672974,0.2681461572647095,-0.08380679786205292,0.7259028553962708,0.20671939849853516,-0.09774154424667358,0.7669140696525574,0.4724172353744507,-0.033618368208408356,0.7809303998947144,0.4546213746070862,-0.0871802568435669,0.7626772522926331,0.5279189348220825,-0.09783782064914703,0.7536591291427612,0.5592055320739746,-0.09366881102323532,0.8049520254135132,0.5079372525215149,-0.04194574058055878,0.8083418607711792,0.5137270092964172,-0.0899067223072052,0.7813947200775146,0.5854520201683044,-0.07691989839076996,0.771477460861206,0.6018030047416687,-0.057641129940748215,0.8365373611450195,0.5538734793663025,-0.05424118414521217,0.8272802233695984,0.5670820474624634,-0.0824635699391365,0.7981986999511719,0.6210472583770752,-0.07100783288478851,0.7844284176826477,0.6322234272956848,-0.05575988441705704,accelerate
0.7858187556266785,0.7501484751701355,-2.2339460770126607e-07,0.7429693937301636,0.6955150365829468,-0.031872157007455826,0.7315243482589722,0.5930069088935852,-0.04821363836526871,0.7731883525848389,0.5199937224388123,-0.06432957947254181,0.8147836327552795,0.46939709782600403,-0.07844235748052597,0.7505590319633484,0.47017958760261536,-0.021025484427809715,0.7495344877243042,0.3637027144432068,-0.050122108310461044,0.7500150203704834,0.2947877049446106,-0.06767551600933075,0.7534259557723999,0.23609432578086853,-0.08118762075901031,0.7967002987861633,0.4878491759300232,-0.024866215884685516,0.8096713423728943,0.4701569974422455,-0.07473454624414444,0.787447452545166,0.5416393876075745,-0.08559423685073853,0.7749370336532593,0.5749444365501404,-0.08173646777868271,0.8345184922218323,0.5248371958732605,-0.03370223939418793,0.8358409404754639,0.5286484360694885,-0.08028902858495712,0.8038821220397949,0.5994853377342224,-0.06977485120296478,0.7913373112678528,0.6186115741729736,-0.052299655973911285,0.8633471727371216,0.5731436610221863,-0.04615836963057518,0.8539333939552307,0.5836740136146545,-0.07546138763427734,0.8223358392715454,0.638736367225647,-0.06619448959827423,0.8093738555908203,0.6518360376358032,-0.0524972602725029,accelerate
0.7988110184669495,0.7515928745269775,-2.2266785038027592e-07,0.757623016834259,0.6953001618385315,-0.03309890255331993,0.748296856880188,0.5925120115280151,-0.05118024721741676,0.7942816615104675,0.5233368873596191,-0.06825566291809082,0.8388311862945557,0.47430792450904846,-0.08289619535207748,0.7667259573936462,0.47135475277900696,-0.02607506327331066,0.765399158000946,0.3652026653289795,-0.0560152493417263,0.7662686109542847,0.29661285877227783,-0.07503190636634827,0.7697093486785889,0.23820888996124268,-0.08989646285772324,0.8168014883995056,0.48526492714881897,-0.02872118167579174,0.830011248588562,0.47761642932891846,-0.07800658792257309,0.8079787492752075,0.5447108745574951,-0.08995166420936584,0.795545220375061,0.5756653547286987,-0.08773824572563171,0.8566436171531677,0.5212619304656982,-0.03607479855418205,0.8514137864112854,0.5404812097549438,-0.07939019054174423,0.8192926049232483,0.6045211553573608,-0.06955154985189438,0.808620035648346,0.6186953783035278,-0.05386868864297867,0.8858855962753296,0.5678555369377136,-0.047427788376808167,0.8679270148277283,0.5905323624610901,-0.07422421127557755,0.8355560898780823,0.6395173072814941,-0.06588619202375412,0.8241057395935059,0.6476607322692871,-0.05366835743188858,accelerate
0.7984620332717896,0.7674827575683594,-2.2492999107726064e-07,0.7573866844177246,0.7051558494567871,-0.03161827102303505,0.7477978467941284,0.6100098490715027,-0.05109291896224022,0.7884738445281982,0.5461714267730713,-0.07021461427211761,0.8301330804824829,0.4953511357307434,-0.0871194452047348,0.7655377984046936,0.49236172437667847,-0.027218706905841827,0.7643683552742004,0.38751956820487976,-0.05950043722987175,0.765055239200592,0.3199270963668823,-0.07910318672657013,0.7686120867729187,0.2610238194465637,-0.0935395359992981,0.8154245018959045,0.507094144821167,-0.030834725126624107,0.8236032128334045,0.5007092952728271,-0.08154384791851044,0.8015055060386658,0.5734276175498962,-0.09213102608919144,0.7909891605377197,0.6062541007995605,-0.08849865198135376,0.8544682860374451,0.5431831479072571,-0.039123449474573135,0.8502541184425354,0.5590312480926514,-0.08330527693033218,0.8167130947113037,0.626183271408081,-0.07091080397367477,0.8048011660575867,0.6431251764297485,-0.053135793656110764,0.8826410174369812,0.5903950929641724,-0.051305245608091354,0.8639500737190247,0.6136679649353027,-0.07680650800466537,0.829160749912262,0.6633228659629822,-0.06612208485603333,0.8159106969833374,0.6726543307304382,-0.05215686559677124,accelerate
0.7778193354606628,0.8134973049163818,-1.6405851965828333e-07,0.7340370416641235,0.7493391036987305,-0.0298321396112442,0.7225896120071411,0.6480244398117065,-0.04554733261466026,0.7628136277198792,0.5764227509498596,-0.06187873333692551,0.7974168658256531,0.5211395621299744,-0.07597943395376205,0.73906010389328,0.5381668210029602,-0.017612876370549202,0.7417203783988953,0.42346182465553284,-0.047579072415828705,0.7457001209259033,0.35320568084716797,-0.06571590900421143,0.7497614622116089,0.2938478887081146,-0.07840994000434875,0.7842005491256714,0.554548442363739,-0.021866770461201668,0.7953463196754456,0.5175634026527405,-0.07410359382629395,0.7790318727493286,0.5880587697029114,-0.08682050555944443,0.768958568572998,0.631446123123169,-0.08230187743902206,0.8228864669799805,0.5859995484352112,-0.03111673705279827,0.8225333094596863,0.577951967716217,-0.07833557575941086,0.7976198792457581,0.6494600176811218,-0.06826756149530411,0.7876954078674316,0.6785905957221985,-0.048956677317619324,0.8564295768737793,0.6285872459411621,-0.04379495978355408,0.8485972285270691,0.6231850385665894,-0.0707760825753212,0.8214526176452637,0.6746758222579956,-0.05993575602769852,0.8089093565940857,0.6948766112327576,-0.044342901557683945,accelerate
0.69711834192276,0.939785361289978,-1.7201577406922297e-07,0.6488048434257507,0.8921789526939392,-0.0352356918156147,0.6254116296768188,0.8064627647399902,-0.05858287215232849,0.6515132188796997,0.7359952330589294,-0.08153253048658371,0.6778098940849304,0.6803358197212219,-0.10247506946325302,0.6469841003417969,0.6625882387161255,-0.03244999051094055,0.6493149995803833,0.5468217730522156,-0.06562496721744537,0.65058434009552,0.4800099730491638,-0.08724567294120789,0.6522558331489563,0.4240536391735077,-0.10275932401418686,0.6944187879562378,0.6833903193473816,-0.037471599876880646,0.7103626728057861,0.6215733885765076,-0.08812454342842102,0.6915035247802734,0.6945131421089172,-0.09929601103067398,0.6763669848442078,0.7425983548164368,-0.0962187871336937,0.7361488342285156,0.717741072177887,-0.04757586494088173,0.7461667656898499,0.6702407598495483,-0.09372112154960632,0.7205489277839661,0.7435545921325684,-0.08098392933607101,0.7051883339881897,0.7859058380126953,-0.062342315912246704,0.7732886075973511,0.7637038230895996,-0.061655689030885696,0.7810741662979126,0.7154929041862488,-0.09237008541822433,0.7534772753715515,0.7708864808082581,-0.0803234800696373,0.7342835664749146,0.8097965717315674,-0.06490499526262283,accelerate
0.6153091788291931,1.0260313749313354,-2.122539655147193e-07,0.5674570798873901,0.9805746078491211,-0.029642952606081963,0.5405521988868713,0.9149658679962158,-0.05205168575048447,0.5533931255340576,0.859932541847229,-0.07529539614915848,0.5861865282058716,0.8270556330680847,-0.0970132052898407,0.5675181150436401,0.7647525668144226,-0.033953480422496796,0.5597283244132996,0.6533653736114502,-0.06784237176179886,0.5593215823173523,0.5850217342376709,-0.09148456901311874,0.5613951683044434,0.5260990858078003,-0.10847421735525131,0.6155198812484741,0.7795586585998535,-0.03964268043637276,0.6161304116249084,0.7706418037414551,-0.08919668942689896,0.596482515335083,0.837247371673584,-0.10265874117612839,0.583097517490387,0.8797252178192139,-0.10215868055820465,0.6566846966743469,0.812527596950531,-0.04920399561524391,0.6494929790496826,0.8195263147354126,-0.09011487662792206,0.6253894567489624,0.8803465366363525,-0.08013586699962616,0.6142356991767883,0.9127349257469177,-0.06434128433465958,0.6902320981025696,0.8559126853942871,-0.06280896067619324,0.682262659072876,0.8595021963119507,-0.08653413504362106,0.6558607816696167,0.9065005779266357,-0.07568203657865524,0.6443399786949158,0.932935357093811,-0.061261776834726334,accelerate
0.5732986330986023,1.0269160270690918,-2.1697381669127935e-07,0.5252445936203003,0.9958704710006714,-0.0300863329321146,0.4974367916584015,0.9385929107666016,-0.05400879681110382,0.4949054419994354,0.8909611701965332,-0.07785078883171082,0.509528398513794,0.842046320438385,-0.09914498776197433,0.5252550840377808,0.780890941619873,-0.04571826383471489,0.5185618996620178,0.6680137515068054,-0.0842713713645935,0.5178920030593872,0.6000733375549316,-0.10736193507909775,0.5227230191230774,0.5410759449005127,-0.12391582876443863,0.5763128399848938,0.77875155210495,-0.04897096008062363,0.5429494976997375,0.8270615935325623,-0.0973200798034668,0.534457802772522,0.896170973777771,-0.10489421337842941,0.5430543422698975,0.9134218692779541,-0.10201043635606766,0.6161141395568848,0.8104046583175659,-0.056021422147750854,0.5708197355270386,0.8893746137619019,-0.09009727090597153,0.5605152249336243,0.9408064484596252,-0.07211772352457047,0.5702771544456482,0.9344117045402527,-0.054793037474155426,0.645265519618988,0.8542905449867249,-0.0683114305138588,0.6044290661811829,0.9246606230735779,-0.08836193382740021,0.5945415496826172,0.9628437161445618,-0.07669781893491745,0.6048654317855835,0.95354163646698,-0.06260351836681366,accelerate
0.5682345032691956,1.0241434574127197,-2.482065326603333e-07,0.5175736546516418,0.9937975406646729,-0.027591878548264503,0.4865936040878296,0.9402173161506653,-0.05179447680711746,0.48322492837905884,0.8941601514816284,-0.07627569139003754,0.4959256947040558,0.8435184359550476,-0.09879257529973984,0.5124913454055786,0.781856119632721,-0.047186754643917084,0.5064706802368164,0.6731191873550415,-0.08633390069007874,0.5058282017707825,0.6044670939445496,-0.1117306500673294,0.510567307472229,0.5446455478668213,-0.13067542016506195,0.5639694929122925,0.7766766548156738,-0.05167727917432785,0.5289523601531982,0.8293068408966064,-0.0978466272354126,0.5209876298904419,0.8972648978233337,-0.10557413101196289,0.5292456746101379,0.9152281284332275,-0.10453592985868454,0.6038728356361389,0.807802677154541,-0.05950232222676277,0.5564286708831787,0.8882590532302856,-0.09060411900281906,0.5465891361236572,0.9371464252471924,-0.07186059653759003,0.5558545589447021,0.9330922365188599,-0.055854182690382004,0.632915198802948,0.8527553081512451,-0.0725037157535553,0.5885154604911804,0.9246420860290527,-0.09224062412977219,0.5779128074645996,0.9612874984741211,-0.08087223768234253,0.5866286158561707,0.953632116317749,-0.06776851415634155,accelerate
0.5747900605201721,1.021390676498413,-1.8912221833033982e-07,0.523662269115448,0.9936861395835876,-0.029424740001559258,0.4928535223007202,0.940725564956665,-0.05554419755935669,0.4878600835800171,0.8932405710220337,-0.08195928484201431,0.5051016211509705,0.8443491458892822,-0.10577163100242615,0.5215562582015991,0.7844107747077942,-0.04698997363448143,0.5162972807884216,0.6720566749572754,-0.08741306513547897,0.5184403657913208,0.602878212928772,-0.11173555254936218,0.5265535712242126,0.5439094305038452,-0.12902934849262238,0.571494460105896,0.779522180557251,-0.05100630223751068,0.5360026955604553,0.8270765542984009,-0.0993308424949646,0.5301389098167419,0.8946563601493835,-0.10681508481502533,0.5416160821914673,0.9079635739326477,-0.10420043021440506,0.6112784743309021,0.8094831109046936,-0.05871261656284332,0.5632220506668091,0.8885224461555481,-0.09220663458108902,0.5567359924316406,0.9392877221107483,-0.07281577587127686,0.5696998834609985,0.9321370720863342,-0.054948195815086365,0.6406387090682983,0.852801501750946,-0.07168839126825333,0.5945727229118347,0.9240546822547913,-0.09156111627817154,0.5888314247131348,0.9616203308105469,-0.07903164625167847,0.6027928590774536,0.9516732692718506,-0.06439973413944244,accelerate
0.5932982563972473,1.0190598964691162,-2.33252961834296e-07,0.5486384034156799,0.9917715787887573,-0.029102204367518425,0.5196564197540283,0.9349243640899658,-0.05213390663266182,0.5269172191619873,0.8890296220779419,-0.07470426708459854,0.5533635020256042,0.8504000902175903,-0.09461232274770737,0.5471686124801636,0.7808206677436829,-0.045692164450883865,0.546120285987854,0.6708280444145203,-0.08214449137449265,0.5508385300636292,0.6028872728347778,-0.10420647263526917,0.5585310459136963,0.5438065528869629,-0.12062952667474747,0.6003021001815796,0.7764483690261841,-0.04916521906852722,0.5812833309173584,0.8229243159294128,-0.09329325705766678,0.5669272541999817,0.890769898891449,-0.09914686530828476,0.5694856643676758,0.9062330722808838,-0.0961686223745346,0.6420414447784424,0.8092408776283264,-0.056088466197252274,0.6064977645874023,0.8902679085731506,-0.08676119893789291,0.5895235538482666,0.9379659295082092,-0.06884601712226868,0.5950712561607361,0.9290424585342407,-0.05294616520404816,0.6740072965621948,0.8553751707077026,-0.0681229829788208,0.637045681476593,0.9300302267074585,-0.08697168529033661,0.6220158338546753,0.9674944877624512,-0.07562104612588882,0.6283848285675049,0.9576188921928406,-0.0627206489443779,accelerate
0.5972242951393127,1.0266157388687134,-2.953250088921777e-07,0.5562297701835632,0.9923160076141357,-0.030452130362391472,0.5327834486961365,0.9318493604660034,-0.05380985885858536,0.5413258075714111,0.8843637108802795,-0.0770876482129097,0.5682632923126221,0.8398186564445496,-0.09778030216693878,0.563025951385498,0.7755247950553894,-0.04326469078660011,0.5604341626167297,0.6654027700424194,-0.08153738081455231,0.5632474422454834,0.5984737873077393,-0.10424532741308212,0.5701730847358704,0.5393288135528564,-0.12010852247476578,0.6148998141288757,0.7738490104675293,-0.0466119609773159,0.592265784740448,0.8177012801170349,-0.09382688254117966,0.5776985883712769,0.8887022137641907,-0.10088411718606949,0.5812410116195679,0.9071539044380188,-0.09742379933595657,0.655225932598114,0.8084808588027954,-0.05399136617779732,0.6190892457962036,0.8822121620178223,-0.08951938152313232,0.6013148427009583,0.9361888766288757,-0.07333467900753021,0.6072879433631897,0.9335517883300781,-0.056452102959156036,0.6872783899307251,0.856376051902771,-0.06632070243358612,0.6525257229804993,0.9234173893928528,-0.08649700880050659,0.632770299911499,0.9645388722419739,-0.0751064345240593,0.6355848908424377,0.9617178440093994,-0.061172883957624435,accelerate
0.6265908479690552,1.0295486450195312,-2.8524516437755665e-07,0.5814737677574158,0.9912751317024231,-0.031136613339185715,0.5547744035720825,0.9280657768249512,-0.05668417364358902,0.5782291889190674,0.8840426206588745,-0.08122885227203369,0.6146619319915771,0.8440810441970825,-0.10240481793880463,0.5879039764404297,0.7735881209373474,-0.05020100995898247,0.5902968645095825,0.6601523160934448,-0.08854978531599045,0.5958864092826843,0.5923332571983337,-0.11304758489131927,0.6017116904258728,0.5284551382064819,-0.13210296630859375,0.6412973403930664,0.7734496593475342,-0.054365869611501694,0.6287637948989868,0.8197706937789917,-0.10164907574653625,0.6127867102622986,0.8844351172447205,-0.11103137582540512,0.6121894717216492,0.8929928541183472,-0.11149308830499649,0.6847647428512573,0.8097573518753052,-0.061848100274801254,0.6590020060539246,0.8872114419937134,-0.09439963847398758,0.6393805742263794,0.9335821866989136,-0.07739601284265518,0.6421696543693542,0.9194875955581665,-0.06291519105434418,0.7223787307739258,0.8585532307624817,-0.07471618801355362,0.6933108568191528,0.924138069152832,-0.09500173479318619,0.6747445464134216,0.9600181579589844,-0.08381613343954086,0.6769248843193054,0.9484793543815613,-0.07142359763383865,accelerate
0.6536184549331665,1.0070568323135376,-3.681579983094707e-07,0.6087221503257751,0.9709533452987671,-0.031869351863861084,0.5849363207817078,0.9007167816162109,-0.05568372458219528,0.613917350769043,0.8472636938095093,-0.07804360240697861,0.6511814594268799,0.7970048189163208,-0.0971846729516983,0.6115822792053223,0.7482026219367981,-0.048960234969854355,0.614601194858551,0.6295220851898193,-0.08710891753435135,0.6215501427650452,0.5591882467269897,-0.11062807589769363,0.630750298500061,0.49767908453941345,-0.12814636528491974,0.6663906574249268,0.7493844628334045,-0.050867918878793716,0.6611091494560242,0.7969971299171448,-0.10176938027143478,0.641620934009552,0.8684841990470886,-0.11130910366773605,0.6353604793548584,0.8858644366264343,-0.11033730953931808,0.7105655074119568,0.7815943956375122,-0.05627745762467384,0.692116916179657,0.85114586353302,-0.09356695413589478,0.6681347489356995,0.905194878578186,-0.07769652456045151,0.6645216345787048,0.9002608060836792,-0.06200786679983139,0.7476890683174133,0.8248363733291626,-0.06667474657297134,0.724159836769104,0.8887859582901001,-0.08980782330036163,0.6990156769752502,0.9313977360725403,-0.07995102554559708,0.6932794451713562,0.9267910718917847,-0.06734925508499146,accelerate
0.6558338403701782,0.9490208029747009,-2.556095068939612e-07,0.6092419028282166,0.8990302085876465,-0.027372485026717186,0.5884435772895813,0.8127221465110779,-0.04613596200942993,0.6208697557449341,0.7545076608657837,-0.06515201181173325,0.6556883454322815,0.7085999846458435,-0.08163070678710938,0.6114560961723328,0.6747187376022339,-0.036522261798381805,0.614558219909668,0.5575278401374817,-0.06981498003005981,0.6199888586997986,0.4873746633529663,-0.08972097188234329,0.6266463994979858,0.42429319024086,-0.10443641245365143,0.6634789109230042,0.6826406717300415,-0.04130129888653755,0.6652273535728455,0.706545889377594,-0.09089873731136322,0.6477959156036377,0.7803083658218384,-0.09955982863903046,0.6411905884742737,0.8063589930534363,-0.09630682319402695,0.7065533399581909,0.7151286602020264,-0.049667514860630035,0.6969650983810425,0.7608922719955444,-0.08807013183832169,0.6739153861999512,0.8211590051651001,-0.07284370809793472,0.6682510375976562,0.8282007575035095,-0.05559868738055229,0.7432114481925964,0.7581056356430054,-0.062416333705186844,0.732131838798523,0.7957078814506531,-0.08387897163629532,0.7068634629249573,0.8427307605743408,-0.07162899523973465,0.6980023980140686,0.8487898111343384,-0.05703560262918472,accelerate
0.6400513648986816,0.8965458869934082,-2.588222116628458e-07,0.5935167074203491,0.8427544832229614,-0.02984231896698475,0.5783494710922241,0.7486145496368408,-0.047909677028656006,0.6130642890930176,0.682650625705719,-0.06620136648416519,0.6458494067192078,0.631585419178009,-0.08168331533670425,0.5994995832443237,0.6136572360992432,-0.0314696803689003,0.6051454544067383,0.4977629482746124,-0.0646740272641182,0.6085555553436279,0.4309437870979309,-0.082426056265831,0.6153507232666016,0.37059348821640015,-0.09450509399175644,0.651388943195343,0.6236869096755981,-0.03584577888250351,0.6560174226760864,0.6284078359603882,-0.08800660073757172,0.633030116558075,0.7014737725257874,-0.09744998067617416,0.6233066320419312,0.7320030927658081,-0.09151693433523178,0.6934911012649536,0.6577759981155396,-0.044308558106422424,0.6792269945144653,0.7017723321914673,-0.08694516867399216,0.6510273218154907,0.770129919052124,-0.07394719123840332,0.6445818543434143,0.7817556858062744,-0.05502721294760704,0.727896511554718,0.7043900489807129,-0.05711296200752258,0.7058480381965637,0.7522352337837219,-0.07977887243032455,0.6748876571655273,0.8066120743751526,-0.06858117878437042,0.6640567779541016,0.8153690099716187,-0.0536290779709816,accelerate
0.6358104348182678,0.8925184011459351,-2.5438484385631455e-07,0.5898328423500061,0.8379955887794495,-0.027688434347510338,0.570273756980896,0.7459088563919067,-0.04475429654121399,0.6035685539245605,0.679556131362915,-0.06238545849919319,0.6413223147392273,0.6329339742660522,-0.07750781625509262,0.5958340167999268,0.60536789894104,-0.029999714344739914,0.6011174917221069,0.48995035886764526,-0.06270641833543777,0.6028884649276733,0.4216151237487793,-0.08059165626764297,0.6084604859352112,0.36170002818107605,-0.09296341985464096,0.6498541831970215,0.6151500344276428,-0.03517499566078186,0.6549510955810547,0.6112933158874512,-0.08538929373025894,0.630119264125824,0.6795644164085388,-0.09459111839532852,0.6197453737258911,0.7164375185966492,-0.08832456171512604,0.6929885149002075,0.6512593626976013,-0.04417629539966583,0.6726082563400269,0.699913740158081,-0.08296234160661697,0.6412660479545593,0.758457601070404,-0.07169771194458008,0.6340494155883789,0.7696238160133362,-0.054688461124897,0.7259520292282104,0.7000187635421753,-0.057592183351516724,0.6982890963554382,0.7555807828903198,-0.07825334370136261,0.6672933101654053,0.8035852313041687,-0.06912768632173538,0.6590964198112488,0.8108081221580505,-0.05600558966398239,accelerate
0.63543701171875,0.887733519077301,-2.367707025996424e-07,0.5891233086585999,0.8327661156654358,-0.03056156076490879,0.5725938677787781,0.7407164573669434,-0.050011198967695236,0.6049652695655823,0.6742060780525208,-0.06977280229330063,0.6421032547950745,0.6231679916381836,-0.08640605956315994,0.598871111869812,0.6043403744697571,-0.03181510418653488,0.605518102645874,0.4875066876411438,-0.0702301412820816,0.608524739742279,0.41931915283203125,-0.09116348624229431,0.6165693998336792,0.35772275924682617,-0.10511858016252518,0.6538256406784058,0.6125503778457642,-0.036878716200590134,0.6541598439216614,0.6016467809677124,-0.09380507469177246,0.6267491579055786,0.6771559715270996,-0.10279849916696548,0.6196286678314209,0.7129143476486206,-0.09434087574481964,0.6965041756629944,0.6479459404945374,-0.046695154160261154,0.6716194748878479,0.6918129324913025,-0.08998927474021912,0.6397945880889893,0.755437970161438,-0.0750388503074646,0.6385493278503418,0.7617467045783997,-0.05408954992890358,0.7291350960731506,0.6974582672119141,-0.06138920783996582,0.6984446048736572,0.7478491067886353,-0.08258096873760223,0.6691673994064331,0.7949308156967163,-0.07085704058408737,0.6674665808677673,0.794903576374054,-0.055537909269332886,accelerate
0.647303581237793,0.8925793766975403,-2.9178286808928533e-07,0.5990269780158997,0.8383442759513855,-0.029394803568720818,0.5813714265823364,0.745377242565155,-0.04782548174262047,0.6170101761817932,0.6805998086929321,-0.06669245660305023,0.6548188924789429,0.631397008895874,-0.08262738585472107,0.6040652394294739,0.6052312254905701,-0.030182484537363052,0.609399676322937,0.4906998872756958,-0.06680765748023987,0.611137330532074,0.42182791233062744,-0.0869419053196907,0.6178570985794067,0.36024901270866394,-0.1006510853767395,0.6597570776939392,0.6115051507949829,-0.03537335246801376,0.6613425612449646,0.6136676073074341,-0.0908595621585846,0.6356432437896729,0.690357506275177,-0.09996629506349564,0.628497838973999,0.726323127746582,-0.09220404177904129,0.7037290930747986,0.6455579400062561,-0.04515095055103302,0.6822216510772705,0.6968556046485901,-0.08734459429979324,0.6525071263313293,0.7618575692176819,-0.07303221523761749,0.6503303050994873,0.7693628668785095,-0.05309039726853371,0.7374330759048462,0.693526029586792,-0.059741273522377014,0.7075852751731873,0.7530539631843567,-0.08083128184080124,0.6794142127037048,0.8021586537361145,-0.0699835792183876,0.6770298480987549,0.8026546835899353,-0.055451154708862305,accelerate
0.6573755741119385,0.8997759819030762,-2.5772152412173455e-07,0.60737544298172,0.8440448045730591,-0.029160568490624428,0.5882571339607239,0.7538121342658997,-0.04816741868853569,0.624516487121582,0.6910229325294495,-0.06754091382026672,0.6601189374923706,0.6430378556251526,-0.08443891257047653,0.6108444333076477,0.6101340055465698,-0.033613190054893494,0.6151629090309143,0.49346619844436646,-0.06870744377374649,0.6167247295379639,0.42312532663345337,-0.0879490002989769,0.6216832399368286,0.3612667918205261,-0.10080625116825104,0.6672372817993164,0.6189035177230835,-0.038693711161613464,0.6698088645935059,0.614294707775116,-0.0920506939291954,0.645010232925415,0.6899743676185608,-0.10124626010656357,0.6353867053985596,0.7320997714996338,-0.09385886043310165,0.7119501829147339,0.6542320251464844,-0.04770306870341301,0.6903402209281921,0.7029022574424744,-0.08864765614271164,0.6599124073982239,0.7680014967918396,-0.07567820698022842,0.6529387831687927,0.7835006713867188,-0.056375570595264435,0.7462068200111389,0.7025961875915527,-0.061258990317583084,0.7192357778549194,0.7552757859230042,-0.08127808570861816,0.688049852848053,0.80445396900177,-0.06987272202968597,0.6783691048622131,0.8125544786453247,-0.05465688183903694,accelerate
0.6630238890647888,0.902616560459137,-3.182170473792212e-07,0.6139470338821411,0.8479891419410706,-0.029702115803956985,0.5961852073669434,0.7599836587905884,-0.05071276053786278,0.636311411857605,0.7000796794891357,-0.07212652266025543,0.6778212189674377,0.6550480127334595,-0.09142234176397324,0.6210251450538635,0.6140931844711304,-0.037336211651563644,0.6258551478385925,0.499173641204834,-0.07243095338344574,0.6287081837654114,0.42753905057907104,-0.09329435229301453,0.6331788301467896,0.3659749925136566,-0.10798275470733643,0.6779625415802002,0.6203820705413818,-0.042019281536340714,0.6750597357749939,0.6396538615226746,-0.09425926953554153,0.6522377729415894,0.7125023603439331,-0.10461839288473129,0.6429246068000793,0.7473605871200562,-0.10014968365430832,0.7229964733123779,0.6560715436935425,-0.05028301849961281,0.6992059946060181,0.7158901691436768,-0.08994268625974655,0.6695578098297119,0.7786884307861328,-0.07640891522169113,0.6614648699760437,0.7916338443756104,-0.05824551731348038,0.75773686170578,0.7050430178642273,-0.06326401978731155,0.7284823060035706,0.7603836059570312,-0.08324476331472397,0.6970078349113464,0.8088861703872681,-0.07115358859300613,0.6862894296646118,0.8179087042808533,-0.055844996124506,accelerate
0.6633291244506836,0.9049913287162781,-2.492907071882655e-07,0.616120457649231,0.850063145160675,-0.029935400933027267,0.5991445779800415,0.7606528997421265,-0.04986028000712395,0.6371632814407349,0.6983996033668518,-0.0701707974076271,0.6759331226348877,0.6505388617515564,-0.08811861276626587,0.6209976673126221,0.6149901151657104,-0.03597893938422203,0.6265813708305359,0.4969521760940552,-0.07123129814863205,0.6298022866249084,0.42554423213005066,-0.09095125645399094,0.634517252445221,0.36404407024383545,-0.10416567325592041,0.6773843765258789,0.6225064992904663,-0.04024786129593849,0.6760695576667786,0.6316746473312378,-0.09263206273317337,0.6545313000679016,0.6999923586845398,-0.10249380767345428,0.6468534469604492,0.7344970703125,-0.09685517102479935,0.7220507264137268,0.6584455370903015,-0.0482633113861084,0.6972970962524414,0.7168763875961304,-0.08948463946580887,0.6668541431427002,0.7821362018585205,-0.07708145678043365,0.6593114137649536,0.7975664734840393,-0.05855805054306984,0.7567599415779114,0.7081996202468872,-0.06087825074791908,0.7251028418540955,0.7689801454544067,-0.08288845419883728,0.6931461691856384,0.8199481964111328,-0.07241694629192352,0.683241605758667,0.8296346664428711,-0.05748172104358673,accelerate
0.6593866348266602,0.9029404520988464,-2.5030891492860974e-07,0.6122302412986755,0.8484468460083008,-0.03112749010324478,0.5941969156265259,0.7611771821975708,-0.05268394201993942,0.6314805150032043,0.698676347732544,-0.07439658045768738,0.6711801886558533,0.6499457955360413,-0.09352932870388031,0.6187693476676941,0.6155421137809753,-0.03728295490145683,0.6232883930206299,0.49869221448898315,-0.07325302064418793,0.6263542771339417,0.4278150796890259,-0.09341418743133545,0.6322906613349915,0.36664387583732605,-0.10715674608945847,0.6748566627502441,0.6245737075805664,-0.041677165776491165,0.6757135987281799,0.6274012327194214,-0.09516339004039764,0.6532730460166931,0.7006075978279114,-0.10432127863168716,0.6460358500480652,0.7371652126312256,-0.09782954305410385,0.7193821668624878,0.6609485745429993,-0.050187498331069946,0.6961528658866882,0.7093002200126648,-0.09078993648290634,0.6672927737236023,0.7699469327926636,-0.07724923640489578,0.6623735427856445,0.7792059779167175,-0.05842483788728714,0.7539300918579102,0.7099452614784241,-0.06341231614351273,0.7250590324401855,0.7577617168426514,-0.08251582831144333,0.6953400373458862,0.8035029172897339,-0.070280522108078,0.6883013844490051,0.8077772855758667,-0.05506134778261185,accelerate
0.6541634202003479,0.9095122814178467,-3.0595148814427375e-07,0.6074055433273315,0.8555209040641785,-0.03018958494067192,0.5881922245025635,0.7645997405052185,-0.05045907199382782,0.626213788986206,0.7024065852165222,-0.0711100846529007,0.6666492223739624,0.6568857431411743,-0.08920454978942871,0.6149061322212219,0.6161162853240967,-0.03639771789312363,0.6208849549293518,0.499589741230011,-0.07218558341264725,0.6240914463996887,0.42832350730895996,-0.09219498932361603,0.6300970911979675,0.3669862747192383,-0.10600252449512482,0.670966625213623,0.6245235800743103,-0.04106605052947998,0.6729825139045715,0.6392145156860352,-0.09493537992238998,0.6490659713745117,0.7140907049179077,-0.10459413379430771,0.6406813859939575,0.7483730316162109,-0.09874259680509567,0.7156854867935181,0.6615967750549316,-0.049721673130989075,0.6953598856925964,0.7190936207771301,-0.09172653406858444,0.6654869914054871,0.7831045389175415,-0.07881256192922592,0.6595340967178345,0.7929040193557739,-0.06033950671553612,0.7510254383087158,0.7116535305976868,-0.06300797313451767,0.7236458659172058,0.7698128819465637,-0.08480198681354523,0.692110002040863,0.8187894225120544,-0.07417545467615128,0.6833218336105347,0.8238077759742737,-0.059636957943439484,accelerate
0.6508098840713501,0.9005610942840576,-2.636145666201628e-07,0.6033309698104858,0.8434144258499146,-0.028858961537480354,0.5854018926620483,0.7487009167671204,-0.046948980540037155,0.6204453110694885,0.6834473609924316,-0.06559112668037415,0.6567403674125671,0.6335135698318481,-0.08175098896026611,0.6096668243408203,0.6082190871238708,-0.03155433014035225,0.6123906970024109,0.49284130334854126,-0.06541011482477188,0.6145517826080322,0.4233301877975464,-0.08495600521564484,0.6199880838394165,0.3615345060825348,-0.09849809855222702,0.6642264723777771,0.6175415515899658,-0.036707501858472824,0.6679447889328003,0.6196276545524597,-0.08799401670694351,0.644940972328186,0.6900697350502014,-0.09811222553253174,0.634748101234436,0.7249128818511963,-0.09279286116361618,0.708295464515686,0.6529921293258667,-0.04576164484024048,0.6891883015632629,0.700924277305603,-0.08599614351987839,0.6595467329025269,0.7663523554801941,-0.0733773335814476,0.652366578578949,0.7826663851737976,-0.05509041249752045,0.7427796721458435,0.7011921405792236,-0.05939013883471489,0.7169691324234009,0.7520649433135986,-0.08058490604162216,0.6853625178337097,0.8034204244613647,-0.06982757151126862,0.6752207279205322,0.8143483400344849,-0.055263105779886246,accelerate
0.6472730040550232,0.8419550657272339,-2.4914339746828773e-07,0.6023987531661987,0.7877383232116699,-0.026423288509249687,0.5806636214256287,0.6918697357177734,-0.0445593036711216,0.6106460094451904,0.6264154314994812,-0.06424305588006973,0.6416268944740295,0.5774030685424805,-0.08162025362253189,0.6059337258338928,0.5584624409675598,-0.02702757529914379,0.6060147285461426,0.44156932830810547,-0.05974605679512024,0.6071641445159912,0.3726140856742859,-0.07871781289577484,0.6119754910469055,0.3120216131210327,-0.09233883768320084,0.6550693511962891,0.5739163160324097,-0.03464443236589432,0.6597299575805664,0.5651067495346069,-0.08766747266054153,0.6371419429779053,0.6461559534072876,-0.09752915054559708,0.6285157799720764,0.6798141598701477,-0.09258660674095154,0.6972342133522034,0.6091883182525635,-0.04648180678486824,0.6912420392036438,0.614688515663147,-0.09135973453521729,0.6634244918823242,0.6884509325027466,-0.07581175118684769,0.6574060320854187,0.7037935256958008,-0.055463965982198715,0.7334867119789124,0.6554020643234253,-0.06188807263970375,0.7224646210670471,0.6569991707801819,-0.08561335504055023,0.6942334175109863,0.7116765379905701,-0.06992946565151215,0.686515748500824,0.7249616980552673,-0.05221165344119072,accelerate
0.637331485748291,0.8013915419578552,-2.4859281211320194e-07,0.5836204886436462,0.7420750856399536,-0.023965228348970413,0.5621888041496277,0.6419147253036499,-0.04001229256391525,0.5926722884178162,0.5748024582862854,-0.05782923847436905,0.6195214986801147,0.5235781669616699,-0.07399364560842514,0.5963191986083984,0.519566535949707,-0.026090940460562706,0.5967263579368591,0.40431302785873413,-0.05619524419307709,0.5982614755630493,0.33510732650756836,-0.07345084100961685,0.6028245091438293,0.2760978639125824,-0.08581973612308502,0.6466203331947327,0.5359391570091248,-0.033831264823675156,0.6410081386566162,0.5230210423469543,-0.08454704284667969,0.617720365524292,0.6027900576591492,-0.09342435747385025,0.6119889616966248,0.6442151665687561,-0.0879453644156456,0.6877585649490356,0.5714455842971802,-0.04542670026421547,0.6732816100120544,0.570868968963623,-0.08804934471845627,0.6475210785865784,0.6426416635513306,-0.07235139608383179,0.6441760063171387,0.6670879125595093,-0.05187489837408066,0.7226406335830688,0.6178479194641113,-0.06031420826911926,0.7073283195495605,0.6115598678588867,-0.0819326788187027,0.6805717349052429,0.660321831703186,-0.06595633924007416,0.6739512085914612,0.6767972707748413,-0.048054520040750504,accelerate
0.6029611229896545,0.7386894226074219,-2.664714315869787e-07,0.5483999848365784,0.6836569309234619,-0.023551128804683685,0.5282235145568848,0.5880371928215027,-0.03857371583580971,0.5545102953910828,0.5170219540596008,-0.05520132556557655,0.5747479796409607,0.4585416615009308,-0.0697944164276123,0.5574259161949158,0.4647405743598938,-0.024359174072742462,0.5565613508224487,0.3496483564376831,-0.05606641247868538,0.5577982068061829,0.28061443567276,-0.07323729246854782,0.5640584230422974,0.2204103171825409,-0.08486826717853546,0.6085757613182068,0.47387778759002686,-0.031589727848768234,0.5969067811965942,0.4722171425819397,-0.08230408281087875,0.5773454308509827,0.5507537126541138,-0.0895233154296875,0.5771473050117493,0.5874350070953369,-0.08251646161079407,0.6504477858543396,0.5055491328239441,-0.0429319329559803,0.626956045627594,0.526201069355011,-0.08568596839904785,0.6046792268753052,0.5993369817733765,-0.06855017691850662,0.6076876521110535,0.619637668132782,-0.04675430431962013,0.6865968704223633,0.5484392046928406,-0.0578388012945652,0.660611629486084,0.5622113347053528,-0.07985737919807434,0.637897789478302,0.6149551868438721,-0.06421006470918655,0.638373851776123,0.6291165947914124,-0.04603658616542816,accelerate
0.5976481437683105,0.7230818867683411,-2.3166030871379917e-07,0.5472022891044617,0.6699450612068176,-0.02845040336251259,0.5242361426353455,0.5763996839523315,-0.045404475182294846,0.5483109951019287,0.4995687007904053,-0.06316220015287399,0.5702762007713318,0.43475767970085144,-0.07815522700548172,0.5549006462097168,0.44841188192367554,-0.023874130100011826,0.5545486211776733,0.33462297916412354,-0.05912559852004051,0.554996907711029,0.26727473735809326,-0.07684147357940674,0.5634534358978271,0.20575359463691711,-0.08860283344984055,0.6062690615653992,0.459564745426178,-0.030226856470108032,0.6029361486434937,0.42937028408050537,-0.08407603949308395,0.5780372619628906,0.513617753982544,-0.09002616256475449,0.577548623085022,0.5505597591400146,-0.08011434972286224,0.6480659246444702,0.49269574880599976,-0.04198047146201134,0.6292513608932495,0.5004027485847473,-0.08998140692710876,0.5997001528739929,0.5785813927650452,-0.07369053363800049,0.6031063795089722,0.5952023863792419,-0.05052335932850838,0.6830918192863464,0.5379507541656494,-0.0574716255068779,0.6563021540641785,0.5557110905647278,-0.08444315195083618,0.6294628381729126,0.6117955446243286,-0.07188279926776886,0.631605863571167,0.6217567920684814,-0.05522088333964348,accelerate
0.5984294414520264,0.7294095158576965,-2.005615584721454e-07,0.546322762966156,0.6690876483917236,-0.025156451389193535,0.5277135372161865,0.5758300423622131,-0.039854541420936584,0.5567284226417542,0.5027697086334229,-0.05622881278395653,0.5763084888458252,0.4383418560028076,-0.06997508555650711,0.5586539506912231,0.4518822729587555,-0.01880667731165886,0.5609700679779053,0.33812248706817627,-0.05253519117832184,0.5632373094558716,0.27061331272125244,-0.0698881670832634,0.5714226961135864,0.21204343438148499,-0.08074744790792465,0.6100150942802429,0.46425414085388184,-0.026320012286305428,0.6100817322731018,0.43131023645401,-0.07973220199346542,0.5855968594551086,0.5067798495292664,-0.08848284184932709,0.5807904601097107,0.5486781597137451,-0.07956983894109726,0.6516332030296326,0.4973987638950348,-0.03874977305531502,0.6290982365608215,0.5118810534477234,-0.0836803987622261,0.6017369031906128,0.5840806365013123,-0.07025706022977829,0.6037048697471619,0.6025210618972778,-0.04874972254037857,0.685733437538147,0.5421056747436523,-0.0548265278339386,0.6540868878364563,0.5685710906982422,-0.07711842656135559,0.6292487978935242,0.6176275014877319,-0.06505937874317169,0.6308996677398682,0.6242525577545166,-0.048958200961351395,accelerate
0.5467633605003357,0.7799670696258545,-3.628905460573151e-07,0.4952768087387085,0.7199868559837341,-0.028767241165041924,0.47014176845550537,0.6275435090065002,-0.047037482261657715,0.48006048798561096,0.5527989864349365,-0.06680850684642792,0.5072602033615112,0.5137540102005005,-0.0853923037648201,0.5106910467147827,0.49500009417533875,-0.02832171693444252,0.5091695189476013,0.3874515891075134,-0.0657479465007782,0.5096233487129211,0.3143969774246216,-0.0903119295835495,0.5130465030670166,0.25134068727493286,-0.10792917013168335,0.5649363398551941,0.4965525269508362,-0.034315239638090134,0.5404151082038879,0.5126805305480957,-0.09279095381498337,0.5118700861930847,0.5848626494407654,-0.10623833537101746,0.4975990355014801,0.6225010752677917,-0.10228542983531952,0.6073440909385681,0.5255311131477356,-0.044995810836553574,0.5700567364692688,0.5760678052902222,-0.09008709341287613,0.5494534373283386,0.6386562585830688,-0.07775560766458511,0.5469846725463867,0.6550125479698181,-0.058931563049554825,0.6404464244842529,0.5687039494514465,-0.06052608788013458,0.6044136881828308,0.6156317591667175,-0.08410336822271347,0.5863435864448547,0.6602449417114258,-0.07393831014633179,0.5887585878372192,0.666233479976654,-0.059437863528728485,accelerate
0.47204527258872986,0.8471704721450806,-3.255699141391233e-07,0.3890945315361023,0.7882916331291199,-0.015889756381511688,0.34473031759262085,0.7146367430686951,-0.03263602405786514,0.32850053906440735,0.6481802463531494,-0.05346628651022911,0.32033371925354004,0.5964511036872864,-0.0729125365614891,0.39507830142974854,0.5635221004486084,-0.012259988114237785,0.37821894884109497,0.47707897424697876,-0.03801468014717102,0.3652578592300415,0.41663119196891785,-0.055136002600193024,0.35700929164886475,0.36681243777275085,-0.06870055943727493,0.4425797760486603,0.5616597533226013,-0.023943744599819183,0.37389349937438965,0.6066572666168213,-0.061467789113521576,0.3703177273273468,0.6695199012756348,-0.06805723905563354,0.38712799549102783,0.687885582447052,-0.06633854657411575,0.47728776931762695,0.5905036926269531,-0.039536140859127045,0.4039067029953003,0.6557844877243042,-0.06854353100061417,0.40467512607574463,0.7042216062545776,-0.05405747890472412,0.420622318983078,0.706566333770752,-0.040160298347473145,0.5018359422683716,0.6351956725120544,-0.059215813875198364,0.43884825706481934,0.693045437335968,-0.07444830238819122,0.43624645471572876,0.7256210446357727,-0.06372842937707901,0.45042604207992554,0.7227242588996887,-0.05184366554021835,accelerate
0.4099769592285156,0.833579421043396,-2.726320076362754e-07,0.3330748379230499,0.7897898554801941,-0.015129705891013145,0.28968995809555054,0.7159966230392456,-0.02855589985847473,0.2686680853366852,0.6529224514961243,-0.04561392217874527,0.2365735024213791,0.6043598651885986,-0.061459191143512726,0.33459147810935974,0.5717704892158508,-0.013277706690132618,0.31328094005584717,0.4734581410884857,-0.040798790752887726,0.30438604950904846,0.4078569710254669,-0.05766803398728371,0.2997090816497803,0.3504631221294403,-0.07089362293481827,0.37894001603126526,0.5657949447631836,-0.024726703763008118,0.3039664328098297,0.5956394672393799,-0.06679288297891617,0.3051731586456299,0.665160059928894,-0.07303059846162796,0.3280622065067291,0.685391366481781,-0.06961356103420258,0.411186158657074,0.5910995006561279,-0.04004266485571861,0.3348264992237091,0.6399038434028625,-0.07456530630588531,0.3362642824649811,0.6993004679679871,-0.05834943428635597,0.35546478629112244,0.7050392627716064,-0.04152669012546539,0.4322201907634735,0.63371741771698,-0.058954767882823944,0.3683988153934479,0.6802696585655212,-0.07981393486261368,0.36528581380844116,0.7216393947601318,-0.06909902393817902,0.3810409605503082,0.7225281000137329,-0.056070476770401,accelerate
0.35678666830062866,0.8168531656265259,-1.7577448829797504e-07,0.2833068370819092,0.7727833390235901,-0.014750387519598007,0.2377287745475769,0.7030926942825317,-0.03084910660982132,0.20867863297462463,0.644794762134552,-0.05124644190073013,0.1748725175857544,0.5954380035400391,-0.07007626444101334,0.2795538008213043,0.5613247156143188,-0.010748149827122688,0.2557078003883362,0.46701908111572266,-0.04086408019065857,0.2489858716726303,0.4029645621776581,-0.058497942984104156,0.24943402409553528,0.347629189491272,-0.0711006373167038,0.31888365745544434,0.5546927452087402,-0.021750321611762047,0.24866557121276855,0.5764573812484741,-0.06460825353860855,0.2509392499923706,0.6507142186164856,-0.06950819492340088,0.27294546365737915,0.6713400483131409,-0.0638151541352272,0.3483629524707794,0.5742142200469971,-0.03708942234516144,0.2775692343711853,0.6315943002700806,-0.07102301716804504,0.2827906906604767,0.692548394203186,-0.05297638848423958,0.3016166388988495,0.6974554657936096,-0.03418610244989395,0.36736640334129333,0.6113288998603821,-0.056188758462667465,0.30818748474121094,0.6690423488616943,-0.07546259462833405,0.3120388388633728,0.7101365327835083,-0.06377346813678741,0.32994189858436584,0.7061392664909363,-0.04986930638551712,accelerate
0.3013763129711151,0.777092695236206,-2.556967046984937e-07,0.23147118091583252,0.7333720922470093,-0.011095798574388027,0.1864742487668991,0.6606996059417725,-0.02245933562517166,0.15751874446868896,0.6058498024940491,-0.03832282871007919,0.12672623991966248,0.5616726875305176,-0.05320464447140694,0.2328919768333435,0.5284107327461243,-0.007876169867813587,0.2199033498764038,0.43324726819992065,-0.033852044492959976,0.21771568059921265,0.37087276577949524,-0.04897722974419594,0.2190077155828476,0.3196084201335907,-0.060504764318466187,0.2718445956707001,0.5266966223716736,-0.019209228456020355,0.20028620958328247,0.5495396852493286,-0.059605762362480164,0.1963430643081665,0.6200509071350098,-0.06534327566623688,0.21402256190776825,0.6425492763519287,-0.06106429919600487,0.30133679509162903,0.5488942861557007,-0.034185800701379776,0.22908546030521393,0.6000003218650818,-0.06779976934194565,0.23292654752731323,0.6577003002166748,-0.05355143919587135,0.2518424689769745,0.66466224193573,-0.037305667996406555,0.3227900564670563,0.5847034454345703,-0.05219147354364395,0.2643505334854126,0.6328407526016235,-0.07165355980396271,0.2632143497467041,0.6732364892959595,-0.06215981766581535,0.2781413793563843,0.6740610599517822,-0.04994713142514229,accelerate
0.29692015051841736,0.7670828104019165,-2.33857875286958e-07,0.22502191364765167,0.722658634185791,-0.012587878853082657,0.1801013946533203,0.6524038910865784,-0.025731315836310387,0.15044520795345306,0.5982210636138916,-0.04319988191127777,0.1208852231502533,0.5507660508155823,-0.05939363315701485,0.23062439262866974,0.5184237360954285,-0.007546014618128538,0.2152835726737976,0.427654504776001,-0.033780328929424286,0.21266762912273407,0.36582881212234497,-0.049297790974378586,0.2149335741996765,0.3137587308883667,-0.06124592199921608,0.26623329520225525,0.5169567465782166,-0.018693650141358376,0.19043105840682983,0.5328012108802795,-0.05914996564388275,0.1864338368177414,0.6051653623580933,-0.06466850638389587,0.20649488270282745,0.628736138343811,-0.05991801992058754,0.29238206148147583,0.5374974608421326,-0.03380578011274338,0.21692200005054474,0.5850183367729187,-0.067690908908844,0.22143644094467163,0.6438518166542053,-0.05341276526451111,0.24276970326900482,0.6514663696289062,-0.03707435354590416,0.3105727732181549,0.5720816254615784,-0.05216631665825844,0.25049224495887756,0.6187837719917297,-0.07246767729520798,0.2513887286186218,0.660187304019928,-0.0636129155755043,0.26855865120887756,0.6621634364128113,-0.05187597498297691,accelerate
0.3068298399448395,0.7710079550743103,-2.843839013166871e-07,0.23576004803180695,0.7263773679733276,-0.011181720532476902,0.1915549635887146,0.6533471941947937,-0.021993260830640793,0.160653218626976,0.5984634757041931,-0.036707036197185516,0.12915053963661194,0.5529180765151978,-0.05044743791222572,0.23977357149124146,0.5211706161499023,-0.006835335865616798,0.2244567722082138,0.42675691843032837,-0.03299255669116974,0.22202350199222565,0.3641628623008728,-0.04817524179816246,0.22277593612670898,0.31223419308662415,-0.05957045406103134,0.27972233295440674,0.5200133323669434,-0.018217837437987328,0.20494206249713898,0.528654158115387,-0.05910041555762291,0.1995014101266861,0.6019635796546936,-0.06431710720062256,0.21557676792144775,0.6322435140609741,-0.05882755294442177,0.30821192264556885,0.5434579253196716,-0.0333758182823658,0.2312849909067154,0.5895491242408752,-0.06842724233865738,0.2352745085954666,0.6493470072746277,-0.054686106741428375,0.2545968294143677,0.6603899002075195,-0.037842653691768646,0.32560479640960693,0.5820375084877014,-0.051250990480184555,0.2614634037017822,0.6282432079315186,-0.07214139401912689,0.262722373008728,0.6713688969612122,-0.06311868131160736,0.27996569871902466,0.6744142174720764,-0.050848063081502914,accelerate
0.3514474928379059,0.79654860496521,-2.8790017836399784e-07,0.28276553750038147,0.7580832839012146,-0.012615415267646313,0.23483289778232574,0.6804875135421753,-0.024312805384397507,0.20107315480709076,0.6179219484329224,-0.04007546976208687,0.16132661700248718,0.576960027217865,-0.05563086271286011,0.27208027243614197,0.5455361604690552,-0.009694038890302181,0.25895956158638,0.4479449689388275,-0.03709084540605545,0.25689801573753357,0.3866441547870636,-0.0531013198196888,0.25628989934921265,0.3337932825088501,-0.06526289135217667,0.3144601583480835,0.5434061288833618,-0.021122431382536888,0.24958187341690063,0.5504764318466187,-0.06130171939730644,0.24701181054115295,0.6239110231399536,-0.06523206830024719,0.2642390727996826,0.6508777141571045,-0.059269826859235764,0.34760841727256775,0.5707815289497375,-0.03626292943954468,0.27899953722953796,0.6078953146934509,-0.07056479156017303,0.2802604138851166,0.6685755848884583,-0.05421307310461998,0.29727602005004883,0.6793153285980225,-0.03636402636766434,0.369539350271225,0.6147257089614868,-0.05429135262966156,0.31382879614830017,0.6629508137702942,-0.07646088302135468,0.31496375799179077,0.7058026194572449,-0.06626611948013306,0.3309257924556732,0.7083709239959717,-0.053123392164707184,accelerate
0.4491870403289795,0.899779200553894,-4.952823360326875e-07,0.38040804862976074,0.8427151441574097,-0.009666375815868378,0.3324328064918518,0.7648012042045593,-0.023016054183244705,0.3057677745819092,0.698736846446991,-0.041910916566848755,0.2725188136100769,0.6409173607826233,-0.06107266619801521,0.3865700662136078,0.6342577338218689,-0.008745523169636726,0.3518587052822113,0.5353831648826599,-0.039795100688934326,0.3333832025527954,0.4686013162136078,-0.06136549636721611,0.3194953501224518,0.40913310647010803,-0.07820076495409012,0.434701532125473,0.6315520405769348,-0.02281901426613331,0.35299718379974365,0.6265125274658203,-0.0652661845088005,0.3493887484073639,0.7053728699684143,-0.07058146595954895,0.37163063883781433,0.7337523102760315,-0.06715667992830276,0.46862363815307617,0.6546810865402222,-0.040796320885419846,0.3841440677642822,0.6600809097290039,-0.07544608414173126,0.3780170977115631,0.727473258972168,-0.05555329471826553,0.39584365487098694,0.7532439827919006,-0.036099955439567566,0.490705668926239,0.6936736106872559,-0.061812933534383774,0.41963881254196167,0.6914099454879761,-0.08439017832279205,0.40865951776504517,0.7341476082801819,-0.07119623571634293,0.42104047536849976,0.7543913125991821,-0.056374337524175644,accelerate
0.07139214128255844,0.8407908082008362,1.7064208179817797e-07,0.11992164701223373,0.8115529417991638,-0.047986872494220734,0.13999319076538086,0.7295540571212769,-0.0692218691110611,0.11961226910352707,0.6580361127853394,-0.08513032644987106,0.09104037284851074,0.6039760112762451,-0.09900477528572083,0.14138445258140564,0.6077017784118652,-0.04273759573698044,0.1623069792985916,0.49697041511535645,-0.07942089438438416,0.17531698942184448,0.42474454641342163,-0.10297815501689911,0.17964157462120056,0.36164146661758423,-0.11841698735952377,0.09712912142276764,0.6116732358932495,-0.03569326922297478,0.08778124302625656,0.5811334252357483,-0.08797696232795715,0.09104844182729721,0.6560701727867126,-0.10212508589029312,0.09509118646383286,0.6910161972045898,-0.10014397650957108,0.054194435477256775,0.6346390247344971,-0.03388490900397301,0.04787958413362503,0.6178775429725647,-0.0850614532828331,0.05573404207825661,0.6885008215904236,-0.0766301080584526,0.059270575642585754,0.7130394577980042,-0.05835926905274391,0.01676984131336212,0.6695805788040161,-0.03592834994196892,0.016603268682956696,0.6523333787918091,-0.0708681270480156,0.02669660747051239,0.7028539776802063,-0.06062021106481552,0.02902427315711975,0.7263422012329102,-0.043542325496673584,accelerate
0.11799504607915878,0.8488649725914001,-1.176750163978113e-08,0.16590745747089386,0.7959736585617065,-0.02720814198255539,0.18851116299629211,0.7037813067436218,-0.04360898956656456,0.16808857023715973,0.6256246566772461,-0.061162736266851425,0.13608621060848236,0.5647451877593994,-0.07715722173452377,0.18217715620994568,0.5609497427940369,-0.021609965711832047,0.2052374631166458,0.44301825761795044,-0.04759541153907776,0.21732081472873688,0.3732545077800751,-0.06260622292757034,0.22074249386787415,0.3130238652229309,-0.0737280398607254,0.1297803819179535,0.5664766430854797,-0.025523966178297997,0.14457203447818756,0.5424996614456177,-0.06662585586309433,0.14558836817741394,0.624806821346283,-0.07679574936628342,0.13594770431518555,0.6538645625114441,-0.07527775317430496,0.08369025588035583,0.5948043465614319,-0.0324331633746624,0.0971500426530838,0.5827276110649109,-0.07753802090883255,0.1111149936914444,0.6622155904769897,-0.0680108293890953,0.10715633630752563,0.6875689625740051,-0.05142700672149658,0.04070202261209488,0.6350758075714111,-0.04133590683341026,0.05525565892457962,0.6165148615837097,-0.07298572361469269,0.07532500475645065,0.6701899170875549,-0.06084395945072174,0.07845111191272736,0.6919346451759338,-0.04353898763656616,accelerate
0.1160128265619278,0.8425810933113098,-7.316617534058878e-09,0.1679532378911972,0.7879201769828796,-0.02827722392976284,0.19237765669822693,0.696215808391571,-0.046320997178554535,0.16937294602394104,0.6162980198860168,-0.06571120023727417,0.132475808262825,0.5537799596786499,-0.083451047539711,0.1876465380191803,0.5477584004402161,-0.022422298789024353,0.20969802141189575,0.4284652769565582,-0.04949449002742767,0.22132864594459534,0.3578543961048126,-0.06441877037286758,0.22560560703277588,0.29519107937812805,-0.07560638338327408,0.1321551501750946,0.5520961880683899,-0.027322983369231224,0.1492958813905716,0.529471218585968,-0.07108975946903229,0.14859539270401,0.6152348518371582,-0.08182420581579208,0.13867470622062683,0.64532470703125,-0.07968313246965408,0.08438126742839813,0.5806976556777954,-0.03549844026565552,0.09740366041660309,0.5782926082611084,-0.08334605395793915,0.11074484884738922,0.6589575409889221,-0.07506708800792694,0.10755971819162369,0.6811301112174988,-0.05840124562382698,0.040618956089019775,0.6199694275856018,-0.04570881277322769,0.05428488552570343,0.6075169444084167,-0.07792670279741287,0.07331414520740509,0.6625582575798035,-0.06612296402454376,0.07622763514518738,0.6814125776290894,-0.0489901639521122,accelerate
0.12689891457557678,0.8477769494056702,3.034001494484073e-08,0.17974019050598145,0.7928302884101868,-0.030032185837626457,0.20395854115486145,0.6975259780883789,-0.04702247679233551,0.17958125472068787,0.6160510778427124,-0.06425777077674866,0.14163510501384735,0.5564243197441101,-0.07956870645284653,0.19534024596214294,0.5456617474555969,-0.020665274932980537,0.21627993881702423,0.42968079447746277,-0.04704482853412628,0.22825360298156738,0.35993024706840515,-0.06290741264820099,0.23262454569339752,0.2977568805217743,-0.07532213628292084,0.14083747565746307,0.5505169630050659,-0.024878423660993576,0.15490086376667023,0.5189067125320435,-0.06887546926736832,0.1554517298936844,0.6005386114120483,-0.08196940273046494,0.14663094282150269,0.6374499201774597,-0.08130515366792679,0.09347134083509445,0.5828831791877747,-0.03259623050689697,0.10642226040363312,0.5805668234825134,-0.08015526831150055,0.1194084882736206,0.6558244228363037,-0.07558519393205643,0.11674436926841736,0.6788970232009888,-0.06164797767996788,0.051319628953933716,0.6281461715698242,-0.042501337826251984,0.06713718175888062,0.6243493556976318,-0.07596191763877869,0.08579587936401367,0.675457775592804,-0.06865184009075165,0.08862245082855225,0.6905232071876526,-0.055049244314432144,accelerate
0.15109306573867798,0.8401641845703125,1.5443636414147477e-07,0.20012225210666656,0.779684841632843,-0.03657548502087593,0.221039816737175,0.68476402759552,-0.05524607002735138,0.19353266060352325,0.6057173013687134,-0.07235963642597198,0.1572434902191162,0.5437059998512268,-0.0865575447678566,0.20824316143989563,0.5325120687484741,-0.02471831627190113,0.22834962606430054,0.4170180559158325,-0.055894337594509125,0.23887240886688232,0.3459261655807495,-0.07300641387701035,0.24163034558296204,0.28115713596343994,-0.08476544171571732,0.15390686690807343,0.5399702191352844,-0.027088917791843414,0.16404107213020325,0.4722883105278015,-0.07668493688106537,0.16760045289993286,0.550304651260376,-0.09075562655925751,0.16211704909801483,0.5909408926963806,-0.08684589713811874,0.10655447840690613,0.5728126168251038,-0.03397686406970024,0.12140093743801117,0.5681106448173523,-0.08907730877399445,0.13666114211082458,0.6476101875305176,-0.08702933043241501,0.13610820472240448,0.6682454943656921,-0.07026690989732742,0.06533157080411911,0.6174300312995911,-0.04322810471057892,0.08367419242858887,0.6152452826499939,-0.07939999550580978,0.10221979022026062,0.6681098937988281,-0.07300470769405365,0.10302464663982391,0.6788771152496338,-0.05842561274766922,accelerate
0.16195079684257507,0.8441584706306458,4.271968023772388e-08,0.20980779826641083,0.7876884937286377,-0.034841716289520264,0.22915033996105194,0.6935358047485352,-0.054021283984184265,0.20270556211471558,0.6130483746528625,-0.07224157452583313,0.16935327649116516,0.5470145344734192,-0.08751826733350754,0.21580928564071655,0.5434131622314453,-0.025085285305976868,0.23251262307167053,0.42592406272888184,-0.05468551069498062,0.24121153354644775,0.35416918992996216,-0.07053126394748688,0.24212323129177094,0.28988116979599,-0.08217980712652206,0.16314741969108582,0.5506113171577454,-0.027634423226118088,0.1758594661951065,0.5045222043991089,-0.0756329745054245,0.18137101829051971,0.5922724008560181,-0.08679784089326859,0.17465883493423462,0.6323416829109192,-0.08263418078422546,0.11751766502857208,0.5831217765808105,-0.034413691610097885,0.13238799571990967,0.5725776553153992,-0.08656720817089081,0.14908157289028168,0.65499347448349,-0.07950546592473984,0.1466790735721588,0.6784790754318237,-0.06171039864420891,0.07710109651088715,0.6282588243484497,-0.04363211616873741,0.09507401287555695,0.6238983869552612,-0.0791194811463356,0.1154104471206665,0.6776242852210999,-0.07067404687404633,0.11604151129722595,0.6890003681182861,-0.05539131537079811,accelerate
0.179608553647995,0.8298549056053162,8.187718947283429e-08,0.22847051918506622,0.7689481377601624,-0.029367458075284958,0.2441135048866272,0.6767435669898987,-0.04611116647720337,0.2160462737083435,0.6065002679824829,-0.06295143067836761,0.1806279420852661,0.5529779195785522,-0.07741042226552963,0.22799339890480042,0.5334156155586243,-0.022299863398075104,0.24188411235809326,0.4198458194732666,-0.051249753683805466,0.2509221136569977,0.34979647397994995,-0.06869467347860336,0.2524709701538086,0.28739434480667114,-0.08167583495378494,0.1763668656349182,0.542956531047821,-0.026470251381397247,0.18870404362678528,0.5045604705810547,-0.07272114604711533,0.1968158781528473,0.5763728618621826,-0.08650072664022446,0.19132722914218903,0.6140525341033936,-0.0856822282075882,0.1317363977432251,0.576504647731781,-0.034273628145456314,0.14757755398750305,0.5753411054611206,-0.08156834542751312,0.1656923145055771,0.6449818015098572,-0.07692648470401764,0.1643526554107666,0.6671146154403687,-0.06269408017396927,0.09400142729282379,0.6223942041397095,-0.04456721991300583,0.11478899419307709,0.6245917081832886,-0.07538428157567978,0.13325126469135284,0.670659065246582,-0.06841051578521729,0.13258498907089233,0.6815583109855652,-0.05574916675686836,accelerate
0.21396493911743164,0.7901737093925476,2.227303781410228e-07,0.25865626335144043,0.7211811542510986,-0.03279247134923935,0.2714970111846924,0.6215030550956726,-0.0454542338848114,0.24454562366008759,0.5495122671127319,-0.057435207068920135,0.2135132998228073,0.4907061457633972,-0.06700681149959564,0.2490072399377823,0.49496015906333923,-0.013766394928097725,0.2651000916957855,0.3858414888381958,-0.03945767879486084,0.2761615216732025,0.315531462430954,-0.05434582754969597,0.27749526500701904,0.25489023327827454,-0.06387540698051453,0.20057210326194763,0.5108628869056702,-0.01571858488023281,0.19364820420742035,0.43442124128341675,-0.056819528341293335,0.20069703459739685,0.4810412526130676,-0.07180829346179962,0.19404152035713196,0.5052956342697144,-0.07012249529361725,0.1584550142288208,0.5467901229858398,-0.02211073786020279,0.17626160383224487,0.5256146192550659,-0.07464967668056488,0.19951733946800232,0.6031832098960876,-0.07510063052177429,0.19727274775505066,0.6285784244537354,-0.05933021381497383,0.12171129882335663,0.59340500831604,-0.0302687119692564,0.14001242816448212,0.5697572827339172,-0.06647229194641113,0.1642862856388092,0.618240475654602,-0.060411859303712845,0.1652979552745819,0.6348868012428284,-0.045695606619119644,accelerate
0.21234920620918274,0.757137656211853,1.0741876366182623e-07,0.2583094835281372,0.6891677379608154,-0.02844921126961708,0.2692122757434845,0.5922545194625854,-0.04173064976930618,0.24427641928195953,0.5196697115898132,-0.05573083087801933,0.20837390422821045,0.4681221842765808,-0.06844492256641388,0.24978160858154297,0.46042758226394653,-0.012423476204276085,0.26530924439430237,0.35380518436431885,-0.038012996315956116,0.27651238441467285,0.28620433807373047,-0.054536595940589905,0.27905160188674927,0.22752341628074646,-0.06650501489639282,0.20182695984840393,0.4770492613315582,-0.016224516555666924,0.19974304735660553,0.42063668370246887,-0.06110876426100731,0.21214532852172852,0.4950483441352844,-0.07627834379673004,0.21111226081848145,0.5388195514678955,-0.07485534250736237,0.1603066325187683,0.515160858631134,-0.023793131113052368,0.16647642850875854,0.48655176162719727,-0.07352544367313385,0.19115550816059113,0.5631117224693298,-0.07009103894233704,0.19413825869560242,0.5965137481689453,-0.053827110677957535,0.12363766133785248,0.5665023326873779,-0.03312361612915993,0.13222742080688477,0.5382882356643677,-0.06778936833143234,0.15717068314552307,0.5842834115028381,-0.06057468429207802,0.16345807909965515,0.6046546697616577,-0.04571833834052086,accelerate
0.21209271252155304,0.7036370038986206,5.209078679513368e-08,0.25710830092430115,0.6455979347229004,-0.033000390976667404,0.273267924785614,0.5536277294158936,-0.05011260509490967,0.2505848705768585,0.47738853096961975,-0.06742812693119049,0.2222297042608261,0.41580653190612793,-0.0828162133693695,0.26028141379356384,0.4157501459121704,-0.019641172140836716,0.27946144342422485,0.3004251718521118,-0.048064205795526505,0.2915342450141907,0.2297973930835724,-0.06565892696380615,0.2959789037704468,0.16927886009216309,-0.07812516391277313,0.2117186188697815,0.4240582585334778,-0.020773377269506454,0.20939695835113525,0.3860970735549927,-0.06983281672000885,0.21482010185718536,0.46903789043426514,-0.08457481116056442,0.21505039930343628,0.5132738947868347,-0.08277735859155655,0.1678147315979004,0.4541339874267578,-0.02571459673345089,0.1652575433254242,0.4206901788711548,-0.0773855522274971,0.18404783308506012,0.5034071207046509,-0.0709218755364418,0.19007286429405212,0.544843852519989,-0.05292961746454239,0.12831443548202515,0.49998098611831665,-0.033034201711416245,0.13024158775806427,0.4840770363807678,-0.07194191217422485,0.1550801396369934,0.536771297454834,-0.06569134443998337,0.16756053268909454,0.5625683069229126,-0.050081975758075714,accelerate
0.2179066389799118,0.6740531325340271,4.727593960751619e-08,0.26481884717941284,0.6183791756629944,-0.030392559245228767,0.2837986946105957,0.5247881412506104,-0.049216918647289276,0.2612314522266388,0.44535160064697266,-0.06928146630525589,0.2293296754360199,0.3819766938686371,-0.08801298588514328,0.2698327898979187,0.39164769649505615,-0.022623557597398758,0.29134851694107056,0.27093371748924255,-0.052650272846221924,0.30437391996383667,0.19849735498428345,-0.07018107920885086,0.30837443470954895,0.13618415594100952,-0.08241511881351471,0.21973176300525665,0.40372908115386963,-0.026110710576176643,0.2303304523229599,0.36196109652519226,-0.07598822563886642,0.23669928312301636,0.4471397399902344,-0.08919892460107803,0.22865980863571167,0.48447108268737793,-0.08689586073160172,0.176595538854599,0.43403270840644836,-0.032944630831480026,0.18515530228614807,0.4024435877799988,-0.08519414812326431,0.20502252876758575,0.48679691553115845,-0.0748627781867981,0.20293332636356354,0.5200762748718262,-0.05477561429142952,0.13739393651485443,0.47612789273262024,-0.041808467358350754,0.14975562691688538,0.4470970034599304,-0.07794089615345001,0.1733005791902542,0.503571093082428,-0.06546784937381744,0.17553773522377014,0.5292277336120605,-0.046411819756031036,accelerate
0.22499661147594452,0.6479141712188721,5.544342585039885e-08,0.2714437246322632,0.5878967046737671,-0.028876150026917458,0.2878895699977875,0.4899328351020813,-0.045288410037755966,0.26679664850234985,0.40926945209503174,-0.06299983710050583,0.23372523486614227,0.346499502658844,-0.07944602519273758,0.27150362730026245,0.35768216848373413,-0.01887066662311554,0.29148611426353455,0.23944707214832306,-0.04673619940876961,0.3044327199459076,0.16746066510677338,-0.06220988929271698,0.3067006468772888,0.1058160662651062,-0.07310712337493896,0.22206924855709076,0.3730202615261078,-0.02299186959862709,0.2294909507036209,0.31841257214546204,-0.06948956102132797,0.2420264184474945,0.4032313823699951,-0.08052835613489151,0.23711493611335754,0.43998995423316956,-0.07674873620271683,0.18007279932498932,0.4067535102367401,-0.03057553991675377,0.18780547380447388,0.36846303939819336,-0.08170203119516373,0.21204054355621338,0.4542867839336395,-0.0708518996834755,0.2106444090604782,0.48652175068855286,-0.05024449899792671,0.14217475056648254,0.45260751247406006,-0.03999905660748482,0.1529933214187622,0.41662052273750305,-0.07539065182209015,0.17921823263168335,0.47214943170547485,-0.06243947893381119,0.1815565973520279,0.4968727231025696,-0.04339980706572533,accelerate
0.23270262777805328,0.6545373797416687,3.9524202577467804e-08,0.27901408076286316,0.5970259308815002,-0.030484234914183617,0.2958124577999115,0.49815693497657776,-0.0463639535009861,0.2725183665752411,0.4182461202144623,-0.06276445835828781,0.23831632733345032,0.35658109188079834,-0.07768331468105316,0.27810776233673096,0.36850178241729736,-0.019218701869249344,0.29629719257354736,0.25046661496162415,-0.0467202290892601,0.30968326330184937,0.18002110719680786,-0.062199778854846954,0.3117882013320923,0.11831662058830261,-0.07327494770288467,0.2291327863931656,0.3826900124549866,-0.022272713482379913,0.23723836243152618,0.3320523500442505,-0.06938783824443817,0.24857433140277863,0.41750356554985046,-0.08169825375080109,0.2412998527288437,0.45486167073249817,-0.07849909365177155,0.18797197937965393,0.414966344833374,-0.028905300423502922,0.19775186479091644,0.3838318884372711,-0.08162915706634521,0.2201775461435318,0.46933257579803467,-0.0734190046787262,0.216210275888443,0.49809953570365906,-0.054140884429216385,0.15147022902965546,0.4586412012577057,-0.03723404183983803,0.16564403474330902,0.42616382241249084,-0.07478827238082886,0.18949811160564423,0.4841093420982361,-0.06371936947107315,0.18861684203147888,0.5080381631851196,-0.04559899866580963,accelerate
0.2570004463195801,0.6695800423622131,1.2371854651860303e-08,0.3020675778388977,0.6160343885421753,-0.02889980375766754,0.3221019208431244,0.52080899477005,-0.043700069189071655,0.2988191843032837,0.44324448704719543,-0.059301748871803284,0.26783281564712524,0.38574162125587463,-0.07319943606853485,0.3050813674926758,0.3976452350616455,-0.01649484969675541,0.32259470224380493,0.28328055143356323,-0.04248819127678871,0.33413249254226685,0.21674641966819763,-0.05568378418684006,0.3361409306526184,0.15831056237220764,-0.06494569033384323,0.25829002261161804,0.4085223078727722,-0.01876477710902691,0.26787087321281433,0.3690452575683594,-0.06354622542858124,0.2749202251434326,0.4539179503917694,-0.07342369854450226,0.2669280767440796,0.48474937677383423,-0.0691475123167038,0.21829475462436676,0.43648672103881836,-0.02468404546380043,0.22769050300121307,0.4136895537376404,-0.07484888285398483,0.2449416071176529,0.4966929256916046,-0.06527349352836609,0.24108439683914185,0.5215486884117126,-0.04580248147249222,0.17994078993797302,0.47449880838394165,-0.03233562037348747,0.1927482634782791,0.45192769169807434,-0.06693189591169357,0.21489833295345306,0.5081617832183838,-0.055435046553611755,0.21604526042938232,0.5286048054695129,-0.037558432668447495,accelerate
0.26690492033958435,0.6789249777793884,-5.0870472279029855e-08,0.31255292892456055,0.6246551275253296,-0.024215225130319595,0.3315718472003937,0.5271326899528503,-0.03522760421037674,0.30960938334465027,0.4498528838157654,-0.04779406264424324,0.28029677271842957,0.3923049867153168,-0.059422094374895096,0.3152436316013336,0.4072350561618805,-0.010138129815459251,0.33460643887519836,0.29397255182266235,-0.033296242356300354,0.34728896617889404,0.22721266746520996,-0.04692995920777321,0.3507470488548279,0.16840875148773193,-0.05713605880737305,0.2702288031578064,0.4156343340873718,-0.013813557103276253,0.2797181010246277,0.3805379569530487,-0.05548606812953949,0.2828851342201233,0.46219977736473083,-0.06777405738830566,0.27194151282310486,0.4948962926864624,-0.06634659320116043,0.23113979399204254,0.4431138038635254,-0.02057914063334465,0.2394314855337143,0.4182512164115906,-0.06722906976938248,0.25394704937934875,0.49638161063194275,-0.06050520017743111,0.24892880022525787,0.5225796699523926,-0.044106364250183105,0.1935432106256485,0.481730580329895,-0.02868673764169216,0.20270025730133057,0.4538106322288513,-0.06185157224535942,0.22545114159584045,0.5077531337738037,-0.051609404385089874,0.22961261868476868,0.5328850746154785,-0.035120777785778046,accelerate
0.30474478006362915,0.7142395377159119,-6.347907977044542e-09,0.35330846905708313,0.6638193726539612,-0.023006653413176537,0.3738338351249695,0.5699414014816284,-0.03495612367987633,0.35362306237220764,0.4960934817790985,-0.04876760020852089,0.3259347975254059,0.44248390197753906,-0.062209535390138626,0.35607314109802246,0.44242972135543823,-0.01383267156779766,0.37558332085609436,0.3265639543533325,-0.03846856951713562,0.39027243852615356,0.2576962113380432,-0.05338155850768089,0.39450767636299133,0.19919562339782715,-0.06427325308322906,0.3120183050632477,0.4545649588108063,-0.019744105637073517,0.3208731710910797,0.4078420400619507,-0.06372500956058502,0.3272615075111389,0.4878042936325073,-0.07732032239437103,0.31993812322616577,0.5257681608200073,-0.07596061378717422,0.273034006357193,0.48552653193473816,-0.028264684602618217,0.2835627794265747,0.4533596336841583,-0.0770440399646759,0.2999577224254608,0.532260000705719,-0.07020028680562973,0.2968355119228363,0.5629226565361023,-0.05280693992972374,0.23594099283218384,0.5291081666946411,-0.03789839521050453,0.24653297662734985,0.49065300822257996,-0.07328365743160248,0.2676781713962555,0.5443457365036011,-0.062341440469026566,0.2719125747680664,0.5729170441627502,-0.044675640761852264,accelerate
0.33026501536369324,0.7129172086715698,3.396209535821981e-08,0.3777906596660614,0.6582560539245605,-0.02335381880402565,0.3964477479457855,0.566189169883728,-0.03557899221777916,0.3767606019973755,0.49304524064064026,-0.04933654144406319,0.34942975640296936,0.43724387884140015,-0.06252212077379227,0.3752553164958954,0.44825565814971924,-0.01487761177122593,0.3940839469432831,0.3368760645389557,-0.03988035023212433,0.4068232774734497,0.27075886726379395,-0.05385688319802284,0.40851324796676636,0.21299788355827332,-0.06406942754983902,0.32900506258010864,0.46207666397094727,-0.020574292168021202,0.34174656867980957,0.40757378935813904,-0.0638810321688652,0.35312771797180176,0.48578813672065735,-0.0756639912724495,0.3447370231151581,0.5244495272636414,-0.07318762689828873,0.2896595597267151,0.49387407302856445,-0.0291985385119915,0.307719886302948,0.46376198530197144,-0.07870730012655258,0.3262338936328888,0.5422766208648682,-0.07179047167301178,0.31819233298301697,0.5699975490570068,-0.054284293204545975,0.25332844257354736,0.5364211797714233,-0.038803257048130035,0.2739289104938507,0.5046879053115845,-0.07330494374036789,0.2943516671657562,0.555267333984375,-0.062906414270401,0.28969669342041016,0.5762293338775635,-0.04648108035326004,accelerate
0.35170915722846985,0.7060774564743042,3.824247940542591e-08,0.39419281482696533,0.648863673210144,-0.02306964248418808,0.41128408908843994,0.560885488986969,-0.03527196869254112,0.39215463399887085,0.4917724132537842,-0.04859885945916176,0.3677840232849121,0.4364931583404541,-0.06079048663377762,0.39163121581077576,0.4529251456260681,-0.014868596568703651,0.40821242332458496,0.34657299518585205,-0.03925585746765137,0.41893884539604187,0.28378430008888245,-0.05196762830018997,0.4195849299430847,0.22819367051124573,-0.06089293584227562,0.3474196493625641,0.46531352400779724,-0.019914433360099792,0.3624517023563385,0.41418784856796265,-0.06135573983192444,0.37347161769866943,0.4891507625579834,-0.0711594745516777,0.36438530683517456,0.5252713561058044,-0.06736969947814941,0.3099505305290222,0.4934791922569275,-0.027966909110546112,0.3304826617240906,0.47010695934295654,-0.07526519149541855,0.3472837507724762,0.5472859144210815,-0.06760966032743454,0.3383548855781555,0.5718027353286743,-0.04989906772971153,0.27486976981163025,0.5311489701271057,-0.0370745025575161,0.29802995920181274,0.5092637538909912,-0.06809532642364502,0.3162772059440613,0.55954509973526,-0.05692271515727043,0.30978018045425415,0.575828492641449,-0.040571946650743484,accelerate
0.3511294722557068,0.7020243406295776,1.6843660688437012e-08,0.3932943344116211,0.6476800441741943,-0.02051387168467045,0.4112332761287689,0.558861255645752,-0.03193992003798485,0.393888384103775,0.48991161584854126,-0.04509851709008217,0.3689534068107605,0.4356057941913605,-0.05760248377919197,0.3909758925437927,0.4468100070953369,-0.01162481214851141,0.40966933965682983,0.34474194049835205,-0.0352720245718956,0.42199385166168213,0.2826264500617981,-0.048428572714328766,0.4239739179611206,0.2279086410999298,-0.05793493613600731,0.34632280468940735,0.458071768283844,-0.017721937969326973,0.36542508006095886,0.4127277731895447,-0.0582728385925293,0.3757663667201996,0.4926641285419464,-0.06874509900808334,0.3643392324447632,0.5298746228218079,-0.06579641997814178,0.3089982867240906,0.4868941009044647,-0.026556869968771935,0.33120593428611755,0.4624720513820648,-0.07307493686676025,0.34787946939468384,0.5406131744384766,-0.06550078839063644,0.337250679731369,0.5667697191238403,-0.048321716487407684,0.27378514409065247,0.5273193120956421,-0.03618872910737991,0.2975498139858246,0.501569926738739,-0.06808965653181076,0.3171123266220093,0.5535467863082886,-0.05691923946142197,0.3112645447254181,0.5735505223274231,-0.04040153697133064,accelerate
0.3203905522823334,0.6987179517745972,3.156100092382985e-08,0.36797264218330383,0.647437572479248,-0.026014210656285286,0.3837369680404663,0.5595542788505554,-0.037040065973997116,0.36565902829170227,0.48837053775787354,-0.048056889325380325,0.3409595191478729,0.4351004958152771,-0.05772533640265465,0.36881309747695923,0.4450029134750366,-0.014249127358198166,0.3847259283065796,0.3414493203163147,-0.0357481874525547,0.3954373896121979,0.2785733938217163,-0.04872153699398041,0.3972313404083252,0.22498604655265808,-0.05864384397864342,0.326023668050766,0.45754095911979675,-0.01715683750808239,0.3331649899482727,0.41372087597846985,-0.056351564824581146,0.3433074355125427,0.482426255941391,-0.0685344710946083,0.33806702494621277,0.518791139125824,-0.0674467608332634,0.2894233167171478,0.48963677883148193,-0.023152915760874748,0.29927635192871094,0.46477800607681274,-0.0669819563627243,0.3172536790370941,0.5326240062713623,-0.06251291930675507,0.3135811984539032,0.5570402145385742,-0.048332177102565765,0.2570304870605469,0.5324172377586365,-0.030652139335870743,0.2698764503002167,0.5069592595100403,-0.06221724674105644,0.28935888409614563,0.5523224472999573,-0.0546017624437809,0.2891674339771271,0.571304202079773,-0.040930069983005524,accelerate
0.30211764574050903,0.7003830671310425,3.065066067620137e-08,0.348076194524765,0.6494817137718201,-0.025513209402561188,0.3620149493217468,0.5615514516830444,-0.03594676032662392,0.3446663022041321,0.488950252532959,-0.04661555588245392,0.3170495331287384,0.43833014369010925,-0.056308817118406296,0.3495568335056305,0.44829562306404114,-0.014523972757160664,0.36464744806289673,0.3434852361679077,-0.03520239517092705,0.37497857213020325,0.2796170115470886,-0.04791944473981857,0.3772420883178711,0.22616800665855408,-0.057423900812864304,0.3086089789867401,0.46207427978515625,-0.01730537600815296,0.304061621427536,0.412794828414917,-0.055066779255867004,0.31387266516685486,0.4759170114994049,-0.06708569079637527,0.3152267336845398,0.5150302648544312,-0.06572885066270828,0.27275973558425903,0.49424245953559875,-0.022885968908667564,0.27270108461380005,0.4634881615638733,-0.06473850458860397,0.29097235202789307,0.5287991762161255,-0.059694238007068634,0.29399093985557556,0.5595265030860901,-0.04490222781896591,0.24178940057754517,0.5368801951408386,-0.030190590769052505,0.2446509301662445,0.5035191178321838,-0.061041053384542465,0.2638241946697235,0.5473934412002563,-0.053211554884910583,0.2706398665904999,0.573095440864563,-0.03886361047625542,accelerate
0.2769996225833893,0.7091389298439026,7.77086839320873e-08,0.3190651834011078,0.6541925072669983,-0.03518308326601982,0.32771772146224976,0.5638297200202942,-0.04974857345223427,0.3006921410560608,0.49257174134254456,-0.0629766657948494,0.26285675168037415,0.44738805294036865,-0.07356370985507965,0.3229433596134186,0.4551520347595215,-0.012712730094790459,0.3347438871860504,0.3542080521583557,-0.03683682158589363,0.3437823951244354,0.2931523621082306,-0.05215552821755409,0.3493936061859131,0.24081659317016602,-0.06305930763483047,0.2847430109977722,0.4652596414089203,-0.010721847414970398,0.26898279786109924,0.43083253502845764,-0.05056890845298767,0.2666855752468109,0.4852639436721802,-0.06618309020996094,0.26587021350860596,0.506230890750885,-0.06721428036689758,0.2501845061779022,0.4939349591732025,-0.013456684537231922,0.24329106509685516,0.483389675617218,-0.057999387383461,0.2569877803325653,0.5408568978309631,-0.057526845484972,0.26475459337234497,0.5556501746177673,-0.04504888504743576,0.22171945869922638,0.5325028896331787,-0.01894274726510048,0.22032666206359863,0.5197820067405701,-0.05039120838046074,0.2354888916015625,0.560221791267395,-0.04539554566144943,0.24273152649402618,0.5783773064613342,-0.032544370740652084,accelerate
0.20278605818748474,0.7236413955688477,1.8219888886505942e-07,0.24219796061515808,0.6610018014907837,-0.042839620262384415,0.2455175220966339,0.5732345581054688,-0.05750032514333725,0.21128568053245544,0.5044853687286377,-0.06903202086687088,0.17299336194992065,0.45541274547576904,-0.07826603949069977,0.2488597333431244,0.45885899662971497,-0.014230952598154545,0.25982531905174255,0.3543969988822937,-0.039144307374954224,0.26637476682662964,0.28809359669685364,-0.056961044669151306,0.271234929561615,0.2317987084388733,-0.06898012012243271,0.20633964240550995,0.467711478471756,-0.007658964954316616,0.16927844285964966,0.4011174440383911,-0.05098434537649155,0.15307269990444183,0.43046820163726807,-0.07385195046663284,0.14990898966789246,0.4550466537475586,-0.07700400799512863,0.17101511359214783,0.4965541362762451,-0.006142240948975086,0.14637815952301025,0.47034990787506104,-0.0564887560904026,0.15676072239875793,0.5302937626838684,-0.06578660756349564,0.1718682497739792,0.5656886100769043,-0.0553455613553524,0.14653967320919037,0.5363016128540039,-0.007462131325155497,0.12891554832458496,0.5192021131515503,-0.04712212458252907,0.14047658443450928,0.562590479850769,-0.05103835463523865,0.15659740567207336,0.5927530527114868,-0.04103446751832962,accelerate
0.16684822738170624,0.7023566961288452,9.869258121852909e-08,0.20257136225700378,0.6385266780853271,-0.044210296124219894,0.20071911811828613,0.5499150156974792,-0.060017265379428864,0.16329066455364227,0.4767116904258728,-0.07199179381132126,0.12364821881055832,0.4265367388725281,-0.08126163482666016,0.21139875054359436,0.4363018572330475,-0.01613789051771164,0.21702787280082703,0.33019378781318665,-0.04160774126648903,0.2208571434020996,0.26318633556365967,-0.060027483850717545,0.22349748015403748,0.2072647511959076,-0.07306528836488724,0.16839589178562164,0.44507694244384766,-0.008321437053382397,0.13472934067249298,0.39165928959846497,-0.05268093943595886,0.1343095600605011,0.4478689730167389,-0.07163472473621368,0.14553497731685638,0.4882555603981018,-0.07292905449867249,0.13132253289222717,0.4717947244644165,-0.006064866203814745,0.10114897787570953,0.43629002571105957,-0.053097546100616455,0.1063205674290657,0.4912590980529785,-0.057450681924819946,0.1170324981212616,0.5248932242393494,-0.04680367559194565,0.10483478754758835,0.5104051828384399,-0.007280023768544197,0.07952393591403961,0.48529836535453796,-0.04368666931986809,0.08416840434074402,0.5264990329742432,-0.0450170673429966,0.09265612065792084,0.5586424469947815,-0.035186223685741425,accelerate
0.12297877669334412,0.697490394115448,6.211422487467644e-08,0.15383289754390717,0.6243762969970703,-0.04218652471899986,0.14338219165802002,0.5220580697059631,-0.05643252283334732,0.09754502773284912,0.444955974817276,-0.06845374405384064,0.05278996378183365,0.3932334780693054,-0.07830068469047546,0.15422016382217407,0.4032926857471466,-0.004700807388871908,0.15910831093788147,0.2974848747253418,-0.029427889734506607,0.16549652814865112,0.22871427237987518,-0.04677173122763634,0.1683940887451172,0.17277976870536804,-0.058712318539619446,0.10948438197374344,0.423319935798645,0.0007023381185717881,0.0727478414773941,0.37401190400123596,-0.04661720618605614,0.07968005537986755,0.43872156739234924,-0.06675277650356293,0.09349573403596878,0.47789475321769714,-0.06622572988271713,0.07314655184745789,0.4613057076931,0.00035781640326604247,0.04243675246834755,0.42997920513153076,-0.054995328187942505,0.0628281831741333,0.496655136346817,-0.06010499224066734,0.0817071720957756,0.5267584919929504,-0.04588066041469574,0.04767567664384842,0.5107197761535645,-0.002353616524487734,0.023576706647872925,0.48266497254371643,-0.045991864055395126,0.04483116790652275,0.5327162146568298,-0.045741450041532516,0.06718575954437256,0.5601856708526611,-0.031662482768297195,accelerate
0.1157829537987709,0.7027227878570557,1.4685774374356697e-07,0.1517656147480011,0.6286678314208984,-0.044592928141355515,0.14428697526454926,0.5285546779632568,-0.060003843158483505,0.09876672923564911,0.45320644974708557,-0.07264479249715805,0.05683717876672745,0.3969089388847351,-0.08267142623662949,0.1516985297203064,0.4070325791835785,-0.009103716351091862,0.15864284336566925,0.3023017644882202,-0.03470992669463158,0.16616190969944,0.23399008810520172,-0.05291825905442238,0.16971774399280548,0.178701251745224,-0.0655679851770401,0.10548730194568634,0.4295859932899475,-0.0034647095017135143,0.0658169686794281,0.3683704733848572,-0.05003797262907028,0.07016586512327194,0.420669823884964,-0.07160403579473495,0.0800366997718811,0.454640656709671,-0.07281865179538727,0.06797941029071808,0.46996641159057617,-0.0036746819969266653,0.039264604449272156,0.43818897008895874,-0.059093642979860306,0.06332038342952728,0.4993576109409332,-0.06604807823896408,0.0821494311094284,0.5250688195228577,-0.05362807214260101,0.04226982593536377,0.5203042030334473,-0.00647185742855072,0.02192401885986328,0.49231788516044617,-0.05059479549527168,0.04578717052936554,0.54022616147995,-0.05172164738178253,0.06822194159030914,0.564590334892273,-0.039342790842056274,accelerate
0.12577956914901733,0.6954807639122009,1.235046482861435e-07,0.16353504359722137,0.6209051012992859,-0.04371824115514755,0.15525071322917938,0.5211182236671448,-0.05982604995369911,0.11113452166318893,0.4469132125377655,-0.07343411445617676,0.07251675426959991,0.38868311047554016,-0.08438634127378464,0.16184934973716736,0.4020851254463196,-0.012353725731372833,0.16712278127670288,0.2945687174797058,-0.039332740008831024,0.17361745238304138,0.22573977708816528,-0.05809769779443741,0.17558546364307404,0.16952729225158691,-0.07106466591358185,0.1149154081940651,0.42372700572013855,-0.007489715237170458,0.07579448074102402,0.3621305227279663,-0.0555884875357151,0.08313670009374619,0.41903841495513916,-0.07587596029043198,0.09566421806812286,0.453901082277298,-0.07619480043649673,0.07667529582977295,0.4618619978427887,-0.008342718705534935,0.04866041615605354,0.4286484122276306,-0.06404272466897964,0.07296505570411682,0.49466168880462646,-0.06758635491132736,0.0923810750246048,0.5229665637016296,-0.05305762588977814,0.048759669065475464,0.5100584626197815,-0.01194431260228157,0.02946363389492035,0.4802383780479431,-0.05487299710512161,0.05360891669988632,0.5304416418075562,-0.05336955189704895,0.07554306834936142,0.5557279586791992,-0.03947339206933975,accelerate
0.13757272064685822,0.690351128578186,1.0419527285421282e-07,0.17641039192676544,0.6175382137298584,-0.04472219944000244,0.17107436060905457,0.5192608833312988,-0.06016811728477478,0.12861019372940063,0.4467553496360779,-0.07221303880214691,0.0870477557182312,0.3916398286819458,-0.0817442238330841,0.17392012476921082,0.40215247869491577,-0.015124980360269547,0.17876386642456055,0.2954292297363281,-0.03981900215148926,0.18369656801223755,0.22678804397583008,-0.05692822486162186,0.18442142009735107,0.1709369421005249,-0.06936290860176086,0.12738631665706635,0.4246313273906708,-0.008781451731920242,0.09085647016763687,0.3729201853275299,-0.053667694330215454,0.10238173604011536,0.43177250027656555,-0.0713832825422287,0.11768562346696854,0.4705670475959778,-0.07135489583015442,0.08946026861667633,0.46390435099601746,-0.00824033934623003,0.06228863447904587,0.4366024136543274,-0.06105092912912369,0.0883663222193718,0.4999901056289673,-0.06416527181863785,0.10817547887563705,0.5265136957168579,-0.05115829408168793,0.06231800466775894,0.5124185681343079,-0.010641684755682945,0.04389282315969467,0.4863344132900238,-0.05290107801556587,0.06819779425859451,0.5362457036972046,-0.05272673815488815,0.08969641476869583,0.5604656934738159,-0.040865447372198105,accelerate
0.23683390021324158,0.7108205556869507,6.754021342203487e-09,0.27811533212661743,0.6464693546295166,-0.0369238443672657,0.2791355848312378,0.5476908087730408,-0.050778940320014954,0.24977988004684448,0.4734075665473938,-0.06224194914102554,0.21155384182929993,0.4295000731945038,-0.07146289944648743,0.2651911675930023,0.4373674988746643,-0.017330870032310486,0.27225369215011597,0.33456477522850037,-0.04222974553704262,0.27459773421287537,0.2728912830352783,-0.05784866213798523,0.2761872410774231,0.21780431270599365,-0.06931280344724655,0.22207199037075043,0.44914424419403076,-0.014592798426747322,0.19338253140449524,0.398180216550827,-0.05965587496757507,0.19587238132953644,0.4672621786594391,-0.07530391961336136,0.20401565730571747,0.5087474584579468,-0.07388531416654587,0.18456991016864777,0.47929519414901733,-0.016324857249855995,0.16427330672740936,0.44417664408683777,-0.06536868214607239,0.1799129843711853,0.5100337862968445,-0.06526312232017517,0.1934250146150589,0.5399549007415771,-0.05140285566449165,0.15624447166919708,0.5220881700515747,-0.020649708807468414,0.1483597755432129,0.5002278685569763,-0.05823839083313942,0.16946785151958466,0.5469241738319397,-0.05642898008227348,0.18518948554992676,0.5735080242156982,-0.04466033726930618,accelerate
0.2924959659576416,0.7176169157028198,1.284417976421537e-07,0.33741557598114014,0.6495538949966431,-0.027380740270018578,0.3359391391277313,0.5564594864845276,-0.035682279616594315,0.3010222017765045,0.48679739236831665,-0.044191598892211914,0.259437620639801,0.4487212002277374,-0.0520116351544857,0.31897884607315063,0.46774351596832275,-0.009486437775194645,0.3246680200099945,0.3637634813785553,-0.027249827980995178,0.3283160328865051,0.30080652236938477,-0.039937835186719894,0.32754093408584595,0.24710886180400848,-0.0495322048664093,0.2794684171676636,0.48526716232299805,-0.011194192804396152,0.24518254399299622,0.4233863949775696,-0.03819902241230011,0.21809101104736328,0.40305426716804504,-0.05710972473025322,0.18936918675899506,0.38059115409851074,-0.06612518429756165,0.24902084469795227,0.5217403173446655,-0.016331268474459648,0.23949161171913147,0.48632797598838806,-0.0557146891951561,0.2582661509513855,0.5251691937446594,-0.06307357549667358,0.26364007592201233,0.5465227365493774,-0.05768079683184624,0.224836066365242,0.5688400864601135,-0.023072805255651474,0.2187945395708084,0.5312631726264954,-0.0552731454372406,0.24391408264636993,0.5600045323371887,-0.054722946137189865,0.2593390941619873,0.5874338150024414,-0.046275828033685684,accelerate
0.3341887593269348,0.7471240758895874,-6.953685982580282e-08,0.37859776616096497,0.6890490055084229,-0.02456904575228691,0.3882704973220825,0.6034014225006104,-0.03520716354250908,0.3667113184928894,0.5364131331443787,-0.046141576021909714,0.3391059637069702,0.4852132201194763,-0.05637310445308685,0.3650510013103485,0.5053560733795166,-0.01752137951552868,0.37381821870803833,0.3997059464454651,-0.04111482575535774,0.37994787096977234,0.3378005027770996,-0.055292438715696335,0.37900492548942566,0.2820096015930176,-0.06563309580087662,0.32738712430000305,0.5198943614959717,-0.020540552213788033,0.3325769007205963,0.47298386693000793,-0.05790618062019348,0.3417106866836548,0.5400912761688232,-0.06854099035263062,0.33699098229408264,0.5767977237701416,-0.06770507246255875,0.294871062040329,0.5501583814620972,-0.026679564267396927,0.304737389087677,0.5141497254371643,-0.06887365132570267,0.3229964077472687,0.5795804858207703,-0.0629216656088829,0.3210926651954651,0.6096553206443787,-0.04859282821416855,0.2646934986114502,0.5905593037605286,-0.03435756638646126,0.27413690090179443,0.5572413206100464,-0.06459473818540573,0.29730045795440674,0.5981792211532593,-0.05637700483202934,0.3025650680065155,0.6226354241371155,-0.042927369475364685,accelerate
0.35639679431915283,0.7547270059585571,5.790962376295283e-08,0.3992588520050049,0.6984060406684875,-0.024738982319831848,0.41208481788635254,0.6157351136207581,-0.03666708618402481,0.39093083143234253,0.5560811758041382,-0.04893158748745918,0.3649366796016693,0.5067411065101624,-0.06006408855319023,0.38534408807754517,0.5077905654907227,-0.0161946639418602,0.3941796123981476,0.4097694754600525,-0.04019998759031296,0.40069517493247986,0.34904614090919495,-0.05357816815376282,0.39862513542175293,0.2953757047653198,-0.06300270557403564,0.34313881397247314,0.521540105342865,-0.019763899967074394,0.35471341013908386,0.4745771288871765,-0.060357555747032166,0.3680095672607422,0.5459977388381958,-0.07103833556175232,0.3637106418609619,0.5878155827522278,-0.06791157275438309,0.3073189854621887,0.5521697998046875,-0.02657889761030674,0.329622745513916,0.5327212810516357,-0.07175605744123459,0.3469618558883667,0.6038644313812256,-0.06653216481208801,0.3409290313720703,0.6317219734191895,-0.05096985772252083,0.27489882707595825,0.5929954051971436,-0.0347440205514431,0.2988682687282562,0.5799866914749146,-0.06523717939853668,0.3181442618370056,0.624987781047821,-0.057692259550094604,0.31492701172828674,0.6400852799415588,-0.04420822113752365,accelerate
0.36235588788986206,0.7515765428543091,2.7233422628114567e-08,0.40410301089286804,0.6953189969062805,-0.019907034933567047,0.41786840558052063,0.6166480183601379,-0.03175903856754303,0.39881631731987,0.5596706867218018,-0.04506275802850723,0.3731764554977417,0.5130506157875061,-0.058199647814035416,0.3904001712799072,0.5089308619499207,-0.01702139712870121,0.40056312084198,0.4088129997253418,-0.04129580035805702,0.407127320766449,0.3457114100456238,-0.05482671409845352,0.4048202335834503,0.29228532314300537,-0.0640481486916542,0.3487148582935333,0.5223243236541748,-0.022677840664982796,0.36092180013656616,0.4802630841732025,-0.06198669970035553,0.37179291248321533,0.5563012361526489,-0.07069401443004608,0.3661971092224121,0.5969263911247253,-0.0668603926897049,0.31295186281204224,0.553378164768219,-0.030836470425128937,0.3334171772003174,0.5309733748435974,-0.07393229007720947,0.3492271304130554,0.6022653579711914,-0.06567162275314331,0.343381404876709,0.6313458681106567,-0.04882371798157692,0.28009310364723206,0.5966638326644897,-0.039998866617679596,0.2969592809677124,0.5777855515480042,-0.06959352642297745,0.3189467787742615,0.6211433410644531,-0.05955877527594566,0.32181254029273987,0.6394184231758118,-0.044151660054922104,accelerate
0.3678438067436218,0.748591959476471,2.824185862948525e-08,0.4093891978263855,0.6939731240272522,-0.020410027354955673,0.4233393669128418,0.6160992383956909,-0.03274707868695259,0.4038894772529602,0.5593014359474182,-0.04646037518978119,0.37851816415786743,0.512998640537262,-0.05980841442942619,0.39469295740127563,0.5067566633224487,-0.017785601317882538,0.40528059005737305,0.4057553708553314,-0.04270161688327789,0.41195613145828247,0.3428141474723816,-0.05700891092419624,0.4095118045806885,0.2898623049259186,-0.06688185781240463,0.35283711552619934,0.5204344987869263,-0.023020248860120773,0.3658978343009949,0.48092758655548096,-0.06287367641925812,0.37812647223472595,0.553290069103241,-0.07227683067321777,0.3724469542503357,0.5917249917984009,-0.06946131587028503,0.3177714943885803,0.5510962605476379,-0.030865024775266647,0.33921074867248535,0.5289309620857239,-0.0732632577419281,0.35591861605644226,0.5970854759216309,-0.065236397087574,0.3500225245952606,0.6244211792945862,-0.04926883429288864,0.2860735058784485,0.5935847759246826,-0.03990670666098595,0.3071194291114807,0.577468991279602,-0.06839652359485626,0.32780343294143677,0.6200283765792847,-0.05874008312821388,0.3274390399456024,0.6367969512939453,-0.04421157389879227,accelerate
0.3896852433681488,0.7505078911781311,-6.1449956234582714e-09,0.4326704144477844,0.6974748969078064,-0.02083440311253071,0.44866326451301575,0.6159173846244812,-0.03541512414813042,0.43310749530792236,0.554899275302887,-0.05132148414850235,0.4066171646118164,0.5078111290931702,-0.06645429134368896,0.41757258772850037,0.5020790100097656,-0.02365056611597538,0.42837196588516235,0.39924514293670654,-0.05081164464354515,0.43568259477615356,0.33706963062286377,-0.06616940349340439,0.43376296758651733,0.28304585814476013,-0.07709468901157379,0.3719237744808197,0.5148830413818359,-0.029793832451105118,0.3941669762134552,0.4845859408378601,-0.07125945389270782,0.40799495577812195,0.5615329146385193,-0.07965829223394394,0.3982790410518646,0.5964224338531494,-0.07698772847652435,0.33519962430000305,0.5471843481063843,-0.03842542693018913,0.3669297397136688,0.5310181975364685,-0.08230215311050415,0.3862721621990204,0.6020864248275757,-0.07286122441291809,0.3773319721221924,0.6274844408035278,-0.056855883449316025,0.303602397441864,0.5914872884750366,-0.04843020439147949,0.3368484079837799,0.5825685858726501,-0.07868637144565582,0.3576059937477112,0.6269736289978027,-0.06945113092660904,0.3517867624759674,0.6415486931800842,-0.055682193487882614,accelerate
0.4122685194015503,0.7527188062667847,7.611711261290566e-09,0.45610570907592773,0.7003055810928345,-0.022620581090450287,0.4761807918548584,0.6227681040763855,-0.03904442861676216,0.46727055311203003,0.5593743324279785,-0.05685652047395706,0.4393233060836792,0.5099390745162964,-0.07403209060430527,0.44152408838272095,0.5087133646011353,-0.02541402354836464,0.4507485032081604,0.4041603207588196,-0.05387889966368675,0.45725756883621216,0.3421667814254761,-0.0691869780421257,0.4555502235889435,0.2863045632839203,-0.07981574535369873,0.3985820710659027,0.5211912989616394,-0.031486626714468,0.42429783940315247,0.4825587868690491,-0.07648196816444397,0.43745535612106323,0.5608721971511841,-0.08611983060836792,0.4269756078720093,0.5972194671630859,-0.0829823687672615,0.3629343509674072,0.5502792000770569,-0.04007938131690025,0.39505723118782043,0.527402937412262,-0.0874023586511612,0.41331353783607483,0.6000431776046753,-0.07805562764406204,0.4044617712497711,0.6276845335960388,-0.060678884387016296,0.3312668800354004,0.5904617309570312,-0.05000016465783119,0.3650907874107361,0.5739836096763611,-0.08248341083526611,0.3844614028930664,0.6211665272712708,-0.07284743338823318,0.37755173444747925,0.6396072506904602,-0.05801773443818092,accelerate
0.4274863302707672,0.7385665774345398,4.919175466966408e-08,0.4667890965938568,0.6881260871887207,-0.02111576311290264,0.4864434003829956,0.6102641224861145,-0.040158044546842575,0.4807303845882416,0.5478971600532532,-0.061263423413038254,0.453027606010437,0.5000024437904358,-0.08173158019781113,0.45054179430007935,0.49527740478515625,-0.02998381480574608,0.46028634905815125,0.39201098680496216,-0.06162286177277565,0.4680498242378235,0.3287128806114197,-0.07801719754934311,0.4649253487586975,0.2739431858062744,-0.08901627361774445,0.40566185116767883,0.5084672570228577,-0.03766819089651108,0.4369989037513733,0.47666072845458984,-0.0820651426911354,0.45244428515434265,0.5569605827331543,-0.08866193145513535,0.4387372136116028,0.5858420729637146,-0.08463413268327713,0.3700981140136719,0.5377618074417114,-0.04794391989707947,0.4115702509880066,0.5284668207168579,-0.09498774260282516,0.42810121178627014,0.601762592792511,-0.08336027711629868,0.4127601385116577,0.6222696900367737,-0.06582539528608322,0.33979058265686035,0.5779656171798706,-0.05963681638240814,0.38403767347335815,0.5744810700416565,-0.091567762196064,0.3999992907047272,0.6234849691390991,-0.08104180544614792,0.3842383623123169,0.6381766200065613,-0.06646204739809036,accelerate
0.4333508014678955,0.7361441850662231,5.976296790777269e-08,0.4732908308506012,0.6817600131034851,-0.02181316912174225,0.4932984709739685,0.6047924160957336,-0.042202502489089966,0.4880406856536865,0.5431526303291321,-0.06490414589643478,0.4606817662715912,0.4929317831993103,-0.08704310655593872,0.45260125398635864,0.48600971698760986,-0.02877381071448326,0.4629603624343872,0.3831910490989685,-0.06125802546739578,0.4716401696205139,0.3186665177345276,-0.07851848751306534,0.46952876448631287,0.26364707946777344,-0.08976966887712479,0.4075978398323059,0.5002225637435913,-0.03711441904306412,0.4438081383705139,0.46792903542518616,-0.08335714787244797,0.46009361743927,0.5508648753166199,-0.09133656322956085,0.44446858763694763,0.5821245312690735,-0.08731164038181305,0.37224066257476807,0.5307667851448059,-0.048177167773246765,0.4176183044910431,0.5187299847602844,-0.09688353538513184,0.4348639249801636,0.5948070287704468,-0.08553855121135712,0.4178423583507538,0.6175622344017029,-0.06728492677211761,0.34236669540405273,0.5729595422744751,-0.06064843758940697,0.38903722167015076,0.5668216347694397,-0.09333068132400513,0.4068807363510132,0.617030918598175,-0.08208990097045898,0.3908751904964447,0.633503794670105,-0.06630878895521164,accelerate
0.42861053347587585,0.735816478729248,3.781070390118657e-08,0.46946480870246887,0.6834354400634766,-0.021871382370591164,0.49067962169647217,0.6043119430541992,-0.04118019714951515,0.4856666922569275,0.5409719347953796,-0.06261378526687622,0.4583090841770172,0.49466827511787415,-0.08344782888889313,0.4524837136268616,0.4846295416355133,-0.03025517240166664,0.4625418782234192,0.3799121081829071,-0.062270719558000565,0.46994146704673767,0.31530678272247314,-0.07956860959529877,0.46649184823036194,0.2601897418498993,-0.09125737100839615,0.405429869890213,0.49816110730171204,-0.038580771535634995,0.4372805953025818,0.46567562222480774,-0.08548277616500854,0.4552886188030243,0.5456832647323608,-0.09417091310024261,0.44387900829315186,0.5813882350921631,-0.09071248769760132,0.36911317706108093,0.5300218462944031,-0.04947763308882713,0.41332441568374634,0.5213685631752014,-0.09709804505109787,0.4322360157966614,0.593808114528656,-0.08667466044425964,0.41894450783729553,0.6185163855552673,-0.06948606669902802,0.33963900804519653,0.5737283229827881,-0.062014974653720856,0.3865230977535248,0.5735198855400085,-0.0933404490351677,0.4038834273815155,0.6207886934280396,-0.08354073017835617,0.3902657628059387,0.636381208896637,-0.0693117305636406,accelerate
0.42638564109802246,0.7419080138206482,3.904999434922729e-09,0.46738946437835693,0.686394453048706,-0.020798929035663605,0.4880899488925934,0.6079326868057251,-0.03986779600381851,0.483165442943573,0.5441118478775024,-0.06123275309801102,0.456138551235199,0.4972928762435913,-0.08191543072462082,0.45006588101387024,0.4855049252510071,-0.029480963945388794,0.4606195390224457,0.3812645673751831,-0.0612981915473938,0.4677286148071289,0.3164156973361969,-0.07814190536737442,0.46429017186164856,0.26033180952072144,-0.08938293904066086,0.4022828936576843,0.49673938751220703,-0.037714336067438126,0.4382408857345581,0.4705298840999603,-0.08382929116487503,0.4529903531074524,0.5543506741523743,-0.09155002981424332,0.4383140504360199,0.5885790586471558,-0.08747346699237823,0.36573123931884766,0.527319073677063,-0.048403944820165634,0.41269782185554504,0.5255889296531677,-0.09604066610336304,0.4278908967971802,0.601091742515564,-0.08558280020952225,0.41186708211898804,0.6242976784706116,-0.06815944612026215,0.335655152797699,0.57030189037323,-0.060568373650312424,0.38223356008529663,0.574138343334198,-0.09185791015625,0.39839044213294983,0.6219515800476074,-0.08206786960363388,0.38388878107070923,0.6354885697364807,-0.06758354604244232,accelerate
0.4000552296638489,0.7440893650054932,1.5846822520870774e-08,0.4418388605117798,0.6892426013946533,-0.01721518114209175,0.45882630348205566,0.6097155809402466,-0.03127245604991913,0.448302686214447,0.5510982275009155,-0.047997329384088516,0.4207804203033447,0.506483256816864,-0.06439944356679916,0.4196122884750366,0.486162394285202,-0.02193291485309601,0.4345013499259949,0.3823357820510864,-0.048291198909282684,0.441846638917923,0.31904131174087524,-0.0650445744395256,0.4403574466705322,0.2625027298927307,-0.07764529436826706,0.3751666247844696,0.49916577339172363,-0.0293737780302763,0.4049592614173889,0.48234573006629944,-0.06799022108316422,0.4194612205028534,0.5512984991073608,-0.07849353551864624,0.40957576036453247,0.5823448896408081,-0.07984154671430588,0.33940210938453674,0.5336273312568665,-0.03872782364487648,0.3741548955440521,0.5227807760238647,-0.0776788666844368,0.3945310413837433,0.5860900282859802,-0.06889228522777557,0.3872803747653961,0.6114488840103149,-0.0558515340089798,0.3087611496448517,0.5808954238891602,-0.04958460479974747,0.34439224004745483,0.57256680727005,-0.07558997720479965,0.3659135401248932,0.6116982102394104,-0.06586569547653198,0.3617798388004303,0.6283323168754578,-0.053082384169101715,accelerate
0.3663814067840576,0.7422779202461243,7.32348723886389e-08,0.40857481956481934,0.6819477677345276,-0.02395225130021572,0.4231913089752197,0.5969678163528442,-0.037388257682323456,0.4011760354042053,0.5387099981307983,-0.05147450044751167,0.3705964684486389,0.4932199716567993,-0.06480120122432709,0.3844755291938782,0.48105669021606445,-0.018874017521739006,0.3962574005126953,0.37845075130462646,-0.04572722688317299,0.4037708640098572,0.31382110714912415,-0.06188255548477173,0.40184906125068665,0.25726577639579773,-0.07320438325405121,0.3405502438545227,0.4968239367008209,-0.024062354117631912,0.35850614309310913,0.44882461428642273,-0.06698108464479446,0.373579204082489,0.522278368473053,-0.07975828647613525,0.3671410381793976,0.5631988048553467,-0.07812215387821198,0.3056723475456238,0.5304453372955322,-0.032139070332050323,0.3338373899459839,0.5124396681785583,-0.07868725806474686,0.3538150489330292,0.5818849205970764,-0.07375957816839218,0.3467824161052704,0.6073193550109863,-0.058518633246421814,0.2757231295108795,0.5762597918510437,-0.041432276368141174,0.3020819127559662,0.5569667220115662,-0.07303459197282791,0.32455575466156006,0.6021630167961121,-0.06410861760377884,0.32250016927719116,0.6200471520423889,-0.049311839044094086,accelerate
0.33652612566947937,0.7345211505889893,4.309641354893756e-08,0.3756237328052521,0.6720123291015625,-0.02434307150542736,0.3869812786579132,0.5844389200210571,-0.03730647265911102,0.36217984557151794,0.5228802561759949,-0.05083228275179863,0.33252695202827454,0.4760996997356415,-0.0634172111749649,0.35486072301864624,0.4691864252090454,-0.016626836732029915,0.3624779284000397,0.3626472055912018,-0.04025522246956825,0.36821115016937256,0.29529550671577454,-0.05295465141534805,0.364754319190979,0.23924240469932556,-0.06208279728889465,0.3104746341705322,0.48453086614608765,-0.020788688212633133,0.32284778356552124,0.4402393698692322,-0.06088203936815262,0.3372569680213928,0.5185260772705078,-0.06974447518587112,0.33123093843460083,0.5583928227424622,-0.06575272977352142,0.2744431495666504,0.5178185701370239,-0.028054973110556602,0.29554373025894165,0.4980216324329376,-0.07427297532558441,0.31478044390678406,0.5731754899024963,-0.0671408399939537,0.30812594294548035,0.6002093553543091,-0.05042644962668419,0.24155253171920776,0.5626556873321533,-0.03657316416501999,0.2607402503490448,0.5431728959083557,-0.06876004487276077,0.28320810198783875,0.5904409885406494,-0.05951507017016411,0.28286755084991455,0.6077995896339417,-0.04433286562561989,accelerate
0.3129240572452545,0.7350112199783325,1.7470762614379964e-08,0.35096317529678345,0.6738662123680115,-0.0249384343624115,0.36070263385772705,0.5838238596916199,-0.03776802867650986,0.3375159204006195,0.5199292898178101,-0.051441699266433716,0.3070034980773926,0.47158101201057434,-0.06411547213792801,0.3283025920391083,0.4678334891796112,-0.016543827950954437,0.3371073305606842,0.3599919080734253,-0.038969919085502625,0.34336453676223755,0.29297366738319397,-0.051476042717695236,0.3402685821056366,0.23605123162269592,-0.06068050488829613,0.28495773673057556,0.48782700300216675,-0.019650930538773537,0.2966635525226593,0.45291393995285034,-0.057596754282712936,0.31368187069892883,0.5281387567520142,-0.06672944128513336,0.3088882565498352,0.5640748739242554,-0.06397812813520432,0.25024229288101196,0.5249754190444946,-0.02574993669986725,0.26748597621917725,0.5058825016021729,-0.06938375532627106,0.2909608781337738,0.5772109627723694,-0.06194629147648811,0.28573447465896606,0.6024696826934814,-0.04581759124994278,0.21866369247436523,0.5713090896606445,-0.033228423446416855,0.2331458330154419,0.5460070371627808,-0.06292500346899033,0.25740423798561096,0.5884004235267639,-0.05238036811351776,0.2576252520084381,0.6051836609840393,-0.03670025244355202,accelerate
0.29712551832199097,0.7309775352478027,1.4317746988012914e-08,0.33896496891975403,0.6732404232025146,-0.0254165418446064,0.3506377637386322,0.5770294070243835,-0.0362108014523983,0.32135695219039917,0.5112099051475525,-0.047333911061286926,0.2853465974330902,0.46676498651504517,-0.05751189962029457,0.3186427354812622,0.4639008641242981,-0.01332548726350069,0.32714906334877014,0.3576430082321167,-0.03380810469388962,0.33409473299980164,0.2942749261856079,-0.046476610004901886,0.3319489657878876,0.23825174570083618,-0.0566999576985836,0.27517735958099365,0.48434901237487793,-0.01619819924235344,0.2788517475128174,0.4479564428329468,-0.05289199948310852,0.2908886969089508,0.5126906037330627,-0.06598209589719772,0.28407588601112366,0.5425634980201721,-0.0670900046825409,0.2405478060245514,0.5230917930603027,-0.021840590983629227,0.25225213170051575,0.5019358992576599,-0.0665135458111763,0.2772306799888611,0.5700427293777466,-0.06255512684583664,0.27469196915626526,0.594006359577179,-0.04906001687049866,0.21044933795928955,0.5709184408187866,-0.028605295345187187,0.22229644656181335,0.5410354733467102,-0.06131305545568466,0.2489272505044937,0.5856022834777832,-0.05264539644122124,0.25308164954185486,0.6055935621261597,-0.038084227591753006,accelerate
0.27039042115211487,0.6982561349868774,5.902382227418457e-08,0.31566542387008667,0.6375638246536255,-0.023915616795420647,0.3216039836406708,0.5399715304374695,-0.034791767597198486,0.29443955421447754,0.46395283937454224,-0.04690966755151749,0.2539646625518799,0.4174024164676666,-0.05861311033368111,0.3020998537540436,0.4348280727863312,-0.012548401951789856,0.30991339683532715,0.32436585426330566,-0.03504389896988869,0.3176147937774658,0.2593919634819031,-0.04928923398256302,0.31905797123908997,0.20293140411376953,-0.059882476925849915,0.25781068205833435,0.45386114716529846,-0.016072023659944534,0.2624344825744629,0.41583555936813354,-0.056038517504930496,0.2760794758796692,0.486151784658432,-0.06746536493301392,0.274068146944046,0.5231869220733643,-0.06600268930196762,0.2217618077993393,0.48994123935699463,-0.022515272721648216,0.22526901960372925,0.4625728130340576,-0.066439688205719,0.2506263256072998,0.5296028852462769,-0.05857041850686073,0.25336939096450806,0.5613046288490295,-0.04214303940534592,0.18957668542861938,0.5360711812973022,-0.030521592125296593,0.19466829299926758,0.5047335028648376,-0.06329430639743805,0.22069388628005981,0.549726128578186,-0.0534835085272789,0.22830262780189514,0.5755493640899658,-0.037494126707315445,accelerate
0.26055875420570374,0.6709463596343994,-3.01936680102699e-08,0.30358147621154785,0.6109436750411987,-0.020028678700327873,0.3141670525074005,0.5148601531982422,-0.030346481129527092,0.28783103823661804,0.4427565932273865,-0.04294887185096741,0.2506716549396515,0.3947979509830475,-0.05504051595926285,0.29448437690734863,0.39837297797203064,-0.009533151984214783,0.3065686821937561,0.2904505729675293,-0.03050624392926693,0.31469079852104187,0.22668039798736572,-0.042235445231199265,0.3147481381893158,0.17084437608718872,-0.05140543356537819,0.24785256385803223,0.4096466898918152,-0.014918970875442028,0.25683364272117615,0.37248048186302185,-0.053027134388685226,0.2681647837162018,0.45420488715171814,-0.06198706105351448,0.2626951336860657,0.48926419019699097,-0.05897294357419014,0.20911750197410583,0.4406805634498596,-0.02297409251332283,0.2140311747789383,0.41107186675071716,-0.06707658618688583,0.23716895282268524,0.4912383258342743,-0.058745723217725754,0.23758497834205627,0.5225313305854797,-0.04204142093658447,0.17350681126117706,0.4843149185180664,-0.03200918808579445,0.1817890852689743,0.4555903673171997,-0.06420586258172989,0.20939958095550537,0.5078791975975037,-0.053972162306308746,0.21704185009002686,0.5330299139022827,-0.03805020824074745,accelerate
0.2506960332393646,0.6523717641830444,9.79723235872143e-09,0.2943575084209442,0.5914057493209839,-0.023751085624098778,0.3043936789035797,0.49301236867904663,-0.03498039394617081,0.2778930962085724,0.4157029390335083,-0.04754944518208504,0.23981449007987976,0.36483341455459595,-0.05949127674102783,0.2831149697303772,0.37802594900131226,-0.012582365423440933,0.29443487524986267,0.2675931751728058,-0.03525526076555252,0.3023189604282379,0.20100454986095428,-0.04694853350520134,0.301662802696228,0.14466336369514465,-0.05543608218431473,0.23585020005702972,0.3937726318836212,-0.016410814598202705,0.23811303079128265,0.34264543652534485,-0.057603660970926285,0.2537042200565338,0.42387712001800537,-0.06636746227741241,0.25260481238365173,0.4642401337623596,-0.06154971197247505,0.19687747955322266,0.4278736412525177,-0.023303432390093803,0.20068013668060303,0.39585357904434204,-0.07049600034952164,0.22667641937732697,0.4754389822483063,-0.06195012480020523,0.22904284298419952,0.5082036256790161,-0.04331178218126297,0.1615617275238037,0.47301581501960754,-0.031383685767650604,0.16746649146080017,0.4395849108695984,-0.06440838426351547,0.19655391573905945,0.48970678448677063,-0.053984589874744415,0.20492865145206451,0.5139477252960205,-0.03736301138997078,accelerate
0.253718763589859,0.6611475944519043,1.3192746450840787e-08,0.2981410324573517,0.6019811630249023,-0.025450052693486214,0.3112642765045166,0.5032292604446411,-0.03910890221595764,0.2836913466453552,0.4276413023471832,-0.054177332669496536,0.24542924761772156,0.3764623701572418,-0.06816768646240234,0.2895358204841614,0.380266010761261,-0.01585458591580391,0.30114901065826416,0.2662639617919922,-0.0407228097319603,0.30940818786621094,0.19770751893520355,-0.05253010615706444,0.3078197240829468,0.13960182666778564,-0.06094293296337128,0.23982903361320496,0.39415714144706726,-0.01963038742542267,0.24712349474430084,0.35272717475891113,-0.06254935264587402,0.2612035870552063,0.44164109230041504,-0.06944441050291061,0.2556841969490051,0.4758414626121521,-0.06308700144290924,0.19925269484519958,0.4261728823184967,-0.026788655668497086,0.20652125775814056,0.40360257029533386,-0.07558976858854294,0.23129317164421082,0.4873564541339874,-0.06471651047468185,0.23019559681415558,0.5138146281242371,-0.04457898810505867,0.16191639006137848,0.4691391885280609,-0.03538334742188454,0.1722439080476761,0.4469667077064514,-0.0694977268576622,0.20061388611793518,0.5015826225280762,-0.0578254796564579,0.2055768370628357,0.5225334763526917,-0.04001500457525253,accelerate
0.25138548016548157,0.652483344078064,1.9142154528140054e-08,0.29406338930130005,0.5927553176879883,-0.02460944652557373,0.30702564120292664,0.49484726786613464,-0.037940166890621185,0.2823832631111145,0.42123305797576904,-0.0527617447078228,0.24484796822071075,0.3710162937641144,-0.06656374782323837,0.284431517124176,0.37290817499160767,-0.014709610491991043,0.2976524531841278,0.2637753486633301,-0.03885086625814438,0.306500107049942,0.19714471697807312,-0.05043752118945122,0.3054542541503906,0.1398557722568512,-0.05889911577105522,0.23522420227527618,0.38777056336402893,-0.01904594525694847,0.2453346997499466,0.34619101881980896,-0.0603591613471508,0.2603159248828888,0.43393567204475403,-0.06698255240917206,0.25421470403671265,0.4674113392829895,-0.06105584278702736,0.1952800452709198,0.42108607292175293,-0.02674967423081398,0.20595891773700714,0.39711615443229675,-0.0745401382446289,0.23110179603099823,0.48093974590301514,-0.06342095881700516,0.2281937599182129,0.5070472359657288,-0.043693091720342636,0.15872329473495483,0.46530044078826904,-0.03583419322967529,0.1725548356771469,0.4421173334121704,-0.06883494555950165,0.1993226706981659,0.49695807695388794,-0.05662078037858009,0.2006198763847351,0.5169270634651184,-0.03909061476588249,accelerate
0.24306316673755646,0.6583350896835327,1.2569227880732114e-09,0.28662973642349243,0.5999137759208679,-0.022961245849728584,0.2997068464756012,0.5031088590621948,-0.03537232428789139,0.27559006214141846,0.42727383971214294,-0.04968224838376045,0.23928126692771912,0.3756936192512512,-0.06364413350820541,0.2789022624492645,0.38721418380737305,-0.015423400327563286,0.290678471326828,0.2714977264404297,-0.03960869461297989,0.29901963472366333,0.20189835131168365,-0.05293312296271324,0.298822820186615,0.14300227165222168,-0.06258450448513031,0.23226574063301086,0.4037341773509979,-0.020406518131494522,0.23715586960315704,0.3566572666168213,-0.06370634585618973,0.24997864663600922,0.43691202998161316,-0.07395359128713608,0.24683544039726257,0.4765626788139343,-0.07038546353578568,0.19381403923034668,0.4375544488430023,-0.02799234539270401,0.1980935037136078,0.40230488777160645,-0.0746607854962349,0.22204092144966125,0.481141060590744,-0.0642935112118721,0.22353148460388184,0.5145893692970276,-0.04504934325814247,0.1593085527420044,0.48203516006469727,-0.03691477328538895,0.1662573367357254,0.4463546574115753,-0.06891565769910812,0.19291962683200836,0.4970158040523529,-0.05627413094043732,0.1991279125213623,0.5226312279701233,-0.03818827122449875,accelerate
0.24297073483467102,0.6654678583145142,2.931653142468349e-08,0.2870568037033081,0.6057040691375732,-0.02443522959947586,0.2985056936740875,0.5100797414779663,-0.0383317805826664,0.27426236867904663,0.43528375029563904,-0.05401056632399559,0.23804670572280884,0.38293060660362244,-0.06915105134248734,0.2770678997039795,0.3890542685985565,-0.016479171812534332,0.2892037630081177,0.27578088641166687,-0.04125245660543442,0.29707014560699463,0.2058347910642624,-0.05548901855945587,0.2965673804283142,0.14731740951538086,-0.06580223143100739,0.2290211170911789,0.4054127037525177,-0.020901283249258995,0.2350766658782959,0.35983774065971375,-0.06414531171321869,0.2499440610408783,0.4414554834365845,-0.07404870539903641,0.24790263175964355,0.48186206817626953,-0.07034458220005035,0.18902774155139923,0.43967580795288086,-0.028112920001149178,0.1920110285282135,0.4007391035556793,-0.07466064393520355,0.21877619624137878,0.4809945225715637,-0.06333355605602264,0.22207294404506683,0.5189412236213684,-0.04356449469923973,0.1531068980693817,0.4865800738334656,-0.03695003688335419,0.15942242741584778,0.4485321640968323,-0.07040413469076157,0.1888311803340912,0.49934688210487366,-0.05806684494018555,0.19717295467853546,0.5285626649856567,-0.03986062481999397,accelerate
0.24482356011867523,0.6767960786819458,-8.582325072836738e-09,0.28905603289604187,0.6200752258300781,-0.022783661261200905,0.30108654499053955,0.5233657360076904,-0.03493626415729523,0.27480068802833557,0.44911208748817444,-0.048794835805892944,0.23901653289794922,0.3989942669868469,-0.06243099644780159,0.2777997851371765,0.4081782400608063,-0.016028666868805885,0.28858014941215515,0.2930911183357239,-0.039581358432769775,0.29618173837661743,0.223641499876976,-0.0533742718398571,0.29561102390289307,0.16497665643692017,-0.06368927657604218,0.23191401362419128,0.423669695854187,-0.02050948701798916,0.23783797025680542,0.3809850215911865,-0.06252668052911758,0.250017374753952,0.4605657458305359,-0.07263828068971634,0.24597083032131195,0.4997846782207489,-0.06981059908866882,0.19347921013832092,0.4571702778339386,-0.0274367555975914,0.19664131104946136,0.4183855950832367,-0.07326945662498474,0.22062449157238007,0.4980984926223755,-0.06280166655778885,0.22216928005218506,0.5344574451446533,-0.044140975922346115,0.1587674617767334,0.5026216506958008,-0.03567342087626457,0.16544613242149353,0.4660780429840088,-0.06904598325490952,0.192910835146904,0.5182937383651733,-0.05730710178613663,0.19989725947380066,0.5470799803733826,-0.03980275243520737,accelerate
0.2435978204011917,0.7290589809417725,-3.407364701502047e-08,0.2854915261268616,0.675848126411438,-0.028205333277583122,0.29488101601600647,0.5823563933372498,-0.04197995364665985,0.2702661454677582,0.5067427754402161,-0.05600489675998688,0.23982293903827667,0.4505731463432312,-0.06823249906301498,0.27865418791770935,0.4608498811721802,-0.020641721785068512,0.28935885429382324,0.3472241163253784,-0.04620331898331642,0.2970618009567261,0.28059816360473633,-0.059656381607055664,0.2973131537437439,0.22196149826049805,-0.06944755464792252,0.23264554142951965,0.4758348762989044,-0.023469844833016396,0.2367607057094574,0.4423489272594452,-0.06548921018838882,0.2456187605857849,0.5184808373451233,-0.07490015774965286,0.24118006229400635,0.544976532459259,-0.07170552015304565,0.19381321966648102,0.509979248046875,-0.0297576691955328,0.20149396359920502,0.487151175737381,-0.0770597830414772,0.22289006412029266,0.5641001462936401,-0.06851045787334442,0.2234281599521637,0.5855610370635986,-0.05099283531308174,0.1597343385219574,0.5544162392616272,-0.03781981021165848,0.16694487631320953,0.5290033221244812,-0.07131235301494598,0.19166342914104462,0.5766212344169617,-0.061322830617427826,0.19804905354976654,0.591341495513916,-0.04527199640870094,accelerate
0.2363852560520172,0.766202449798584,2.7916195222132956e-07,0.2789595127105713,0.7077276110649109,-0.036026518791913986,0.2871558666229248,0.6154999136924744,-0.048790860921144485,0.2600811719894409,0.5443495512008667,-0.06057904660701752,0.228525772690773,0.4895317554473877,-0.07007498294115067,0.2746030390262604,0.5000943541526794,-0.020011642947793007,0.2865341305732727,0.3879161477088928,-0.04468350112438202,0.293612539768219,0.31849798560142517,-0.059440478682518005,0.29503679275512695,0.2591666281223297,-0.06853684782981873,0.2294631004333496,0.5158644914627075,-0.020178496837615967,0.1971973329782486,0.43943747878074646,-0.05472356081008911,0.17896270751953125,0.41734570264816284,-0.07227206230163574,0.16171663999557495,0.3876186013221741,-0.0770328938961029,0.19209666550159454,0.552423357963562,-0.024845082312822342,0.1924629509449005,0.5261902213096619,-0.07399371266365051,0.21436205506324768,0.5900800228118896,-0.07848582416772842,0.2208075374364853,0.6180605888366699,-0.06653157621622086,0.1618501842021942,0.5974953174591064,-0.0317823551595211,0.16501928865909576,0.5696698427200317,-0.06801153719425201,0.18633674085140228,0.6126101016998291,-0.06476655602455139,0.1933201104402542,0.6354811787605286,-0.052156783640384674,accelerate
0.23057672381401062,0.8203169107437134,3.5748186633099976e-07,0.27108025550842285,0.7561495900154114,-0.031569935381412506,0.277498722076416,0.6662959456443787,-0.04302668571472168,0.2465742975473404,0.6031361222267151,-0.05451742559671402,0.20933645963668823,0.5546396970748901,-0.06374894827604294,0.2680436074733734,0.5462549924850464,-0.014131171628832817,0.2791271507740021,0.44138529896736145,-0.03807753697037697,0.28457435965538025,0.3731776177883148,-0.05373018607497215,0.28464475274086,0.31679195165634155,-0.0633569285273552,0.22156623005867004,0.5599142909049988,-0.017481915652751923,0.19372613728046417,0.46589240431785583,-0.05012673884630203,0.17402096092700958,0.423721045255661,-0.06873150169849396,0.15279868245124817,0.3869924545288086,-0.07455281913280487,0.18219134211540222,0.5988344550132751,-0.025460481643676758,0.18030965328216553,0.5716659426689148,-0.07301609218120575,0.20473253726959229,0.6333988308906555,-0.0800170823931694,0.21388229727745056,0.6652287840843201,-0.06982667744159698,0.1502227485179901,0.6493424773216248,-0.03552817553281784,0.1539647877216339,0.6234502196311951,-0.07095310837030411,0.1773240864276886,0.6678665280342102,-0.06929653137922287,0.18753394484519958,0.6939405202865601,-0.05842043086886406,accelerate
0.2466362565755844,0.8402557373046875,2.7928770407470438e-08,0.28831014037132263,0.7846017479896545,-0.02551940828561783,0.299068421125412,0.6977734565734863,-0.03864603862166405,0.27207517623901367,0.6340378522872925,-0.052199047058820724,0.23554250597953796,0.5954726934432983,-0.06466103345155716,0.2746964991092682,0.5694378018379211,-0.018823394551873207,0.28522980213165283,0.4672427773475647,-0.041562654078006744,0.2909056544303894,0.40273672342300415,-0.05598311126232147,0.28964918851852417,0.34779226779937744,-0.06687922030687332,0.23047341406345367,0.5859929323196411,-0.02234053611755371,0.22563737630844116,0.5472768545150757,-0.06052044779062271,0.24217315018177032,0.608318567276001,-0.07267148047685623,0.24934029579162598,0.6468837857246399,-0.07236914336681366,0.19378888607025146,0.6230146288871765,-0.028585268184542656,0.19689276814460754,0.6109179854393005,-0.0699157640337944,0.2230709344148636,0.6738858222961426,-0.0658184066414833,0.23243539035320282,0.7059722542762756,-0.052519138902425766,0.16390016674995422,0.6707046627998352,-0.03675258904695511,0.167039155960083,0.6538130640983582,-0.06517728418111801,0.19251370429992676,0.6933723092079163,-0.05845164880156517,0.20560888946056366,0.7146326303482056,-0.04595862329006195,accelerate
0.28657758235931396,0.8563063144683838,4.3517463410580604e-08,0.3308652341365814,0.7992181181907654,-0.026598431169986725,0.3435279130935669,0.7169987559318542,-0.03972592204809189,0.320453941822052,0.6559975147247314,-0.05291692912578583,0.2870791256427765,0.6128409504890442,-0.06473222374916077,0.31985655426979065,0.5913593173027039,-0.02028171345591545,0.328154981136322,0.4905114769935608,-0.043776948004961014,0.33186525106430054,0.4290491044521332,-0.05755111947655678,0.330700159072876,0.3740602135658264,-0.06756125390529633,0.27538731694221497,0.6041123270988464,-0.023672031238675117,0.2717903256416321,0.5588854551315308,-0.058289457112550735,0.27678239345550537,0.5988573431968689,-0.07132546603679657,0.2738457918167114,0.617344856262207,-0.07309582829475403,0.23863252997398376,0.6379097700119019,-0.030021952465176582,0.2512817084789276,0.6322823762893677,-0.07099892944097519,0.27333149313926697,0.6909822225570679,-0.06943193823099136,0.27763357758522034,0.7138074040412903,-0.05824030563235283,0.2076377123594284,0.6814484000205994,-0.0382067896425724,0.21677877008914948,0.6703929305076599,-0.06611406803131104,0.2402723729610443,0.7107319831848145,-0.059507712721824646,0.24879860877990723,0.7283927202224731,-0.047488659620285034,accelerate
0.3111301064491272,0.8709895610809326,-7.900178644604239e-08,0.3573378920555115,0.8166096210479736,-0.02262735925614834,0.3721613883972168,0.7353913187980652,-0.036395177245140076,0.3498730957508087,0.6732854843139648,-0.05075506865978241,0.3169994652271271,0.6309828758239746,-0.0643959641456604,0.34943339228630066,0.6090426445007324,-0.022351743653416634,0.3618295192718506,0.5096685886383057,-0.04565134644508362,0.36799439787864685,0.44637447595596313,-0.06117928773164749,0.36939579248428345,0.39234814047813416,-0.07293784618377686,0.30441632866859436,0.6177684664726257,-0.02599015086889267,0.31827667355537415,0.6049471497535706,-0.06237088888883591,0.3252047002315521,0.669208824634552,-0.07394923269748688,0.32126376032829285,0.7053424715995789,-0.07537253201007843,0.2670169174671173,0.6498780846595764,-0.03177584335207939,0.2827516496181488,0.6470163464546204,-0.06820132583379745,0.2995428740978241,0.7030225396156311,-0.06327230483293533,0.3006715178489685,0.7306698560714722,-0.05249298736453056,0.2344040423631668,0.693310558795929,-0.0394737645983696,0.2471664994955063,0.682512640953064,-0.06478681415319443,0.2674683630466461,0.7200828790664673,-0.05772179365158081,0.2741757333278656,0.739881694316864,-0.04632297530770302,accelerate
0.3597426116466522,0.9463647603988647,-1.1060502913551318e-07,0.41126713156700134,0.892167866230011,-0.01935446634888649,0.44236043095588684,0.8184670805931091,-0.03723970428109169,0.4375098943710327,0.7593621015548706,-0.05746722221374512,0.40698814392089844,0.721443772315979,-0.07789090275764465,0.40614110231399536,0.6884298920631409,-0.03597647696733475,0.42932450771331787,0.5813637375831604,-0.06589050590991974,0.4378981590270996,0.5151762962341309,-0.0843452513217926,0.4432857036590576,0.455622136592865,-0.0968262180685997,0.35861504077911377,0.6910436153411865,-0.04287777841091156,0.3987831473350525,0.698951005935669,-0.08444592356681824,0.41431480646133423,0.7644647359848022,-0.09505081921815872,0.4155837893486023,0.8058733940124512,-0.09556252509355545,0.3188883662223816,0.719154417514801,-0.05105156823992729,0.3642115890979767,0.7353439331054688,-0.08912541717290878,0.3833693861961365,0.7926485538482666,-0.08152308315038681,0.3857138156890869,0.8280441761016846,-0.06882160902023315,0.2859874367713928,0.760323703289032,-0.061292845755815506,0.3239453434944153,0.7620974779129028,-0.0854451060295105,0.3475209176540375,0.8017594218254089,-0.07594235241413116,0.35450148582458496,0.8289186954498291,-0.0625288262963295,accelerate
0.4237619638442993,0.9762284755706787,8.10398006478863e-08,0.469383180141449,0.9284689426422119,-0.01995018497109413,0.49958810210227966,0.8683697581291199,-0.04063873365521431,0.5012791156768799,0.8192222714424133,-0.06327791512012482,0.4761451780796051,0.7846480011940002,-0.0854220911860466,0.4649844467639923,0.7208579182624817,-0.035259734839200974,0.4928326904773712,0.6299854516983032,-0.06499014049768448,0.5056645274162292,0.5666179060935974,-0.08505041897296906,0.511712372303009,0.5115922689437866,-0.09921861439943314,0.4150433838367462,0.719987154006958,-0.042608797550201416,0.46009373664855957,0.7416521906852722,-0.08136957138776779,0.47283467650413513,0.7999069690704346,-0.09331553429365158,0.46817123889923096,0.8332030773162842,-0.0958699882030487,0.37556010484695435,0.7497470378875732,-0.05130910128355026,0.4276772141456604,0.7894362211227417,-0.08359098434448242,0.44043904542922974,0.8384863138198853,-0.07810312509536743,0.4353768825531006,0.858397364616394,-0.06908863037824631,0.3450913429260254,0.7945052981376648,-0.06268832087516785,0.3893558084964752,0.8257759213447571,-0.08207982778549194,0.4065777361392975,0.859229564666748,-0.07526656985282898,0.40607303380966187,0.8716306090354919,-0.06522665917873383,accelerate
0.44982287287712097,0.9902198314666748,2.6101941941192308e-08,0.4977562129497528,0.9461617469787598,-0.020673083141446114,0.5336767435073853,0.8875369429588318,-0.042458854615688324,0.5371013283729553,0.8372917771339417,-0.06590699404478073,0.5130807161331177,0.7974759936332703,-0.08841630816459656,0.49115315079689026,0.7273032665252686,-0.039809998124837875,0.518642246723175,0.6340266466140747,-0.07126016914844513,0.5310093760490417,0.5701022148132324,-0.09251487255096436,0.5359978079795837,0.5127935409545898,-0.10812510550022125,0.4369552731513977,0.7244263887405396,-0.048106808215379715,0.49257412552833557,0.76422518491745,-0.08949071168899536,0.5033205151557922,0.8264936804771423,-0.10281012207269669,0.49198126792907715,0.8531269431114197,-0.10669153928756714,0.3974446952342987,0.7599093914031982,-0.05740221589803696,0.46114012598991394,0.8199518322944641,-0.09186110645532608,0.4712749421596527,0.8678818345069885,-0.08696015924215317,0.45918306708335876,0.877842128276825,-0.07891852408647537,0.3686843514442444,0.8132211565971375,-0.06933838129043579,0.4210449457168579,0.8612774610519409,-0.09060502797365189,0.43706658482551575,0.8934082984924316,-0.08376722782850266,0.4316596984863281,0.899354875087738,-0.07360126078128815,accelerate
0.5288705825805664,1.0250446796417236,9.57779775490053e-08,0.5721559524536133,0.9727299213409424,-0.020910056307911873,0.6027242541313171,0.9050093293190002,-0.046250633895397186,0.5998839139938354,0.8529841303825378,-0.0741104930639267,0.5748558044433594,0.8125828504562378,-0.10146868973970413,0.5343901515007019,0.750053346157074,-0.04132697731256485,0.552699089050293,0.6463541388511658,-0.0764046311378479,0.5588469505310059,0.573602020740509,-0.10078009217977524,0.5579332709312439,0.5113449096679688,-0.1188725084066391,0.4783855676651001,0.761350691318512,-0.05167165771126747,0.5459671020507812,0.7837201952934265,-0.09825468808412552,0.5649020671844482,0.8451947569847107,-0.11423654854297638,0.5530568361282349,0.8740648627281189,-0.11985735595226288,0.44401392340660095,0.8069592714309692,-0.06316522508859634,0.5225085616111755,0.844629168510437,-0.10231617838144302,0.5319493412971497,0.8960620164871216,-0.09637963771820068,0.5123609304428101,0.911876380443573,-0.08765532821416855,0.4222617745399475,0.8695696592330933,-0.0772833526134491,0.49299418926239014,0.8975864052772522,-0.10274340212345123,0.5082409977912903,0.9310762286186218,-0.09547945111989975,0.4945654571056366,0.9412428140640259,-0.08491920679807663,accelerate
0.5377761125564575,1.0210890769958496,7.25739184304075e-08,0.5833852291107178,0.9650218486785889,-0.024970578029751778,0.6126771569252014,0.8984528183937073,-0.05300096422433853,0.6131232380867004,0.8459659218788147,-0.08362835645675659,0.5828889608383179,0.8088176846504211,-0.11326950043439865,0.5414488315582275,0.7402667999267578,-0.04143435135483742,0.5532844662666321,0.6363143920898438,-0.07989338040351868,0.5584707260131836,0.567577600479126,-0.10514266788959503,0.5569307208061218,0.5091629028320312,-0.12255559861660004,0.48765599727630615,0.7535361647605896,-0.050869982689619064,0.5552955269813538,0.7645071148872375,-0.10441496968269348,0.5740524530410767,0.8391627073287964,-0.12094299495220184,0.5603644251823425,0.8774052262306213,-0.12356289476156235,0.45210346579551697,0.7964690327644348,-0.06254173070192337,0.5306665897369385,0.8219060897827148,-0.1087399274110794,0.5461148619651794,0.8835329413414001,-0.10322599112987518,0.5297672152519226,0.9056209325790405,-0.09126567095518112,0.4287002682685852,0.8564333319664001,-0.07703516632318497,0.5015310645103455,0.8828235268592834,-0.10589329153299332,0.5187305212020874,0.9217818379402161,-0.09953296184539795,0.5059900283813477,0.9341441988945007,-0.08810547739267349,accelerate
0.5454948544502258,1.009151816368103,-1.4753213761764528e-08,0.5905002355575562,0.9407503008842468,-0.021322747692465782,0.6187017560005188,0.8617655634880066,-0.04529186710715294,0.6156224012374878,0.8036046028137207,-0.07196508347988129,0.5852281451225281,0.7654377222061157,-0.09768285602331161,0.5355560779571533,0.7015838623046875,-0.036613620817661285,0.5557621717453003,0.6012335419654846,-0.0714259147644043,0.5597519874572754,0.5321275591850281,-0.09604327380657196,0.5572503805160522,0.47051775455474854,-0.11411294341087341,0.4787560701370239,0.7121337056159973,-0.04673745110630989,0.5524526238441467,0.7404050230979919,-0.09535172581672668,0.5715616345405579,0.81396484375,-0.11219087243080139,0.5601348876953125,0.8535817861557007,-0.11673872917890549,0.44435033202171326,0.7593615055084229,-0.05847872421145439,0.5281696915626526,0.7975117564201355,-0.09849579632282257,0.5458046793937683,0.8520569205284119,-0.09443932771682739,0.5331936478614807,0.8724861741065979,-0.08560977131128311,0.42657390236854553,0.8239508867263794,-0.07320129871368408,0.5022128224372864,0.8572045564651489,-0.09820850938558578,0.5201007723808289,0.8926127552986145,-0.09358717501163483,0.5097978711128235,0.9045640230178833,-0.08432529121637344,accelerate
0.5735411047935486,0.9770044684410095,4.319937829677656e-08,0.6194872260093689,0.9100303649902344,-0.022548548877239227,0.645819365978241,0.8278067111968994,-0.04583389312028885,0.6412858963012695,0.764705240726471,-0.07115593552589417,0.6082924604415894,0.7218497395515442,-0.09566182643175125,0.563703715801239,0.6805151700973511,-0.03689144551753998,0.5786179900169373,0.5784199237823486,-0.07045971602201462,0.5793583393096924,0.5086578130722046,-0.09421945363283157,0.5758588314056396,0.44801759719848633,-0.11165943741798401,0.5086538791656494,0.6931596994400024,-0.0457431897521019,0.5758281350135803,0.7051716446876526,-0.09074193239212036,0.5964159965515137,0.7666473984718323,-0.10663846880197525,0.5905616879463196,0.8011696934700012,-0.11185979098081589,0.4735415577888489,0.7400738000869751,-0.05638412758708,0.5500286221504211,0.7633150219917297,-0.09513414651155472,0.5661591291427612,0.8142330646514893,-0.09079032391309738,0.5566245317459106,0.8352861404418945,-0.08286646008491516,0.4520326554775238,0.8030292391777039,-0.06993985176086426,0.5225499868392944,0.8211826086044312,-0.09490992873907089,0.5430412292480469,0.8577063083648682,-0.0892639085650444,0.5377225875854492,0.8733400702476501,-0.07994573563337326,accelerate
0.6097961664199829,0.9918339252471924,-5.561326332781391e-08,0.6589649319648743,0.9157760739326477,-0.015232205390930176,0.6910274624824524,0.8356261849403381,-0.03857046365737915,0.7012957334518433,0.7746098637580872,-0.06767463684082031,0.6738178133964539,0.7341406345367432,-0.09592234343290329,0.6037189364433289,0.6841030716896057,-0.02466469444334507,0.6250338554382324,0.575994610786438,-0.059528011828660965,0.6318747997283936,0.49700015783309937,-0.08137471973896027,0.6306782960891724,0.4297492504119873,-0.09786882996559143,0.5554978847503662,0.6968882083892822,-0.04057031869888306,0.635247528553009,0.6999356746673584,-0.08925040066242218,0.650458037853241,0.7820983529090881,-0.10007897019386292,0.6293670535087585,0.8123546242713928,-0.10007279366254807,0.5265086889266968,0.7388649582862854,-0.059105969965457916,0.6143983602523804,0.7603099346160889,-0.1041608452796936,0.6258805394172668,0.8296458125114441,-0.09587080776691437,0.6018401384353638,0.8461440801620483,-0.0833350345492363,0.5112367868423462,0.795642077922821,-0.08026015013456345,0.588205873966217,0.8284836411476135,-0.11005103588104248,0.5966036915779114,0.8758342862129211,-0.10472362488508224,0.5712079405784607,0.8871000409126282,-0.09518136829137802,accelerate
0.605118453502655,0.9857217669487,1.5352231486076562e-08,0.6587466597557068,0.9076148867607117,-0.017557932063937187,0.6920269727706909,0.828471302986145,-0.042234767228364944,0.6981666088104248,0.7642858624458313,-0.0719858780503273,0.6673180460929871,0.7230998277664185,-0.10127187520265579,0.610273003578186,0.673271894454956,-0.03314140439033508,0.6328277587890625,0.5610517859458923,-0.06933804601430893,0.6405109167098999,0.4825248420238495,-0.09327581524848938,0.6401954889297485,0.4132098853588104,-0.11100663244724274,0.556922197341919,0.6841487288475037,-0.0479872040450573,0.6378487348556519,0.6928324103355408,-0.09689130634069443,0.6527625322341919,0.7694047093391418,-0.1094503104686737,0.6350523233413696,0.8016039133071899,-0.1112716868519783,0.522428035736084,0.7277364134788513,-0.06476841866970062,0.6102797985076904,0.7554025053977966,-0.10761602967977524,0.6169003248214722,0.8194835782051086,-0.09903985261917114,0.5938456058502197,0.8383505940437317,-0.08699054270982742,0.49915701150894165,0.7890625596046448,-0.08449670672416687,0.5726224780082703,0.820945680141449,-0.11196734756231308,0.5838724374771118,0.8622889518737793,-0.10445117205381393,0.5657753348350525,0.8748322129249573,-0.09326250851154327,accelerate
0.5942928791046143,0.9793156385421753,-4.015818788616343e-08,0.647022545337677,0.9030398726463318,-0.016627512872219086,0.6809208393096924,0.8240304589271545,-0.04051240533590317,0.6893174052238464,0.7583312392234802,-0.06927026808261871,0.662145733833313,0.7137585282325745,-0.09734964370727539,0.5993289947509766,0.6655853390693665,-0.03188661113381386,0.6233850717544556,0.5574982166290283,-0.06719791144132614,0.6313325762748718,0.4812632203102112,-0.09078777581453323,0.6308217644691467,0.4140729606151581,-0.10812518745660782,0.5465918183326721,0.6740389466285706,-0.04633009061217308,0.625499427318573,0.6866971850395203,-0.09433164447546005,0.6409979462623596,0.7654931545257568,-0.10654089599847794,0.6239331364631653,0.7996580004692078,-0.10788390785455704,0.5128551721572876,0.715900719165802,-0.06253253668546677,0.598864734172821,0.7427840828895569,-0.10514023900032043,0.6108308434486389,0.8098568916320801,-0.09614009410142899,0.5927202701568604,0.8313794732093811,-0.08326216787099838,0.491894006729126,0.7753905653953552,-0.08150561898946762,0.5649049878120422,0.8054920434951782,-0.10836737602949142,0.5793320536613464,0.8487743139266968,-0.10005488246679306,0.5653189420700073,0.8634041547775269,-0.08797264844179153,accelerate
0.5964492559432983,0.9825584292411804,3.4344072474823406e-08,0.64725661277771,0.8978923559188843,-0.018917879089713097,0.678073525428772,0.8151229023933411,-0.04349776729941368,0.6811341047286987,0.7513144612312317,-0.07288220524787903,0.6533006429672241,0.7058606743812561,-0.10158537328243256,0.5860801935195923,0.6541792750358582,-0.028687182813882828,0.6142454743385315,0.5468153953552246,-0.06227355822920799,0.6212772727012634,0.46810951828956604,-0.08552418649196625,0.6213936805725098,0.39804351329803467,-0.1034194752573967,0.5335286855697632,0.6694663166999817,-0.042106859385967255,0.6169233918190002,0.67999666929245,-0.08813745528459549,0.6307289600372314,0.7579335570335388,-0.10109443217515945,0.6115536689758301,0.7890034317970276,-0.10396634042263031,0.501879096031189,0.7168341875076294,-0.05771178379654884,0.5927141904830933,0.7390708923339844,-0.09931792318820953,0.6007986664772034,0.8031426668167114,-0.09145461767911911,0.577673614025116,0.8219361901283264,-0.08021780103445053,0.4829143285751343,0.7810662984848022,-0.07629343122243881,0.5575891733169556,0.8032098412513733,-0.10331759601831436,0.5704667568206787,0.8450548648834229,-0.09585370868444443,0.5526455044746399,0.8599970936775208,-0.08480864018201828,accelerate
0.5911151766777039,0.9756643772125244,-3.520563041092828e-08,0.6421410441398621,0.8944544792175293,-0.017733601853251457,0.6736745834350586,0.8057554960250854,-0.044884320348501205,0.6771471500396729,0.7382561564445496,-0.07755725830793381,0.6462060809135437,0.6932400465011597,-0.10944116115570068,0.5809230208396912,0.6499313116073608,-0.03200583532452583,0.6040621399879456,0.5387076735496521,-0.07270020246505737,0.6143177151679993,0.457654744386673,-0.09837546199560165,0.615727961063385,0.38759666681289673,-0.11590150743722916,0.5257657170295715,0.6631671190261841,-0.047432247549295425,0.6121109127998352,0.6742028594017029,-0.09821422398090363,0.6284025311470032,0.7632129788398743,-0.10896430909633636,0.6032018661499023,0.791087806224823,-0.10862114280462265,0.49327147006988525,0.7065832614898682,-0.06530634313821793,0.5903716683387756,0.7313699722290039,-0.11338777095079422,0.6009023785591125,0.80672687292099,-0.10287445038557053,0.5722211003303528,0.8215100765228271,-0.08807313442230225,0.4741055369377136,0.7657301425933838,-0.08574658632278442,0.560027539730072,0.7917327880859375,-0.11561139672994614,0.5727786421775818,0.8453791737556458,-0.1048194169998169,0.5487223267555237,0.8608852624893188,-0.09028079360723495,accelerate
0.5740881562232971,0.979887843132019,1.7926288009562086e-08,0.6273308396339417,0.8963820934295654,-0.017033230513334274,0.6627660393714905,0.811183512210846,-0.04107135161757469,0.6678615212440491,0.745274007320404,-0.07012622058391571,0.6369937062263489,0.7037262320518494,-0.09869709610939026,0.5727984309196472,0.6513892412185669,-0.031567152589559555,0.6010379195213318,0.5405241250991821,-0.06786387413740158,0.6114901304244995,0.4597061574459076,-0.09250716120004654,0.6132014393806458,0.3884395360946655,-0.11024196445941925,0.5162900686264038,0.6592962145805359,-0.0456618033349514,0.5978733897209167,0.6714859008789062,-0.09329971671104431,0.6135774850845337,0.7480980753898621,-0.10685868561267853,0.5956293344497681,0.7835930585861206,-0.1094808280467987,0.47961097955703735,0.6998260021209717,-0.06151971220970154,0.5713635683059692,0.7297186851501465,-0.10405854880809784,0.5827817916870117,0.7959691882133484,-0.09638781100511551,0.5640574097633362,0.8178262710571289,-0.0843052789568901,0.456718385219574,0.7578392028808594,-0.08023063093423843,0.5357438325881958,0.7844730019569397,-0.10588645190000534,0.5506599545478821,0.831001877784729,-0.09734880924224854,0.5369732975959778,0.8496280908584595,-0.0851200744509697,accelerate
0.48783570528030396,0.9742488861083984,8.623231906312867e-07,0.5552629828453064,0.9075345396995544,-0.023609837517142296,0.6127697825431824,0.8127995133399963,-0.04242368042469025,0.6389567852020264,0.7434552311897278,-0.06476949900388718,0.6212289333343506,0.7103472352027893,-0.08720346540212631,0.5466218590736389,0.6741763353347778,-0.03866063430905342,0.5493589639663696,0.532752275466919,-0.0741581842303276,0.5453260540962219,0.44363248348236084,-0.09294969588518143,0.5382365584373474,0.3677844703197479,-0.10349036008119583,0.48685434460639954,0.6819878816604614,-0.047241371124982834,0.5205535292625427,0.6087544560432434,-0.09144618362188339,0.5491452217102051,0.582031786441803,-0.10928872227668762,0.5634632110595703,0.5644450783729553,-0.11351612955331802,0.4308352470397949,0.7184799313545227,-0.05772476643323898,0.494876891374588,0.7386663556098938,-0.09987128525972366,0.5207934975624084,0.7936310768127441,-0.09968241304159164,0.5245141386985779,0.8288409113883972,-0.0884658694267273,0.3857215642929077,0.7744532227516174,-0.07108698785305023,0.4482029676437378,0.7973473072052002,-0.09460661560297012,0.47436314821243286,0.8356941938400269,-0.08839132636785507,0.47741085290908813,0.8583434820175171,-0.0762668028473854,accelerate
0.35563454031944275,0.9828090667724609,1.6051289719598572e-07,0.4037848711013794,0.9212341904640198,-0.032298438251018524,0.42447975277900696,0.8256046175956726,-0.05260668322443962,0.39090704917907715,0.7620706558227539,-0.07290507107973099,0.33800971508026123,0.7233204245567322,-0.09241975098848343,0.37765127420425415,0.6814262866973877,-0.03442487120628357,0.3887214958667755,0.5484711527824402,-0.06788033992052078,0.3932254910469055,0.4656684994697571,-0.08923638612031937,0.3922868072986603,0.39451009035110474,-0.10454214364290237,0.3246843218803406,0.6985785365104675,-0.03830714151263237,0.3434200882911682,0.6851286888122559,-0.09278666973114014,0.3617418706417084,0.7684493064880371,-0.11050789803266525,0.3637862801551819,0.8198002576828003,-0.11200778931379318,0.2812371253967285,0.7398823499679565,-0.04498327895998955,0.29902493953704834,0.7388321757316589,-0.09480840712785721,0.3274548351764679,0.8062596321105957,-0.08767702430486679,0.33475321531295776,0.838578999042511,-0.07214044034481049,0.2461267113685608,0.7946357727050781,-0.05447439104318619,0.2689191699028015,0.7928845286369324,-0.08801831305027008,0.29630130529403687,0.8369030356407166,-0.07923589646816254,0.3049079179763794,0.8560927510261536,-0.06406724452972412,accelerate
0.2813306748867035,0.9840086698532104,7.514348254744618e-08,0.331953763961792,0.923146665096283,-0.035427697002887726,0.34450072050094604,0.8176171183586121,-0.05347176268696785,0.3043968677520752,0.7497347593307495,-0.07138282060623169,0.24887825548648834,0.7121878862380981,-0.08731556683778763,0.3113894462585449,0.6693673133850098,-0.028914710506796837,0.3187408745288849,0.5316765308380127,-0.060209568589925766,0.3225032389163971,0.45035433769226074,-0.07979411631822586,0.3177413046360016,0.3813178837299347,-0.09451063722372055,0.2601602375507355,0.6901338696479797,-0.031841278076171875,0.2597600817680359,0.6643856167793274,-0.08212588727474213,0.2761520445346832,0.7411543130874634,-0.09801606088876724,0.2788793444633484,0.7722272276878357,-0.09950705617666245,0.2164897620677948,0.733147144317627,-0.03871329873800278,0.21533727645874023,0.717138409614563,-0.08927754312753677,0.2443775087594986,0.7887698411941528,-0.08286543190479279,0.25307032465934753,0.810889482498169,-0.06779222190380096,0.1799525022506714,0.7876366972923279,-0.04873143881559372,0.18653686344623566,0.7727301716804504,-0.08398561179637909,0.2133173942565918,0.8188285231590271,-0.07505494356155396,0.22319525480270386,0.8361740112304688,-0.05994604900479317,accelerate
0.21141864359378815,0.9575037956237793,6.726543233526172e-08,0.256519079208374,0.8878262042999268,-0.04199105128645897,0.26250141859054565,0.7744768857955933,-0.062105197459459305,0.21340614557266235,0.6943119764328003,-0.08024140447378159,0.15702635049819946,0.6434253454208374,-0.09528704732656479,0.23779745399951935,0.6226984858512878,-0.027684062719345093,0.23890477418899536,0.48492392897605896,-0.058641217648983,0.24129779636859894,0.40356284379959106,-0.07664091885089874,0.23639096319675446,0.3318142294883728,-0.09053816646337509,0.18320226669311523,0.6454192996025085,-0.028937526047229767,0.17695558071136475,0.6064310073852539,-0.0795782282948494,0.19690053164958954,0.6950336694717407,-0.09189461916685104,0.2036418914794922,0.7306439280509949,-0.08940399438142776,0.13874515891075134,0.6919618248939514,-0.035307690501213074,0.13080468773841858,0.6603831648826599,-0.09207020699977875,0.16643203794956207,0.746484100818634,-0.0818648412823677,0.17985565960407257,0.7726442217826843,-0.061968956142663956,0.10140784084796906,0.7533255815505981,-0.04500558599829674,0.09807094186544418,0.7241835594177246,-0.08742217719554901,0.13238409161567688,0.7821304202079773,-0.07643483579158783,0.14732451736927032,0.8029505014419556,-0.058108851313591,accelerate
0.18049335479736328,0.9405022859573364,5.9407206265404966e-08,0.22239460051059723,0.8759980201721191,-0.04146440699696541,0.22867807745933533,0.7660791873931885,-0.06189661845564842,0.1814485341310501,0.6851608753204346,-0.08062465488910675,0.1273818463087082,0.6298215985298157,-0.09519022703170776,0.21273231506347656,0.6141482591629028,-0.025055214762687683,0.2147374153137207,0.47636449337005615,-0.05658559873700142,0.2192254662513733,0.3987758457660675,-0.07329502701759338,0.21639865636825562,0.3304789662361145,-0.08574429899454117,0.15871858596801758,0.6313316226005554,-0.02597617730498314,0.1498965620994568,0.6052969098091125,-0.07623434066772461,0.1668679267168045,0.6937243342399597,-0.08699274063110352,0.17228564620018005,0.721919059753418,-0.08351968973875046,0.1134859174489975,0.6732617020606995,-0.03258725628256798,0.10487238317728043,0.6598660945892334,-0.0874452292919159,0.13717569410800934,0.7438784241676331,-0.07686083763837814,0.14976909756660461,0.7596452236175537,-0.057620562613010406,0.07624680548906326,0.7281540036201477,-0.04282901808619499,0.07642801105976105,0.7211349606513977,-0.08267173171043396,0.1074405163526535,0.7788468599319458,-0.07248242199420929,0.12051784992218018,0.7905548214912415,-0.0552639439702034,accelerate
0.17594678699970245,0.9263898134231567,2.2481239625449234e-07,0.22054220736026764,0.856163501739502,-0.042677368968725204,0.22112372517585754,0.7485212087631226,-0.06423653662204742,0.17419745028018951,0.6730279326438904,-0.08476119488477707,0.12269943207502365,0.6150399446487427,-0.10168550163507462,0.20931202173233032,0.6036098003387451,-0.022936305031180382,0.2086772471666336,0.4673309326171875,-0.05640619620680809,0.21067306399345398,0.38612785935401917,-0.0762372761964798,0.20536012947559357,0.3184521794319153,-0.09019735455513,0.15574976801872253,0.6250669360160828,-0.02460319548845291,0.14171095192432404,0.5616861581802368,-0.0820310190320015,0.16063176095485687,0.6223800182342529,-0.10198955982923508,0.17049551010131836,0.6553574204444885,-0.10138092190027237,0.10975399613380432,0.6686067581176758,-0.03166072070598602,0.09789006412029266,0.6387970447540283,-0.09525170922279358,0.13301417231559753,0.7203748226165771,-0.09276660531759262,0.1497582197189331,0.7532321214675903,-0.0735064148902893,0.07216861099004745,0.7251136898994446,-0.0417180173099041,0.0704529732465744,0.7049576640129089,-0.08848293870687485,0.10077427327632904,0.7595865726470947,-0.0829625055193901,0.11572781950235367,0.779407799243927,-0.06634560972452164,accelerate
0.17279329895973206,0.90418541431427,7.630814735648528e-08,0.21971344947814941,0.8392213582992554,-0.04153766483068466,0.22666651010513306,0.729919970035553,-0.06148286536335945,0.1770138293504715,0.6530351042747498,-0.079793281853199,0.1256684511899948,0.5969635248184204,-0.09489192813634872,0.2101878821849823,0.5827118754386902,-0.027450155466794968,0.21147283911705017,0.446022093296051,-0.060107938945293427,0.2143450528383255,0.3645019829273224,-0.0793372243642807,0.2101266235113144,0.2952490746974945,-0.09343264997005463,0.15593743324279785,0.6029577851295471,-0.028025006875395775,0.14816942811012268,0.5670086145401001,-0.08180119097232819,0.16312770545482635,0.6452949047088623,-0.09738077968358994,0.16916507482528687,0.6790003776550293,-0.09623312205076218,0.11109262704849243,0.6458874940872192,-0.033681463450193405,0.102616086602211,0.6269858479499817,-0.09143946319818497,0.13243812322616577,0.7066399455070496,-0.08504504710435867,0.14537189900875092,0.7314131259918213,-0.0667165145277977,0.07458534836769104,0.7006236910820007,-0.042522985488176346,0.07284092903137207,0.6819483637809753,-0.08423973619937897,0.10071146488189697,0.7352487444877625,-0.07553081959486008,0.11367040127515793,0.7524908185005188,-0.05838009715080261,accelerate
0.1870815008878708,0.8574022054672241,2.0720987947697722e-07,0.2365688681602478,0.7884859442710876,-0.041953783482313156,0.2447407841682434,0.6811610460281372,-0.062034983187913895,0.19246061146259308,0.6060042381286621,-0.08022490888834,0.14121411740779877,0.551382303237915,-0.09571117162704468,0.22820712625980377,0.5367997288703918,-0.025193043053150177,0.2298356294631958,0.4085721969604492,-0.059038326144218445,0.23156142234802246,0.32846173644065857,-0.08072081208229065,0.22936350107192993,0.26060551404953003,-0.09565756469964981,0.17335906624794006,0.5554296374320984,-0.02616596594452858,0.16251206398010254,0.4734601080417633,-0.08071891963481903,0.16479946672916412,0.5312883257865906,-0.10195746272802353,0.1649518758058548,0.572807252407074,-0.10238759219646454,0.1292213499546051,0.5967116355895996,-0.03192494064569473,0.1201501190662384,0.5664089322090149,-0.09002579748630524,0.1452825665473938,0.6412642598152161,-0.08979054540395737,0.16050361096858978,0.6778860688209534,-0.07307356595993042,0.09473037719726562,0.6519690752029419,-0.04081012308597565,0.09343744069337845,0.6323671936988831,-0.08191291987895966,0.11806539446115494,0.6819455027580261,-0.07691265642642975,0.13390551507472992,0.7051810622215271,-0.061707645654678345,accelerate
0.1969132125377655,0.8309032917022705,2.7318156980982167e-07,0.24511806666851044,0.7582762241363525,-0.04450033977627754,0.25042033195495605,0.653788685798645,-0.06226407364010811,0.20459073781967163,0.5748982429504395,-0.07696317136287689,0.1608898639678955,0.5120688676834106,-0.08855174481868744,0.2344634234905243,0.5101659893989563,-0.023452863097190857,0.2383752465248108,0.38312554359436035,-0.05622798576951027,0.24141137301921844,0.30673813819885254,-0.07447225600481033,0.24007299542427063,0.24317356944084167,-0.08544525504112244,0.18010708689689636,0.5287055373191833,-0.02362462691962719,0.1533566117286682,0.4020073711872101,-0.07503658533096313,0.1602831780910492,0.4503978490829468,-0.09355387836694717,0.16744890809059143,0.4977768063545227,-0.08936445415019989,0.13574066758155823,0.5738641023635864,-0.02924957498908043,0.13001327216625214,0.5382634997367859,-0.09006743133068085,0.16022630035877228,0.6168552041053772,-0.09247684478759766,0.17576980590820312,0.6504639983177185,-0.07400543242692947,0.10307671129703522,0.6322318911552429,-0.03762461617588997,0.10120842605829239,0.6059226393699646,-0.08005377650260925,0.1322501003742218,0.6607270836830139,-0.0756014734506607,0.1495954692363739,0.6830063462257385,-0.05964360386133194,accelerate
0.20370377600193024,0.7912291288375854,2.1100258607020805e-07,0.2507433593273163,0.7227160334587097,-0.04082188755273819,0.2566092014312744,0.6250858306884766,-0.0575500950217247,0.21688556671142578,0.5509262084960938,-0.07202688604593277,0.17750012874603271,0.49146485328674316,-0.0837855190038681,0.23497161269187927,0.4850786626338959,-0.02453438751399517,0.24099978804588318,0.3591875433921814,-0.05391015484929085,0.24413621425628662,0.2832128405570984,-0.0697002187371254,0.24235393106937408,0.2209683656692505,-0.07932517677545547,0.18470950424671173,0.5060771107673645,-0.02429186925292015,0.15433171391487122,0.405131071805954,-0.07298026978969574,0.16342489421367645,0.4555025100708008,-0.08886580169200897,0.17287752032279968,0.5003992915153503,-0.08457556366920471,0.14276666939258575,0.5492417216300964,-0.028879916295409203,0.13722549378871918,0.5229530334472656,-0.08570751547813416,0.16634038090705872,0.5965894460678101,-0.08686341345310211,0.1798906922340393,0.6293261647224426,-0.06921541690826416,0.11117171496152878,0.6017955541610718,-0.03605026379227638,0.11039752513170242,0.5767303705215454,-0.07479161024093628,0.13871252536773682,0.6256638765335083,-0.07022416591644287,0.15339410305023193,0.6480875611305237,-0.05509443208575249,accelerate
0.22063720226287842,0.7703670263290405,2.2481502526261465e-07,0.2648508548736572,0.7026023864746094,-0.03661029413342476,0.2719272971153259,0.607406735420227,-0.051052603870630264,0.23495979607105255,0.5381826758384705,-0.06429976224899292,0.19673191010951996,0.4827047288417816,-0.07535269856452942,0.24442383646965027,0.47123008966445923,-0.019455933943390846,0.25240209698677063,0.3555845618247986,-0.04652414098381996,0.2566039264202118,0.28286099433898926,-0.0620139054954052,0.25583451986312866,0.22368526458740234,-0.07137575000524521,0.19514641165733337,0.49200713634490967,-0.020602798089385033,0.1623571515083313,0.40010160207748413,-0.06526973098516464,0.16931548714637756,0.439957857131958,-0.08157910406589508,0.17638319730758667,0.4742165207862854,-0.07887519150972366,0.1548428237438202,0.535017192363739,-0.02614225074648857,0.15442024171352386,0.5066403150558472,-0.08062362670898438,0.1835436075925827,0.5811947584152222,-0.08237013965845108,0.19472812116146088,0.6156875491142273,-0.06558340042829514,0.12459573894739151,0.5885347127914429,-0.03389635682106018,0.12599626183509827,0.5594925880432129,-0.07143387198448181,0.15431955456733704,0.6049972772598267,-0.06675276160240173,0.16772708296775818,0.6275712251663208,-0.051634740084409714,accelerate
0.22386842966079712,0.7561511397361755,1.2103646440664306e-07,0.26804444193840027,0.6912083029747009,-0.03346984088420868,0.2752615213394165,0.5936720967292786,-0.04726991802453995,0.23906230926513672,0.5227659940719604,-0.06017149239778519,0.19865451753139496,0.47297602891921997,-0.0715484619140625,0.24849113821983337,0.4606552720069885,-0.0194358192384243,0.2568398118019104,0.34746021032333374,-0.04503824561834335,0.26184794306755066,0.2768978476524353,-0.0598638579249382,0.26074671745300293,0.21828854084014893,-0.0697394609451294,0.19954454898834229,0.4824369549751282,-0.020702918991446495,0.1797536164522171,0.4124929904937744,-0.06553772836923599,0.1939714252948761,0.47676971554756165,-0.07965122908353806,0.20242345333099365,0.5223802328109741,-0.07621335983276367,0.15974369645118713,0.5248414874076843,-0.025817763060331345,0.15996605157852173,0.49708884954452515,-0.0783432275056839,0.18889077007770538,0.5747261047363281,-0.07648459076881409,0.19868957996368408,0.6113357543945312,-0.05905565246939659,0.1281299591064453,0.5771965980529785,-0.03283026069402695,0.13046063482761383,0.5465798377990723,-0.06958028674125671,0.15776734054088593,0.5933539867401123,-0.06336785107851028,0.16971337795257568,0.616692066192627,-0.047958262264728546,accelerate
0.22783565521240234,0.7471839189529419,5.6951964921836407e-08,0.27087923884391785,0.6819223165512085,-0.029470913112163544,0.27856239676475525,0.5856872797012329,-0.04391144588589668,0.24638399481773376,0.5137465000152588,-0.058632802218198776,0.20717695355415344,0.46202465891838074,-0.0717962384223938,0.2539282739162445,0.4497450590133667,-0.017246723175048828,0.26229235529899597,0.33507204055786133,-0.04321201145648956,0.26779258251190186,0.26465708017349243,-0.05876702070236206,0.2648574113845825,0.20371907949447632,-0.07018472999334335,0.20435455441474915,0.4685603082180023,-0.02093675173819065,0.19608137011528015,0.410616934299469,-0.06625780463218689,0.2138441503047943,0.4876059591770172,-0.07941693812608719,0.21753117442131042,0.5318538546562195,-0.0767204761505127,0.16390009224414825,0.5087031126022339,-0.02811313234269619,0.16443467140197754,0.4764522910118103,-0.07827603071928024,0.19401951134204865,0.5556646585464478,-0.07186627388000488,0.19978809356689453,0.5908234119415283,-0.05370328947901726,0.13004451990127563,0.5620703101158142,-0.03718434274196625,0.135653555393219,0.531757116317749,-0.07235024869441986,0.16386359930038452,0.5796188116073608,-0.0632767528295517,0.17176511883735657,0.6013880372047424,-0.04692768678069115,accelerate
0.23342591524124146,0.7398716807365417,1.4360191258333543e-08,0.27654293179512024,0.6791050434112549,-0.027454495429992676,0.2857744097709656,0.5835261940956116,-0.0415288470685482,0.2534736692905426,0.5117105841636658,-0.05626610666513443,0.21617969870567322,0.45952895283699036,-0.06957889348268509,0.2588629722595215,0.4526684582233429,-0.017900174483656883,0.2691478133201599,0.33733123540878296,-0.04399153217673302,0.27691736817359924,0.2681969702243805,-0.057870909571647644,0.27613142132759094,0.20866629481315613,-0.06780675798654556,0.2099878489971161,0.4714230000972748,-0.02205420844256878,0.20405663549900055,0.420208603143692,-0.06741538643836975,0.22025850415229797,0.5046746730804443,-0.07818562537431717,0.22218206524848938,0.5462659001350403,-0.07387791574001312,0.17025674879550934,0.5103136897087097,-0.029504654929041862,0.1733607053756714,0.4790077805519104,-0.08095332235097885,0.20179907977581024,0.5633032321929932,-0.07250987738370895,0.2060723900794983,0.5957121253013611,-0.052731260657310486,0.13602781295776367,0.5613879561424255,-0.038443345576524734,0.14067117869853973,0.532477617263794,-0.07432182133197784,0.17019736766815186,0.5824947357177734,-0.06416988372802734,0.1795971393585205,0.6018708348274231,-0.046899326145648956,accelerate
0.24006351828575134,0.7398428320884705,-8.477496038494792e-09,0.2817702293395996,0.6807389855384827,-0.026511920616030693,0.29308557510375977,0.5882857441902161,-0.04170149937272072,0.2644274830818176,0.5185226202011108,-0.057677969336509705,0.2283255159854889,0.4673641622066498,-0.07196921855211258,0.2664793133735657,0.45464465022087097,-0.018704935908317566,0.2762778103351593,0.344436913728714,-0.04375036060810089,0.28394442796707153,0.27767959237098694,-0.057062193751335144,0.28288015723228455,0.219355970621109,-0.06711240857839584,0.21659070253372192,0.47123274207115173,-0.022569727152585983,0.22619986534118652,0.4390133023262024,-0.06409401446580887,0.24143537878990173,0.5219070315361023,-0.07377876341342926,0.23571959137916565,0.5541807413101196,-0.07085846364498138,0.17700982093811035,0.5081228017807007,-0.029623260721564293,0.1937759518623352,0.49553370475769043,-0.07800149917602539,0.21887324750423431,0.5745815634727478,-0.070470429956913,0.2154792845249176,0.5973074436187744,-0.05345465615391731,0.14137309789657593,0.5555354952812195,-0.03808841481804848,0.15777714550495148,0.5400654673576355,-0.07148554176092148,0.18464669585227966,0.58859783411026,-0.06180025637149811,0.18691392242908478,0.6018771529197693,-0.046221956610679626,accelerate
0.248985156416893,0.7302597761154175,-5.8492002352750205e-08,0.29367780685424805,0.6705958843231201,-0.021844591945409775,0.30612191557884216,0.5769628882408142,-0.03308844566345215,0.28082475066185,0.5057035684585571,-0.04606710746884346,0.24890314042568207,0.4529670774936676,-0.0583745613694191,0.27883657813072205,0.45950499176979065,-0.012688028626143932,0.28983041644096375,0.34945148229599,-0.03372069075703621,0.2980418801307678,0.28540822863578796,-0.046014606952667236,0.2979053258895874,0.2282327115535736,-0.05575500801205635,0.23394423723220825,0.47604402899742126,-0.017474781721830368,0.24882960319519043,0.44130903482437134,-0.05622231587767601,0.26034387946128845,0.5208235383033752,-0.06633969396352768,0.2524452209472656,0.5607497692108154,-0.06445885449647903,0.19645027816295624,0.5111643075942993,-0.024989845231175423,0.212688609957695,0.4847049117088318,-0.0698741227388382,0.23411352932453156,0.5619497895240784,-0.06253434717655182,0.22976268827915192,0.5946272611618042,-0.04642849043011665,0.1611960232257843,0.5566881895065308,-0.03357948735356331,0.17472726106643677,0.5265869498252869,-0.06564752012491226,0.20075643062591553,0.5730106234550476,-0.056125905364751816,0.20506179332733154,0.5949116945266724,-0.04108142852783203,accelerate
0.2564336955547333,0.7272363305091858,5.4269939653295296e-08,0.29946866631507874,0.6687703132629395,-0.02324661612510681,0.31075015664100647,0.574958086013794,-0.03416555002331734,0.28538745641708374,0.5055299401283264,-0.046230193227529526,0.2525539696216583,0.4556168019771576,-0.057350486516952515,0.28573334217071533,0.46317318081855774,-0.011861708015203476,0.29470095038414,0.35730278491973877,-0.03410201519727707,0.3020946681499481,0.2918471097946167,-0.04666296765208244,0.3003793954849243,0.23520851135253906,-0.05625343322753906,0.2413294017314911,0.4814930558204651,-0.017033321782946587,0.2454754263162613,0.42395588755607605,-0.056421875953674316,0.25709280371665955,0.4889408051967621,-0.06838028877973557,0.24933014810085297,0.5167350172996521,-0.06675774604082108,0.2044232040643692,0.5180553197860718,-0.025029990822076797,0.21644023060798645,0.484271764755249,-0.07263584434986115,0.240086629986763,0.5614343881607056,-0.06666363775730133,0.23544548451900482,0.5879867076873779,-0.04982645809650421,0.17159363627433777,0.5648905038833618,-0.03400459513068199,0.1847127377986908,0.5320889949798584,-0.06730616092681885,0.20966364443302155,0.5797327160835266,-0.057521529495716095,0.20944258570671082,0.5984864830970764,-0.041897963732481,accelerate
0.2721276581287384,0.7321463823318481,-2.434302182052761e-08,0.3126043975353241,0.670709490776062,-0.019735034555196762,0.3230167627334595,0.5779603123664856,-0.03017842210829258,0.29800039529800415,0.5133822560310364,-0.04275438189506531,0.26286184787750244,0.4676111340522766,-0.05481136962771416,0.29371124505996704,0.4743632674217224,-0.011524492874741554,0.30229097604751587,0.36597418785095215,-0.03201032429933548,0.30978959798812866,0.3046620488166809,-0.043171659111976624,0.30848416686058044,0.2494955062866211,-0.052101243287324905,0.2502179741859436,0.49311041831970215,-0.017011679708957672,0.26262012124061584,0.4599423408508301,-0.05357816442847252,0.2734558880329132,0.5344239473342896,-0.06267737597227097,0.26315027475357056,0.5639974474906921,-0.06115458533167839,0.2152288854122162,0.5276538729667664,-0.025152523070573807,0.2329658418893814,0.5014495253562927,-0.06867773085832596,0.25393614172935486,0.5758847594261169,-0.06098554655909538,0.24667130410671234,0.5995845198631287,-0.04561925306916237,0.1826094537973404,0.5707376003265381,-0.034090571105480194,0.20163270831108093,0.5429068803787231,-0.06436116248369217,0.22563819587230682,0.5897307991981506,-0.05370426923036575,0.22499968111515045,0.607246994972229,-0.038707979023456573,accelerate
0.28324413299560547,0.7276479005813599,-1.2112521652341002e-08,0.32336050271987915,0.6685615181922913,-0.01980907842516899,0.3349587321281433,0.5768284797668457,-0.031023351475596428,0.31191450357437134,0.5117990970611572,-0.04398336634039879,0.2786625623703003,0.46485406160354614,-0.056299127638339996,0.3033085763454437,0.474566787481308,-0.012950635515153408,0.3126715421676636,0.3688836693763733,-0.034566380083560944,0.32057178020477295,0.3061762750148773,-0.045977648347616196,0.31807219982147217,0.25081610679626465,-0.05490748584270477,0.2609125077724457,0.49369844794273376,-0.01945892907679081,0.27666833996772766,0.44894689321517944,-0.0564398467540741,0.2906683087348938,0.5266866087913513,-0.06545505672693253,0.27780601382255554,0.5583289861679077,-0.06347690522670746,0.2273368537425995,0.5279625058174133,-0.028462035581469536,0.24667759239673615,0.4926680624485016,-0.07248108834028244,0.2686622738838196,0.5693308711051941,-0.06315087527036667,0.25713756680488586,0.5933827757835388,-0.046458251774311066,0.19615095853805542,0.5728722810745239,-0.03823232650756836,0.21598829329013824,0.5357863903045654,-0.06848147511482239,0.239480122923851,0.5832998752593994,-0.055806174874305725,0.23417846858501434,0.6028804183006287,-0.03950003907084465,accelerate
0.28567245602607727,0.7276100516319275,2.201718585226331e-09,0.3260148763656616,0.6723371148109436,-0.02385571226477623,0.34048527479171753,0.5866609215736389,-0.036806393414735794,0.31895652413368225,0.5231512188911438,-0.050836917012929916,0.29016411304473877,0.47314566373825073,-0.0640057697892189,0.3114102780818939,0.4742172360420227,-0.015807053074240685,0.3206440210342407,0.3678758144378662,-0.03901955485343933,0.32833877205848694,0.30476677417755127,-0.05230099335312843,0.3264877498149872,0.2500300705432892,-0.062126338481903076,0.26948896050453186,0.49277937412261963,-0.02010526694357395,0.27800634503364563,0.4552207291126251,-0.06040883809328079,0.28780999779701233,0.5271812081336975,-0.07262802124023438,0.27772217988967896,0.5582748055458069,-0.07190056145191193,0.23570816218852997,0.5271950960159302,-0.0270788986235857,0.2524593770503998,0.5008436441421509,-0.07318776100873947,0.27268627285957336,0.5734292268753052,-0.06641547381877899,0.2662237584590912,0.5968598127365112,-0.05019448325037956,0.20499402284622192,0.5713526010513306,-0.035151053220033646,0.2203684151172638,0.5413151979446411,-0.06706307083368301,0.24407432973384857,0.585946798324585,-0.056374065577983856,0.24512679874897003,0.6028690338134766,-0.04015626385807991,accelerate
0.28868240118026733,0.731567919254303,1.917844727472584e-08,0.32995355129241943,0.675902247428894,-0.022368013858795166,0.3440861403942108,0.5896715521812439,-0.03477959707379341,0.3217024505138397,0.5268692374229431,-0.04835761338472366,0.29273784160614014,0.47996723651885986,-0.06127038225531578,0.31381914019584656,0.4771294593811035,-0.01675248146057129,0.323147714138031,0.37232068181037903,-0.039909567683935165,0.33084413409233093,0.3080182671546936,-0.05310945585370064,0.3292611837387085,0.2522754967212677,-0.06308070570230484,0.2702710032463074,0.4952409565448761,-0.021440837532281876,0.2809472680091858,0.4564904570579529,-0.060188762843608856,0.294438898563385,0.5299497246742249,-0.07046332210302353,0.2869564890861511,0.5631660223007202,-0.06908322870731354,0.23552267253398895,0.5298342108726501,-0.02872755005955696,0.2531825602054596,0.5049075484275818,-0.07266264408826828,0.27398815751075745,0.5773216485977173,-0.0645965039730072,0.2671981155872345,0.6019887328147888,-0.04858613386750221,0.2042008936405182,0.5745997428894043,-0.03714938834309578,0.22159293293952942,0.5452202558517456,-0.06708547472953796,0.24438615143299103,0.5896866321563721,-0.05606051906943321,0.2431180477142334,0.6064854860305786,-0.04058363661170006,accelerate
0.2862161099910736,0.7323106527328491,1.8908080434698604e-08,0.3283892273902893,0.6744470000267029,-0.023269137367606163,0.34202930331230164,0.585867702960968,-0.03568451851606369,0.3201552629470825,0.5209548473358154,-0.049340903759002686,0.2887967526912689,0.47407716512680054,-0.06225857511162758,0.31269708275794983,0.47940483689308167,-0.01596013270318508,0.32287469506263733,0.3739919662475586,-0.03974798321723938,0.33084043860435486,0.30952179431915283,-0.05295989289879799,0.3289458155632019,0.2534855306148529,-0.062643863260746,0.2692306339740753,0.497281551361084,-0.02030668780207634,0.27991819381713867,0.4577676057815552,-0.0605536587536335,0.29301702976226807,0.533833920955658,-0.07041902095079422,0.2853837311267853,0.5681911706924438,-0.06790640205144882,0.23410141468048096,0.5305804014205933,-0.0275449026376009,0.2530401647090912,0.5047497749328613,-0.07339350134134293,0.27341046929359436,0.580062747001648,-0.06490864604711533,0.266452431678772,0.605401873588562,-0.04763012379407883,0.20213794708251953,0.5730096697807312,-0.035952985286712646,0.22118668258190155,0.5452314615249634,-0.06686718761920929,0.24331319332122803,0.5910757780075073,-0.05566943809390068,0.24139216542243958,0.6077011823654175,-0.03958098590373993,accelerate
0.26878926157951355,0.7208541631698608,3.0789344407367025e-08,0.3134956359863281,0.6666014194488525,-0.022102579474449158,0.3257666230201721,0.573165774345398,-0.03275630250573158,0.30164486169815063,0.5065457820892334,-0.04444263502955437,0.26368194818496704,0.4654962420463562,-0.055755551904439926,0.29686689376831055,0.4731023609638214,-0.016415931284427643,0.30515924096107483,0.36479082703590393,-0.036814965307712555,0.3137724697589874,0.3016090393066406,-0.04839572682976723,0.3131602108478546,0.247453510761261,-0.05753759667277336,0.2547774910926819,0.4921117424964905,-0.021064138039946556,0.2621960937976837,0.45092180371284485,-0.05780014768242836,0.274885356426239,0.5173284411430359,-0.06834331154823303,0.26727601885795593,0.549513578414917,-0.0674891322851181,0.22075605392456055,0.5270320773124695,-0.027983054518699646,0.23235879838466644,0.49615249037742615,-0.06994780153036118,0.25596484541893005,0.5647714138031006,-0.06273917108774185,0.2518521845340729,0.5910755395889282,-0.04774757847189903,0.19046196341514587,0.5708897113800049,-0.0360407792031765,0.2043353021144867,0.5362615585327148,-0.06642859429121017,0.22877570986747742,0.5805544257164001,-0.056134182959795,0.23050150275230408,0.602454423904419,-0.041115205734968185,accelerate
0.2451154589653015,0.6884221434593201,5.946784398247473e-08,0.28873518109321594,0.6258965134620667,-0.01858748123049736,0.29572296142578125,0.5270246267318726,-0.027954014018177986,0.27218446135520935,0.45156604051589966,-0.03946434706449509,0.231883242726326,0.40879103541374207,-0.050981305539608,0.27322259545326233,0.44253936409950256,-0.009412004612386227,0.2823970317840576,0.33475491404533386,-0.03020680509507656,0.2918074429035187,0.2719838619232178,-0.0425344817340374,0.2929609715938568,0.2169128954410553,-0.05189020559191704,0.23271052539348602,0.45903998613357544,-0.015231108292937279,0.2389923483133316,0.405364066362381,-0.052869655191898346,0.2554943561553955,0.4781401455402374,-0.062291115522384644,0.25223714113235474,0.5155125260353088,-0.05981314554810524,0.19872139394283295,0.4911940395832062,-0.023330219089984894,0.2008562535047531,0.44095975160598755,-0.0645524337887764,0.22769612073898315,0.5105939507484436,-0.05391455069184303,0.2286766767501831,0.5460589528083801,-0.03622870892286301,0.16554580628871918,0.5342186689376831,-0.032544951885938644,0.17217308282852173,0.4897746741771698,-0.0628591850399971,0.1992182582616806,0.534206748008728,-0.05126579850912094,0.20462746918201447,0.5635477304458618,-0.03505656123161316,accelerate
0.21923846006393433,0.642964243888855,-1.71613194765996e-08,0.26574259996414185,0.5863778591156006,-0.019447851926088333,0.2751597762107849,0.4898337721824646,-0.028621317818760872,0.25169432163238525,0.4152354598045349,-0.03994739428162575,0.2146855592727661,0.36842918395996094,-0.05124934762716293,0.2570459842681885,0.3887772560119629,-0.010550804436206818,0.26915228366851807,0.2823258936405182,-0.03115546889603138,0.27656543254852295,0.21727633476257324,-0.04236022010445595,0.2753819525241852,0.16266846656799316,-0.0511033721268177,0.21297110617160797,0.4035901129245758,-0.015564889647066593,0.21807751059532166,0.3541073501110077,-0.05344405025243759,0.230812206864357,0.4306299090385437,-0.06104248762130737,0.2271570861339569,0.468580961227417,-0.05689792335033417,0.17556282877922058,0.4353518486022949,-0.02308192104101181,0.17937232553958893,0.3924483060836792,-0.06553811579942703,0.20321303606033325,0.4695022702217102,-0.0546659491956234,0.20348487794399261,0.5037195682525635,-0.036471277475357056,0.140900656580925,0.477679044008255,-0.03174060210585594,0.14963001012802124,0.4403315782546997,-0.06187548488378525,0.17412397265434265,0.48849424719810486,-0.05060109123587608,0.17776791751384735,0.5129700899124146,-0.03475740924477577,accelerate
0.21556955575942993,0.6451462507247925,4.232305617080101e-09,0.25823432207107544,0.5839357972145081,-0.02177574671804905,0.26426517963409424,0.48779723048210144,-0.03197631239891052,0.23796126246452332,0.41524848341941833,-0.04377094656229019,0.20082515478134155,0.3680078983306885,-0.05519336462020874,0.24562044441699982,0.38483309745788574,-0.011817267164587975,0.2561643719673157,0.2769026756286621,-0.033726777881383896,0.26370513439178467,0.21285775303840637,-0.04580850899219513,0.26369786262512207,0.1585235893726349,-0.05471894517540932,0.20052139461040497,0.4017629623413086,-0.01603749208152294,0.2033620923757553,0.3479642868041992,-0.05621141195297241,0.21821793913841248,0.42449381947517395,-0.06549740582704544,0.2167569249868393,0.4663337469100952,-0.061612799763679504,0.1623896211385727,0.4354744255542755,-0.022967569530010223,0.1672063171863556,0.3919071853160858,-0.06840921193361282,0.1937081217765808,0.47070103883743286,-0.05900842323899269,0.19565936923027039,0.5092143416404724,-0.04041898250579834,0.1274186372756958,0.4808201193809509,-0.031052691861987114,0.13584959506988525,0.44184988737106323,-0.06359155476093292,0.1622859090566635,0.4902637004852295,-0.05314835160970688,0.16724146902561188,0.5171746015548706,-0.03696299344301224,accelerate
0.19689901173114777,0.6267073750495911,8.540418150460027e-08,0.2391972839832306,0.5640888810157776,-0.030153190717101097,0.24228718876838684,0.46453022956848145,-0.04134530574083328,0.2158246785402298,0.3872568905353546,-0.051915206015110016,0.17923514544963837,0.3357495665550232,-0.060878075659275055,0.2312842309474945,0.3704667091369629,-0.013384082354605198,0.23932617902755737,0.2673659920692444,-0.03546027094125748,0.2473827749490738,0.20388320088386536,-0.046454958617687225,0.24830500781536102,0.15123289823532104,-0.05410657823085785,0.18875578045845032,0.38784104585647583,-0.013285656459629536,0.18148155510425568,0.3310721516609192,-0.05100065842270851,0.19564782083034515,0.3969742953777313,-0.05792300030589104,0.19752615690231323,0.42817649245262146,-0.05224234238266945,0.15211880207061768,0.42025187611579895,-0.017552323639392853,0.1506923884153366,0.38410601019859314,-0.06287863105535507,0.17531710863113403,0.4571572542190552,-0.054372500628232956,0.17870761454105377,0.4842851758003235,-0.036034271121025085,0.11926920711994171,0.46114489436149597,-0.02390432357788086,0.12303648889064789,0.42956674098968506,-0.05668792873620987,0.14598551392555237,0.47770893573760986,-0.04846418648958206,0.15043029189109802,0.49704283475875854,-0.033981263637542725,accelerate
0.1930268555879593,0.6224703788757324,6.461858959028177e-08,0.23737290501594543,0.5593650341033936,-0.02782355062663555,0.23815642297267914,0.462652325630188,-0.03798641264438629,0.20875319838523865,0.38748735189437866,-0.04774770885705948,0.17336399853229523,0.3351471722126007,-0.05662102624773979,0.22792942821979523,0.3721211850643158,-0.01425730437040329,0.23651495575904846,0.2652561664581299,-0.03544776514172554,0.24364778399467468,0.19924286007881165,-0.04733196273446083,0.244095578789711,0.14491772651672363,-0.05592638999223709,0.18517464399337769,0.3890332281589508,-0.015333559364080429,0.17541420459747314,0.32625553011894226,-0.05405808240175247,0.18916088342666626,0.3877497911453247,-0.0637226551771164,0.1936802864074707,0.42624786496162415,-0.059864066541194916,0.14766904711723328,0.4220884442329407,-0.0198537427932024,0.14426639676094055,0.37789976596832275,-0.06503642350435257,0.16996045410633087,0.45127344131469727,-0.05770017206668854,0.17647050321102142,0.4866217374801636,-0.039903026074171066,0.11483640223741531,0.4645291566848755,-0.026070481166243553,0.11509399116039276,0.4216294586658478,-0.058806538581848145,0.13998198509216309,0.4702165722846985,-0.049998246133327484,0.14868204295635223,0.49640533328056335,-0.034903816878795624,accelerate
0.2165897637605667,0.6473804712295532,-6.462945378871154e-08,0.2559555768966675,0.5852677822113037,-0.0209792647510767,0.26102375984191895,0.48589348793029785,-0.030630676075816154,0.23614639043807983,0.4095311164855957,-0.0419076569378376,0.19885438680648804,0.36189916729927063,-0.052645690739154816,0.24754959344863892,0.389621376991272,-0.00974236335605383,0.25577932596206665,0.2855530381202698,-0.03095831163227558,0.26120251417160034,0.22349341213703156,-0.042896419763565063,0.2597075402736664,0.16921967267990112,-0.052239347249269485,0.20466938614845276,0.4045378863811493,-0.014380194246768951,0.20240770280361176,0.35574793815612793,-0.05203934758901596,0.21846288442611694,0.43007105588912964,-0.060709986835718155,0.21945834159851074,0.46515005826950073,-0.05756291747093201,0.1680850386619568,0.4369097054004669,-0.021745525300502777,0.16555975377559662,0.3948182165622711,-0.06428533047437668,0.19256654381752014,0.46841317415237427,-0.05458112806081772,0.19754815101623535,0.5009892582893372,-0.03720790520310402,0.1343880593776703,0.4803452789783478,-0.03046993352472782,0.1376476138830185,0.4456437826156616,-0.06142166256904602,0.16447477042675018,0.4929337203502655,-0.051437608897686005,0.1722981482744217,0.5174288153648376,-0.03636983036994934,accelerate
0.2460785061120987,0.6553098559379578,-2.390597408918893e-08,0.28492334485054016,0.5937253832817078,-0.016736233606934547,0.2892906963825226,0.4988115727901459,-0.024465473368763924,0.2656168043613434,0.4279353618621826,-0.03446166589856148,0.22914034128189087,0.3860614001750946,-0.04441969841718674,0.26528528332710266,0.406371533870697,-0.009475594386458397,0.2730717062950134,0.30160409212112427,-0.028288157656788826,0.2781737446784973,0.23963527381420135,-0.03887017443776131,0.27504226565361023,0.18598389625549316,-0.04743228480219841,0.22399957478046417,0.4234766662120819,-0.015461280941963196,0.23119641840457916,0.37587204575538635,-0.048823282122612,0.24758145213127136,0.44669827818870544,-0.05603628605604172,0.24328213930130005,0.4792642891407013,-0.05342322587966919,0.19001364707946777,0.4566188156604767,-0.023616375401616096,0.19501200318336487,0.4133741855621338,-0.0623726062476635,0.2220482975244522,0.48377394676208496,-0.05246216431260109,0.22203147411346436,0.5143900513648987,-0.036535076797008514,0.15896883606910706,0.5011403560638428,-0.03272104263305664,0.16686201095581055,0.4601190388202667,-0.06071097031235695,0.19474779069423676,0.5037625432014465,-0.04941470921039581,0.19995780289173126,0.5301256775856018,-0.03442425653338432,accelerate
0.2824051082134247,0.6714362502098083,-2.387283259963624e-08,0.3246704339981079,0.6094686985015869,-0.016254106536507607,0.33225277066230774,0.5152075886726379,-0.024251550436019897,0.3032134771347046,0.44954627752304077,-0.03455926477909088,0.26560693979263306,0.4133123755455017,-0.04477966949343681,0.29995235800743103,0.42904046177864075,-0.010416602715849876,0.304323673248291,0.31837910413742065,-0.030113838613033295,0.3113471567630768,0.2557549476623535,-0.04218525439500809,0.30990493297576904,0.20203912258148193,-0.05197877809405327,0.26141247153282166,0.4479776918888092,-0.01700863242149353,0.2701065242290497,0.4063239097595215,-0.0523693785071373,0.28348541259765625,0.46971559524536133,-0.06381721049547195,0.27429860830307007,0.49945178627967834,-0.06477323919534683,0.22983317077159882,0.48101356625556946,-0.025492927059531212,0.23859894275665283,0.44510966539382935,-0.06520740687847137,0.2627997398376465,0.5062549710273743,-0.05910366401076317,0.25904127955436707,0.5313799977302551,-0.04613487049937248,0.20073765516281128,0.524327278137207,-0.03475570306181908,0.21110382676124573,0.48329105973243713,-0.0642925351858139,0.23774099349975586,0.5225853323936462,-0.054944731295108795,0.2420719414949417,0.5481026768684387,-0.0412333719432354,accelerate
0.3228669762611389,0.6804713010787964,1.3156292055782615e-08,0.3656938076019287,0.6220927238464355,-0.020776990801095963,0.3753092586994171,0.5302552580833435,-0.02956072986125946,0.3516652584075928,0.4603877365589142,-0.03959440439939499,0.3208392262458801,0.4158037304878235,-0.049213048070669174,0.34226977825164795,0.4390520751476288,-0.014325636439025402,0.34755271673202515,0.33014369010925293,-0.03585612401366234,0.35397568345069885,0.2652636170387268,-0.04885532706975937,0.35092854499816895,0.21173304319381714,-0.05834038928151131,0.3031567931175232,0.4569109082221985,-0.01818227954208851,0.3056868612766266,0.4112682342529297,-0.056513890624046326,0.321511834859848,0.4731883406639099,-0.06783317774534225,0.320035457611084,0.5104976296424866,-0.06660579890012741,0.2712530493736267,0.48845648765563965,-0.024387482553720474,0.278385192155838,0.45948344469070435,-0.06440780311822891,0.3004772365093231,0.5172074437141418,-0.058455757796764374,0.30117127299308777,0.5451161861419678,-0.04424425587058067,0.2439199984073639,0.5293427109718323,-0.031976424157619476,0.2513766586780548,0.49600523710250854,-0.06023263558745384,0.2740168869495392,0.5311684012413025,-0.05194699764251709,0.28023985028266907,0.5541195869445801,-0.03830413892865181,accelerate
0.4119446277618408,0.6911386847496033,4.2402866995416844e-08,0.45229998230934143,0.6306427717208862,-0.019223129376769066,0.46977511048316956,0.5495905876159668,-0.03515337407588959,0.4616110324859619,0.4869689643383026,-0.05370775982737541,0.4278666079044342,0.447407066822052,-0.07237520068883896,0.4166482985019684,0.4396587610244751,-0.02466334030032158,0.42350122332572937,0.33607396483421326,-0.055103179067373276,0.4300115704536438,0.27291232347488403,-0.0743604451417923,0.43007758259773254,0.21473443508148193,-0.0879504531621933,0.37590843439102173,0.4551239013671875,-0.032463327050209045,0.40621867775917053,0.42401090264320374,-0.07624413073062897,0.42455223202705383,0.4933352470397949,-0.08836641162633896,0.41732072830200195,0.5306670665740967,-0.08913140743970871,0.3427998721599579,0.48961570858955383,-0.04249313101172447,0.37940874695777893,0.4652234613895416,-0.08586665242910385,0.401732861995697,0.5296447277069092,-0.07675855606794357,0.39562371373176575,0.5611839890480042,-0.06176089122891426,0.3147662878036499,0.537230372428894,-0.05408654734492302,0.3514325022697449,0.5167399644851685,-0.08320585638284683,0.37597811222076416,0.5548698902130127,-0.07343731075525284,0.37363922595977783,0.5754912495613098,-0.059813257306814194,accelerate
0.4396924078464508,0.6978243589401245,5.074277353855905e-08,0.47880661487579346,0.6388111114501953,-0.020074991509318352,0.49772441387176514,0.5562597513198853,-0.03733183443546295,0.4916954040527344,0.4905768632888794,-0.05710480362176895,0.4595593214035034,0.4471907317638397,-0.07662694156169891,0.44402894377708435,0.43824613094329834,-0.025506600737571716,0.45418041944503784,0.33767926692962646,-0.05775731801986694,0.4620702862739563,0.2738737463951111,-0.07665907591581345,0.4609922468662262,0.21409395337104797,-0.08940357714891434,0.4004886746406555,0.4513184130191803,-0.03373423218727112,0.43461671471595764,0.41933533549308777,-0.07987836748361588,0.45389336347579956,0.4970542788505554,-0.09148628264665604,0.44492560625076294,0.5366918444633484,-0.0900261327624321,0.36653292179107666,0.4833650290966034,-0.0443282350897789,0.4137202799320221,0.4733505845069885,-0.09136252105236053,0.43446967005729675,0.5458285808563232,-0.08292404562234879,0.4242232143878937,0.5753923058509827,-0.0663219541311264,0.33925044536590576,0.5285293459892273,-0.05629744753241539,0.3857300281524658,0.5178863406181335,-0.08603953570127487,0.40726107358932495,0.5626909732818604,-0.07594755291938782,0.39880460500717163,0.5820699334144592,-0.06114499643445015,accelerate
0.45692917704582214,0.7063186168670654,9.746506890451201e-08,0.4990454614162445,0.6446176171302795,-0.021479113027453423,0.520168662071228,0.564490556716919,-0.04127439484000206,0.5193800926208496,0.5020129084587097,-0.06352028995752335,0.49646565318107605,0.44754791259765625,-0.08520511537790298,0.4666393995285034,0.4497116208076477,-0.030388284474611282,0.47456490993499756,0.34282851219177246,-0.06463868916034698,0.4845260679721832,0.2756829559803009,-0.08351054787635803,0.4835430979728699,0.2164369523525238,-0.0957224890589714,0.42296022176742554,0.4654492735862732,-0.038853082805871964,0.4572460353374481,0.42381805181503296,-0.08419640362262726,0.47786006331443787,0.5051682591438293,-0.09139099717140198,0.4656733572483063,0.5424504280090332,-0.08774086087942123,0.3886949121952057,0.49801474809646606,-0.05031971633434296,0.4378173053264618,0.47881612181663513,-0.09745768457651138,0.45692580938339233,0.5541827082633972,-0.08493562787771225,0.4408123195171356,0.5822240114212036,-0.06664334237575531,0.36104080080986023,0.5430092811584473,-0.06341701000928879,0.409943550825119,0.526953399181366,-0.09404846280813217,0.43095317482948303,0.5738164782524109,-0.081906758248806,0.41770946979522705,0.5931308269500732,-0.06615759432315826,accelerate
0.46525871753692627,0.692815363407135,6.724748402575642e-08,0.50697922706604,0.6302542686462402,-0.019649246707558632,0.5273377895355225,0.5472433567047119,-0.03925466164946556,0.5231744647026062,0.48219403624534607,-0.06187066435813904,0.49456554651260376,0.43276476860046387,-0.08408107608556747,0.47379985451698303,0.43392977118492126,-0.026333393529057503,0.4811756908893585,0.33235225081443787,-0.059612348675727844,0.49094101786613464,0.2675062417984009,-0.07730019837617874,0.49069109559059143,0.21106880903244019,-0.08879472315311432,0.42857035994529724,0.4518234431743622,-0.03574548661708832,0.46196621656417847,0.41300275921821594,-0.08018974214792252,0.48426252603530884,0.4978862404823303,-0.08629780262708664,0.47145143151283264,0.532663881778717,-0.08174262940883636,0.39490532875061035,0.4867123067378998,-0.04814944043755531,0.4418158233165741,0.46786341071128845,-0.09576737880706787,0.4643408954143524,0.5447588562965393,-0.08215052634477615,0.44821879267692566,0.5704808831214905,-0.06293033063411713,0.3682989776134491,0.5347104072570801,-0.06191276013851166,0.41559088230133057,0.5161516666412354,-0.09330698102712631,0.4374098479747772,0.5654648542404175,-0.0802730917930603,0.4220006465911865,0.5849798917770386,-0.06380783021450043,accelerate
0.4645531475543976,0.6913553476333618,3.0455552746389e-08,0.5067357420921326,0.6289093494415283,-0.017422446981072426,0.5270099639892578,0.5470350980758667,-0.03632214665412903,0.5240459442138672,0.4815900921821594,-0.05877282842993736,0.49763360619544983,0.431253582239151,-0.08109725266695023,0.4779483377933502,0.4292358160018921,-0.025639276951551437,0.48636969923973083,0.3294849395751953,-0.057534247636795044,0.49404406547546387,0.2648557424545288,-0.07455999404191971,0.4911932349205017,0.2085857391357422,-0.08620117604732513,0.4320482611656189,0.4460727870464325,-0.036040887236595154,0.46703216433525085,0.41271689534187317,-0.07879237830638885,0.48764321208000183,0.4978129267692566,-0.08443506062030792,0.4732029139995575,0.5299367308616638,-0.08037188649177551,0.3977181613445282,0.4806591868400574,-0.04908798635005951,0.4440262019634247,0.4654976427555084,-0.09537660330533981,0.465755820274353,0.5419158339500427,-0.08198105543851852,0.4491742253303528,0.5667273998260498,-0.06373897939920425,0.37003031373023987,0.5285851955413818,-0.0633879080414772,0.41788312792778015,0.514684796333313,-0.09473448246717453,0.43896812200546265,0.5637254118919373,-0.082587830722332,0.4236471354961395,0.5824010968208313,-0.06714143604040146,accelerate
0.469690203666687,0.6962408423423767,7.517377298427164e-08,0.5102180242538452,0.6336144208908081,-0.019460706040263176,0.530802309513092,0.5514612197875977,-0.03818116337060928,0.5277838706970215,0.4866318702697754,-0.059945765882730484,0.499836802482605,0.436464786529541,-0.08127130568027496,0.47760212421417236,0.43594101071357727,-0.024406565353274345,0.4863155782222748,0.33492252230644226,-0.05694177746772766,0.49501174688339233,0.26976490020751953,-0.07424059510231018,0.49277839064598083,0.2125517725944519,-0.08554478734731674,0.43282604217529297,0.45354416966438293,-0.03364048898220062,0.4654659628868103,0.41026756167411804,-0.07811722159385681,0.48881810903549194,0.4930541515350342,-0.08493483066558838,0.47790777683258057,0.5292860865592957,-0.0803813561797142,0.3988119959831238,0.4869035482406616,-0.045919764786958694,0.446642130613327,0.46710214018821716,-0.09377970546483994,0.4706419110298157,0.5431333184242249,-0.08164708316326141,0.45685458183288574,0.5695476531982422,-0.06281480193138123,0.37167179584503174,0.5329002141952515,-0.059521984308958054,0.42083901166915894,0.5144544243812561,-0.09091377258300781,0.44356825947761536,0.5634275674819946,-0.07900034636259079,0.4308926463127136,0.5837043523788452,-0.06316763907670975,accelerate
0.4998739957809448,0.7026740312576294,5.8991158624621676e-08,0.538361132144928,0.6331749558448792,-0.016568992286920547,0.5572762489318848,0.5538536310195923,-0.03871821239590645,0.5542571544647217,0.49200618267059326,-0.06519654393196106,0.5235021114349365,0.4476689398288727,-0.09161935746669769,0.49019625782966614,0.43590646982192993,-0.026574574410915375,0.5057272911071777,0.33864474296569824,-0.060417596250772476,0.514693558216095,0.2714916467666626,-0.08112063258886337,0.5146646499633789,0.2138158082962036,-0.09524857997894287,0.4454169273376465,0.4536729156970978,-0.038212474435567856,0.5012655854225159,0.4380062520503998,-0.0804324746131897,0.5235780477523804,0.5171286463737488,-0.0882420688867569,0.5104565620422363,0.5472636222839355,-0.08729052543640137,0.4150455594062805,0.49133381247520447,-0.05231579393148422,0.47971925139427185,0.47870174050331116,-0.09509933739900589,0.5011759400367737,0.5494253635406494,-0.08149290084838867,0.4873139262199402,0.5764994025230408,-0.0647466778755188,0.39367035031318665,0.5417097806930542,-0.06816307455301285,0.45170915126800537,0.5235794186592102,-0.09618952125310898,0.47286340594291687,0.5682458877563477,-0.08306662738323212,0.4608350992202759,0.5907175540924072,-0.06740976125001907,accelerate
0.5119927525520325,0.7112853527069092,2.3857715802932944e-08,0.5545822381973267,0.638845682144165,-0.020564954727888107,0.5758095979690552,0.5568474531173706,-0.0434812493622303,0.5749610662460327,0.49012914299964905,-0.06965741515159607,0.5476836562156677,0.4390123784542084,-0.09485692530870438,0.5097995400428772,0.43592569231987,-0.02836928330361843,0.5234715342521667,0.3382619321346283,-0.061255667358636856,0.5306168794631958,0.2727837562561035,-0.07886365801095963,0.5292401313781738,0.21587231755256653,-0.09064988046884537,0.46353474259376526,0.45145004987716675,-0.038076672703027725,0.5178969502449036,0.4322662651538849,-0.07913199067115784,0.5381147861480713,0.5146827697753906,-0.08425507694482803,0.5227333307266235,0.5444629788398743,-0.08059435337781906,0.43352723121643066,0.48745638132095337,-0.05074487626552582,0.5010525584220886,0.48193803429603577,-0.09413566440343857,0.5194101333618164,0.5547080636024475,-0.08139524608850479,0.5015164613723755,0.5773870348930359,-0.06455503404140472,0.4136497974395752,0.536237895488739,-0.06537074595689774,0.473568856716156,0.5284513235092163,-0.09368962049484253,0.49210360646247864,0.5748302340507507,-0.08213429152965546,0.47608786821365356,0.5928899645805359,-0.06737558543682098,accelerate
0.52494877576828,0.7050121426582336,6.918812545109176e-08,0.567302942276001,0.6372494697570801,-0.020699940621852875,0.5885300040245056,0.5556026697158813,-0.0431433729827404,0.5900131464004517,0.4872246980667114,-0.0689208135008812,0.5623171925544739,0.4352037310600281,-0.09378598630428314,0.525215744972229,0.43611109256744385,-0.027626177296042442,0.5376499891281128,0.33933115005493164,-0.061821725219488144,0.5440919399261475,0.2745078206062317,-0.07975774258375168,0.5428440570831299,0.21870040893554688,-0.09104711562395096,0.4802953004837036,0.45317575335502625,-0.03747841715812683,0.5307915806770325,0.4219149649143219,-0.0818413719534874,0.5539190769195557,0.5023114681243896,-0.08798304200172424,0.5423873662948608,0.5339835286140442,-0.08338534832000732,0.44943901896476746,0.4887082576751709,-0.050375018268823624,0.5126152634620667,0.4726663827896118,-0.09650418162345886,0.533972978591919,0.547930896282196,-0.08334577828645706,0.5186118483543396,0.5767823457717896,-0.06455236673355103,0.4276067018508911,0.5374132394790649,-0.06515073776245117,0.48569777607917786,0.5248727798461914,-0.09463294595479965,0.5048022866249084,0.5712348818778992,-0.08277586102485657,0.4886493682861328,0.5914349555969238,-0.06714028120040894,accelerate
0.5351020693778992,0.6899031400680542,6.654493489577362e-08,0.5753083825111389,0.6266245245933533,-0.01933395490050316,0.5960795283317566,0.5446891784667969,-0.04067151993513107,0.5937669277191162,0.4787214398384094,-0.06474778801202774,0.5667176842689514,0.4294475018978119,-0.08749599754810333,0.5356505513191223,0.42706337571144104,-0.02798938937485218,0.5467575192451477,0.3323151469230652,-0.061688486486673355,0.5529831051826477,0.270443856716156,-0.07870318740606308,0.5514129400253296,0.21588543057441711,-0.08983704447746277,0.4890914261341095,0.4429890513420105,-0.03795292228460312,0.5348173379898071,0.4119797646999359,-0.0802617222070694,0.5570408701896667,0.49125492572784424,-0.08459344506263733,0.545528769493103,0.5213538408279419,-0.07988404482603073,0.4571543335914612,0.4781111776828766,-0.050926513969898224,0.5203573107719421,0.46808061003685,-0.09545798599720001,0.5413560271263123,0.5396619439125061,-0.08193697035312653,0.5257585048675537,0.5631493926048279,-0.0641591027379036,0.43501490354537964,0.5262482166290283,-0.06569105386734009,0.4953708350658417,0.5181229114532471,-0.09440216422080994,0.5133869647979736,0.5651238560676575,-0.08305251598358154,0.49613702297210693,0.5826330184936523,-0.06878257542848587,accelerate
0.5510230660438538,0.6877611875534058,8.860424571821568e-08,0.5920926928520203,0.6198008060455322,-0.018628744408488274,0.6134864687919617,0.5408034920692444,-0.04140550270676613,0.6114364862442017,0.47700241208076477,-0.06768861413002014,0.5814087390899658,0.4326130747795105,-0.09319981187582016,0.546700656414032,0.4271344542503357,-0.028108948841691017,0.5586345195770264,0.33141422271728516,-0.06393486261367798,0.5657151937484741,0.26717081665992737,-0.0840739756822586,0.5639379024505615,0.2121267318725586,-0.09719723463058472,0.5010520219802856,0.44446468353271484,-0.03908473625779152,0.5543992519378662,0.4177786111831665,-0.08277163654565811,0.5782442092895508,0.49562811851501465,-0.08911313116550446,0.5648001432418823,0.5236600637435913,-0.08594120293855667,0.47110050916671753,0.4801272749900818,-0.05292506888508797,0.5395349860191345,0.46896588802337646,-0.09769697487354279,0.559888482093811,0.541901171207428,-0.08396652340888977,0.5428488254547119,0.5666249394416809,-0.06593973934650421,0.4506726861000061,0.5287289619445801,-0.06862449645996094,0.5121031999588013,0.5175458192825317,-0.09735924750566483,0.5307024717330933,0.5638466477394104,-0.0846792459487915,0.5144891738891602,0.5826727151870728,-0.0688915103673935,accelerate
0.564115047454834,0.6818486452102661,2.1163421237702096e-08,0.6050118803977966,0.6141811609268188,-0.015785347670316696,0.626669704914093,0.5310425162315369,-0.03553067147731781,0.6273594498634338,0.46476486325263977,-0.05922570824623108,0.5996297001838684,0.4193682372570038,-0.0826202854514122,0.5633840560913086,0.4189072251319885,-0.022854110226035118,0.5744820833206177,0.322261780500412,-0.05588574334979057,0.5801198482513428,0.25783708691596985,-0.07580141723155975,0.5778219699859619,0.2032831907272339,-0.08933985978364944,0.5195059180259705,0.43563175201416016,-0.03425617888569832,0.5745167136192322,0.41304469108581543,-0.0767076388001442,0.5952311158180237,0.49018099904060364,-0.08426346629858017,0.578966498374939,0.5187749266624451,-0.08249573409557343,0.49010583758354187,0.4714365601539612,-0.04817240312695503,0.5539305806159973,0.45760515332221985,-0.09159979224205017,0.5708127617835999,0.5306585431098938,-0.07907908409833908,0.5513179898262024,0.5560218095779419,-0.06255730986595154,0.46902477741241455,0.5204178690910339,-0.06365253031253815,0.5269871950149536,0.5072726011276245,-0.09273932874202728,0.5429776310920715,0.555178701877594,-0.08112458139657974,0.5252212285995483,0.5752149224281311,-0.0662967637181282,accelerate
0.5862259268760681,0.6849358081817627,5.80578749520555e-08,0.6278125047683716,0.61865234375,-0.01470573153346777,0.6530810594558716,0.5338659286499023,-0.03631723299622536,0.6563730835914612,0.4644908010959625,-0.06274333596229553,0.6249291896820068,0.4190453886985779,-0.0895090252161026,0.5822899341583252,0.41741105914115906,-0.026551296934485435,0.5987883806228638,0.31285011768341064,-0.06094040721654892,0.6059253811836243,0.24419118463993073,-0.08118598908185959,0.6036387085914612,0.18482202291488647,-0.09517140686511993,0.5368234515190125,0.43535423278808594,-0.04013991728425026,0.5988017320632935,0.4054079055786133,-0.08470474183559418,0.6192290186882019,0.4870401918888092,-0.09194833040237427,0.6014269590377808,0.5179830193519592,-0.08993075788021088,0.5065594911575317,0.47237202525138855,-0.055812109261751175,0.5780107975006104,0.45149800181388855,-0.10130542516708374,0.5951603055000305,0.5302627086639404,-0.08635013550519943,0.5742689967155457,0.5594534873962402,-0.06808695197105408,0.48509690165519714,0.5232397317886353,-0.07288962602615356,0.5483415126800537,0.5007961988449097,-0.10316706448793411,0.5657898187637329,0.5506007075309753,-0.08909928798675537,0.5475481152534485,0.5754171013832092,-0.07254369556903839,accelerate
0.6028276085853577,0.6882996559143066,-4.539198794617505e-09,0.6523880362510681,0.6223404407501221,-0.014454725198447704,0.6800695657730103,0.5328369140625,-0.033439405262470245,0.6816099882125854,0.46128717064857483,-0.056659359484910965,0.6520928144454956,0.41438940167427063,-0.07951991260051727,0.6135666966438293,0.41340649127960205,-0.0247819721698761,0.6291834712028503,0.30786317586898804,-0.05746713653206825,0.6354230642318726,0.2394043207168579,-0.07725197821855545,0.6335210204124451,0.17720544338226318,-0.0917043685913086,0.5657803416252136,0.4272865355014801,-0.037153758108615875,0.6258442401885986,0.401020884513855,-0.08153306692838669,0.6432604193687439,0.4761632978916168,-0.08969417214393616,0.6265280246734619,0.5116826295852661,-0.08899051696062088,0.5326724052429199,0.4621715843677521,-0.051645271480083466,0.6052765846252441,0.44718730449676514,-0.09423424303531647,0.619072675704956,0.519119918346405,-0.08165490627288818,0.5989797115325928,0.5489275455474854,-0.06654707342386246,0.5105304718017578,0.512131929397583,-0.06795903295278549,0.5783604979515076,0.5025878548622131,-0.09732910990715027,0.5892212390899658,0.5502122640609741,-0.088325135409832,0.5670614242553711,0.5720124244689941,-0.07646101713180542,accelerate
0.6217493414878845,0.7150141000747681,-1.3467311710257945e-08,0.6747238636016846,0.6433717012405396,-0.018147803843021393,0.7037912607192993,0.5568086504936218,-0.04053715988993645,0.7098249197006226,0.48450592160224915,-0.067540742456913,0.682960033416748,0.43122032284736633,-0.09387818723917007,0.6359877586364746,0.42670345306396484,-0.027673933655023575,0.6527025103569031,0.3211020231246948,-0.06342171877622604,0.6580120325088501,0.24803629517555237,-0.08457090705633163,0.6557297110557556,0.18370956182479858,-0.09970767050981522,0.5873981714248657,0.4372243583202362,-0.0402165949344635,0.6557238698005676,0.427217960357666,-0.08725515753030777,0.6709655523300171,0.5089899897575378,-0.09537706524133682,0.6525445580482483,0.5370136499404907,-0.0937136635184288,0.5553113222122192,0.4721936583518982,-0.055533669888973236,0.6351346373558044,0.47173961997032166,-0.10040780156850815,0.6453709602355957,0.5449286103248596,-0.08722437918186188,0.6239524483680725,0.5671125650405884,-0.07098321616649628,0.5340003967285156,0.5226558446884155,-0.07344762235879898,0.6058283448219299,0.5317085981369019,-0.10380715131759644,0.6168994903564453,0.5799331068992615,-0.09478683769702911,0.5969150066375732,0.5951796174049377,-0.08203983306884766,accelerate
0.625031054019928,0.7121492028236389,1.984332476112627e-09,0.6750688552856445,0.6385729312896729,-0.014547143131494522,0.7022013664245605,0.5495771169662476,-0.03704182058572769,0.7077933549880981,0.4779771566390991,-0.06488668918609619,0.6811116337776184,0.42368394136428833,-0.0925167053937912,0.6336344480514526,0.418395459651947,-0.027974111959338188,0.6507049202919006,0.30837541818618774,-0.06400082260370255,0.6582307815551758,0.23709093034267426,-0.08536477386951447,0.6556189060211182,0.17263251543045044,-0.10087917000055313,0.5832813382148743,0.43310728669166565,-0.04304911568760872,0.6527527570724487,0.41577139496803284,-0.08982553333044052,0.670570433139801,0.5028741359710693,-0.09821195155382156,0.6481243371963501,0.5286035537719727,-0.09742415696382523,0.54976487159729,0.47060295939445496,-0.060141999274492264,0.6284595131874084,0.46271803975105286,-0.10706111043691635,0.642333984375,0.544553279876709,-0.09218299388885498,0.6173240542411804,0.5672343969345093,-0.0746464878320694,0.5264413356781006,0.5237181186676025,-0.07899702340364456,0.5969904661178589,0.5195343494415283,-0.11128722876310349,0.6110970973968506,0.5738828778266907,-0.09884168952703476,0.588309109210968,0.5922677516937256,-0.0834178775548935,accelerate
0.6482024788856506,0.7464048862457275,7.416326752718305e-08,0.697393536567688,0.6723848581314087,-0.021454712375998497,0.7255057692527771,0.5681058764457703,-0.04808896780014038,0.7294484376907349,0.4808885157108307,-0.08014336973428726,0.6950203776359558,0.4179549217224121,-0.1120297834277153,0.6495988368988037,0.42761775851249695,-0.02614840678870678,0.6655737161636353,0.307974636554718,-0.06645175069570541,0.6729001998901367,0.22513213753700256,-0.08967610448598862,0.6692663431167603,0.15614759922027588,-0.10537318885326385,0.5958425998687744,0.4468906819820404,-0.03964097425341606,0.6657368540763855,0.4179067015647888,-0.09117679297924042,0.6878067851066589,0.522118330001831,-0.09726424515247345,0.6617958545684814,0.5510019063949585,-0.09223885089159012,0.5589955449104309,0.4872386157512665,-0.056870732456445694,0.6348409652709961,0.46637874841690063,-0.1107950508594513,0.6554660201072693,0.5612877011299133,-0.0907420814037323,0.628108561038971,0.5900263786315918,-0.06691662967205048,0.5296343564987183,0.5453255772590637,-0.07636727392673492,0.5986676216125488,0.5237756371498108,-0.11365527659654617,0.6204040050506592,0.5862334966659546,-0.09647174179553986,0.5969594717025757,0.6126572489738464,-0.07563278824090958,accelerate
0.6080754399299622,0.8028874397277832,1.2635210566713795e-07,0.6672753095626831,0.7216784358024597,-0.025269130244851112,0.7034645080566406,0.6127997636795044,-0.050562553107738495,0.7083016633987427,0.5244120359420776,-0.08052369207143784,0.6756147146224976,0.4579464793205261,-0.10983265191316605,0.6260601282119751,0.4531089663505554,-0.02715054713189602,0.6496853232383728,0.32333141565322876,-0.06995272636413574,0.6611244082450867,0.23097342252731323,-0.09788625687360764,0.6594066023826599,0.1508258879184723,-0.11758331954479218,0.567676842212677,0.4684202969074249,-0.03969127684831619,0.6372660994529724,0.4336690306663513,-0.0978003665804863,0.6596723198890686,0.5369270443916321,-0.11028549075126648,0.6398876309394836,0.5843937993049622,-0.108929343521595,0.5239855647087097,0.508212685585022,-0.056567009538412094,0.6069844961166382,0.49107855558395386,-0.11246930807828903,0.6245507597923279,0.5830985903739929,-0.09623991698026657,0.6002989411354065,0.6199554204940796,-0.07486075907945633,0.4886384904384613,0.5691862106323242,-0.07648178189992905,0.5646687746047974,0.5532740354537964,-0.11369919776916504,0.586966335773468,0.6132858991622925,-0.09942305088043213,0.5688969492912292,0.6415070295333862,-0.0810592845082283,accelerate
0.5291239619255066,0.8423253297805786,2.1039619468865567e-07,0.59782874584198,0.768587052822113,-0.03243507072329521,0.6433695554733276,0.6412863731384277,-0.05363164097070694,0.6413355469703674,0.538581132888794,-0.0772332027554512,0.5935928225517273,0.47431862354278564,-0.10058607161045074,0.5814459323883057,0.48056384921073914,-0.031091609969735146,0.5983792543411255,0.33532679080963135,-0.0717199370265007,0.6060287952423096,0.24449703097343445,-0.09510461241006851,0.6019795536994934,0.16148003935813904,-0.11133336275815964,0.5172701478004456,0.49552270770072937,-0.04057417809963226,0.5618336200714111,0.43047016859054565,-0.10467217117547989,0.5899043679237366,0.5279302000999451,-0.12406172603368759,0.5807763934135437,0.5776365995407104,-0.12342105805873871,0.46171680092811584,0.5366113781929016,-0.053609449416399,0.5246129035949707,0.5127539038658142,-0.12231148779392242,0.5509064197540283,0.6186359524726868,-0.11301004886627197,0.534037709236145,0.6606984734535217,-0.09009861201047897,0.4118061065673828,0.5957851409912109,-0.06851398199796677,0.47522473335266113,0.5750177502632141,-0.11410003900527954,0.505908727645874,0.6431909203529358,-0.10085399448871613,0.4938589930534363,0.6739503145217896,-0.08007106184959412,accelerate
0.49724096059799194,0.8726011514663696,2.609764351291233e-07,0.5608369708061218,0.7965130805969238,-0.04270273819565773,0.5913000106811523,0.6769145727157593,-0.0684453621506691,0.5793761014938354,0.5760493278503418,-0.09491116553544998,0.5458551645278931,0.4924141764640808,-0.118258997797966,0.5445407629013062,0.48754605650901794,-0.03285883367061615,0.5551300048828125,0.330610454082489,-0.07743790745735168,0.5646498203277588,0.23412752151489258,-0.10190780460834503,0.5622465014457703,0.1497131884098053,-0.11742954701185226,0.4757847785949707,0.5011032223701477,-0.03890880569815636,0.4911915957927704,0.42021697759628296,-0.10520564019680023,0.5097928643226624,0.4952636957168579,-0.1257360279560089,0.5010985136032104,0.5343219637870789,-0.12351306527853012,0.4165053069591522,0.5432490706443787,-0.05054951831698418,0.47370415925979614,0.5344256162643433,-0.12328435480594635,0.49795544147491455,0.6360311508178711,-0.11953878402709961,0.481741338968277,0.6693920493125916,-0.09772972017526627,0.36601680517196655,0.6072085499763489,-0.0650884360074997,0.4229690730571747,0.6086097359657288,-0.11256098747253418,0.449944406747818,0.6728573441505432,-0.10379548370838165,0.4360727369785309,0.6907445192337036,-0.08482350409030914,accelerate
0.4662998616695404,0.8949652910232544,5.661963768943679e-07,0.5345121622085571,0.8146356344223022,-0.04841999337077141,0.5727089047431946,0.6896307468414307,-0.07454054057598114,0.5528706908226013,0.5908216834068298,-0.0998033955693245,0.5081783533096313,0.5102492570877075,-0.12110156565904617,0.5295019745826721,0.4967227578163147,-0.0381522960960865,0.5403755307197571,0.33271172642707825,-0.0812651738524437,0.5461587309837341,0.22929099202156067,-0.10393378883600235,0.5407552719116211,0.13913431763648987,-0.11719267070293427,0.45657339692115784,0.5064874887466431,-0.043979302048683167,0.45772597193717957,0.3908390402793884,-0.10525692999362946,0.473956435918808,0.39437949657440186,-0.1265147626399994,0.4732856750488281,0.3803592920303345,-0.12512148916721344,0.392019659280777,0.5486100912094116,-0.0559721440076828,0.4487789571285248,0.5389494895935059,-0.13127650320529938,0.4710867702960968,0.6527644395828247,-0.13103464245796204,0.4574120044708252,0.6923031806945801,-0.10811366885900497,0.33966320753097534,0.6119617819786072,-0.07144375890493393,0.39546242356300354,0.6174745559692383,-0.12045218795537949,0.41868773102760315,0.6887179613113403,-0.11271795630455017,0.4043334126472473,0.7078953981399536,-0.09332390129566193,accelerate
0.4434165954589844,0.9431682825088501,9.486719818596612e-07,0.5193045735359192,0.8632170557975769,-0.0605119988322258,0.5766087174415588,0.7278228998184204,-0.09256595373153687,0.5462779402732849,0.6187127828598022,-0.12082035839557648,0.4870428442955017,0.532202422618866,-0.1447441279888153,0.5109472274780273,0.5121758580207825,-0.053580138832330704,0.5234047770500183,0.3394935727119446,-0.10088588297367096,0.5282351970672607,0.22643211483955383,-0.12433730810880661,0.5249009132385254,0.129197359085083,-0.1374897062778473,0.4293443560600281,0.5212304592132568,-0.05715538561344147,0.44163960218429565,0.3791016638278961,-0.11727339029312134,0.46567651629447937,0.34481126070022583,-0.13887420296669006,0.47321993112564087,0.2876712679862976,-0.13980364799499512,0.35718992352485657,0.5700453519821167,-0.0676003247499466,0.41997113823890686,0.5576462745666504,-0.15182998776435852,0.44530966877937317,0.6888545751571655,-0.15220193564891815,0.4316461682319641,0.7320025563240051,-0.12767784297466278,0.29636311531066895,0.6453864574432373,-0.08165707439184189,0.3482711911201477,0.6383384466171265,-0.1408085972070694,0.38779187202453613,0.7211171388626099,-0.1313832700252533,0.3860110640525818,0.7471933960914612,-0.10881026834249496,accelerate
0.4362446963787079,0.9655272960662842,2.6719067136582453e-07,0.5054816007614136,0.8918733596801758,-0.061471108347177505,0.5602890253067017,0.7645614147186279,-0.10485400259494781,0.5343832969665527,0.6591031551361084,-0.1449270397424698,0.4742949903011322,0.5834238529205322,-0.18097832798957825,0.4876697063446045,0.5191159844398499,-0.07736121863126755,0.5031818747520447,0.3392219543457031,-0.13428343832492828,0.515242874622345,0.22841864824295044,-0.16182099282741547,0.5150176286697388,0.12644153833389282,-0.18080787360668182,0.3966164290904999,0.5371073484420776,-0.08277712017297745,0.45271989703178406,0.49093687534332275,-0.1639375388622284,0.48095443844795227,0.6266642808914185,-0.17941057682037354,0.46811622381210327,0.6711966395378113,-0.17244940996170044,0.32620769739151,0.5894607305526733,-0.09387024492025375,0.4049476683139801,0.6175448298454285,-0.1807933896780014,0.4364851117134094,0.74663907289505,-0.16769932210445404,0.4184545576572418,0.7635771632194519,-0.13923129439353943,0.26738202571868896,0.6649331450462341,-0.1092759445309639,0.3342716097831726,0.6850919723510742,-0.1656966358423233,0.37444397807121277,0.7660171985626221,-0.15001694858074188,0.3658972978591919,0.7747358679771423,-0.1251295804977417,accelerate
0.4095190763473511,0.9750540256500244,2.1663755944700824e-07,0.48598402738571167,0.9009085893630981,-0.06610634922981262,0.5482388734817505,0.783402144908905,-0.11657804250717163,0.5157110691070557,0.6843318343162537,-0.16275082528591156,0.4530473053455353,0.6103421449661255,-0.20400018990039825,0.48407047986984253,0.5233354568481445,-0.0887877494096756,0.49635428190231323,0.3440380096435547,-0.15197622776031494,0.5041515827178955,0.228110671043396,-0.18176275491714478,0.4999154806137085,0.1248195469379425,-0.20289528369903564,0.38513386249542236,0.5369539260864258,-0.09433656930923462,0.43384861946105957,0.5223374366760254,-0.1771375834941864,0.4631699323654175,0.6806104183197021,-0.1865444928407669,0.451398640871048,0.7164479494094849,-0.17686009407043457,0.3118411600589752,0.5915301442146301,-0.10649821907281876,0.37559807300567627,0.64083331823349,-0.19261594116687775,0.4111802279949188,0.7683797478675842,-0.17205150425434113,0.39653894305229187,0.768181562423706,-0.14202988147735596,0.25135117769241333,0.6702771782875061,-0.12421197444200516,0.31112051010131836,0.7176083326339722,-0.18004506826400757,0.34956952929496765,0.8004742860794067,-0.1609429568052292,0.3362008333206177,0.7951921820640564,-0.13526971638202667,accelerate
0.37945395708084106,0.9828190803527832,1.334812168352073e-06,0.45527389645576477,0.9098750352859497,-0.059876445680856705,0.5131049156188965,0.7958546280860901,-0.09972310811281204,0.49235713481903076,0.6968907117843628,-0.13751335442066193,0.43074581027030945,0.6184989809989929,-0.17051739990711212,0.4857071042060852,0.544295072555542,-0.06883999705314636,0.5015987753868103,0.36244988441467285,-0.13139936327934265,0.5053430795669556,0.2427617609500885,-0.16436254978179932,0.4975505769252777,0.1412525475025177,-0.18230532109737396,0.3916189968585968,0.5429799556732178,-0.0787149965763092,0.4138967990875244,0.3666136860847473,-0.14808684587478638,0.4426705539226532,0.29135844111442566,-0.17616571485996246,0.4559170603752136,0.20811554789543152,-0.1811390519142151,0.30484282970428467,0.5966401696205139,-0.09539367258548737,0.36417490243911743,0.6245880126953125,-0.1777433305978775,0.3918844759464264,0.7366197109222412,-0.17930710315704346,0.38747328519821167,0.7694475650787354,-0.15669897198677063,0.23074056208133698,0.6813246011734009,-0.11690884828567505,0.28802189230918884,0.7253543138504028,-0.16543014347553253,0.32513460516929626,0.794457197189331,-0.1524808704853058,0.3220743238925934,0.8032459616661072,-0.12983199954032898,accelerate
0.33126747608184814,1.0130497217178345,2.981459203965642e-07,0.39408499002456665,0.9398096203804016,-0.050073809921741486,0.435561865568161,0.82761549949646,-0.09418538957834244,0.4139852523803711,0.7391308546066284,-0.13894392549991608,0.35868608951568604,0.6649399399757385,-0.18015733361244202,0.39372771978378296,0.5661506652832031,-0.07251425832509995,0.4079112708568573,0.3760088384151459,-0.13126952946186066,0.42172718048095703,0.25787553191185,-0.162931427359581,0.41894853115081787,0.14710012078285217,-0.18639260530471802,0.30409279465675354,0.5806154608726501,-0.08470237255096436,0.3450385630130768,0.5535176992416382,-0.1624452918767929,0.3741842806339264,0.6822789907455444,-0.17916682362556458,0.361630380153656,0.7097314596176147,-0.17735952138900757,0.23258137702941895,0.6356273889541626,-0.10137093812227249,0.2844139039516449,0.670130729675293,-0.1775542050600052,0.32229146361351013,0.778992772102356,-0.15927214920520782,0.3105725347995758,0.7778736352920532,-0.13364531099796295,0.17411081492900848,0.7117143273353577,-0.122719906270504,0.22861438989639282,0.7422695755958557,-0.17000102996826172,0.26651424169540405,0.8181812167167664,-0.14803287386894226,0.25646886229515076,0.8178239464759827,-0.12166976183652878,accelerate
0.320182740688324,1.0111826658248901,1.7981817279633105e-07,0.37978988885879517,0.9388840794563293,-0.05486791953444481,0.42306235432624817,0.8232230544090271,-0.09861009567975998,0.39293941855430603,0.7366990447044373,-0.14240257441997528,0.3356388211250305,0.6658465266227722,-0.18217654526233673,0.37757617235183716,0.5625029802322388,-0.06596243381500244,0.392469584941864,0.37955743074417114,-0.12467175722122192,0.4032226502895355,0.259797602891922,-0.15487246215343475,0.40091413259506226,0.15712520480155945,-0.17529143393039703,0.2851793169975281,0.578467845916748,-0.0730142593383789,0.3208845853805542,0.5751181244850159,-0.15037120878696442,0.3466228246688843,0.7166673541069031,-0.16331693530082703,0.3339448869228363,0.7435927987098694,-0.15678291022777557,0.2141229808330536,0.6327019333839417,-0.08608783036470413,0.25206124782562256,0.6699667572975159,-0.16274987161159515,0.2936170995235443,0.7833622694015503,-0.14190921187400818,0.28960075974464417,0.7843616008758545,-0.11266905069351196,0.15475068986415863,0.7075425386428833,-0.10432399809360504,0.19520747661590576,0.7407477498054504,-0.15135549008846283,0.23657694458961487,0.8157752156257629,-0.12861572206020355,0.2368679642677307,0.8156803250312805,-0.10012458264827728,accelerate
0.2514010965824127,1.0252928733825684,3.3143845712402253e-07,0.3317420482635498,0.9566138386726379,-0.061406657099723816,0.36657285690307617,0.8339704871177673,-0.10121552646160126,0.32706063985824585,0.7454767227172852,-0.13994033634662628,0.25505563616752625,0.6919666528701782,-0.17568877339363098,0.3309061825275421,0.6003059148788452,-0.06550642102956772,0.3548692762851715,0.40462931990623474,-0.12060936540365219,0.36767858266830444,0.28384634852409363,-0.15205681324005127,0.36919674277305603,0.18372786045074463,-0.17386426031589508,0.25507551431655884,0.6179555654525757,-0.06817693263292313,0.2684926688671112,0.5850107669830322,-0.1525605022907257,0.27766215801239014,0.6925450563430786,-0.17765909433364868,0.2745416462421417,0.7402612566947937,-0.17714302241802216,0.18951435387134552,0.6690270304679871,-0.07691576331853867,0.21207033097743988,0.6713472604751587,-0.1578216254711151,0.23681515455245972,0.7691312432289124,-0.1494724601507187,0.244121253490448,0.7948615550994873,-0.12458954751491547,0.1354900300502777,0.7360989451408386,-0.09119416773319244,0.17778906226158142,0.738418698310852,-0.14326141774654388,0.20614653825759888,0.7989888191223145,-0.13128305971622467,0.2143598198890686,0.8149677515029907,-0.10835706442594528,accelerate
0.09969180822372437,0.9832831621170044,9.396597420163744e-07,0.04129951447248459,0.9002905488014221,-0.05101941525936127,0.012687891721725464,0.7759912610054016,-0.07387105375528336,0.02908824011683464,0.6878597140312195,-0.09473823010921478,0.08125477284193039,0.6444077491760254,-0.11239933967590332,0.07194932550191879,0.6129887700080872,-0.03796519711613655,0.09582675993442535,0.4590195417404175,-0.07748573273420334,0.10565641522407532,0.3483230173587799,-0.10273570567369461,0.11053850501775742,0.257424533367157,-0.11704720556735992,0.08513820171356201,0.6113647818565369,-0.03803028166294098,0.1100715920329094,0.4462910294532776,-0.07969915866851807,0.117964006960392,0.3358294665813446,-0.10290541499853134,0.11854706704616547,0.234289288520813,-0.11167407035827637,0.09215758740901947,0.6381339430809021,-0.04547959938645363,0.0848393663764,0.558610737323761,-0.10241932421922684,0.09288976341485977,0.5889655947685242,-0.12103251367807388,0.1001044288277626,0.6037304401397705,-0.1172085702419281,0.09570056945085526,0.6820164322853088,-0.05699125677347183,0.08402009308338165,0.6273800730705261,-0.09556993842124939,0.07645247876644135,0.6593924164772034,-0.099582739174366,0.07374728471040726,0.6849415302276611,-0.09310558438301086,accelerate
0.27780288457870483,0.8671066164970398,3.218790425307816e-07,0.30991536378860474,0.842495322227478,-0.033376544713974,0.34363678097724915,0.7567793130874634,-0.05401935428380966,0.31156226992607117,0.6852431297302246,-0.070767842233181,0.2701423466205597,0.6393451690673828,-0.08647959679365158,0.3069590628147125,0.6281535625457764,-0.03938404470682144,0.31962713599205017,0.5479362607002258,-0.0754845067858696,0.3342142105102539,0.49385422468185425,-0.09932641685009003,0.34151697158813477,0.43574026226997375,-0.11627654731273651,0.2512564957141876,0.6260888576507568,-0.03986048325896263,0.26838418841362,0.60688316822052,-0.07428158074617386,0.2875312566757202,0.6977788209915161,-0.07689791172742844,0.2837340235710144,0.7177942991256714,-0.07470307499170303,0.20642612874507904,0.6584202647209167,-0.044542133808135986,0.22597315907478333,0.6581976413726807,-0.08296483755111694,0.25218626856803894,0.738959789276123,-0.06595620512962341,0.24764370918273926,0.7514050006866455,-0.049454137682914734,0.16371217370033264,0.7089697122573853,-0.05201353505253792,0.1877857744693756,0.713085949420929,-0.07830169796943665,0.214202418923378,0.7690622806549072,-0.06337407976388931,0.2113126814365387,0.779715895652771,-0.048804815858602524,accelerate
0.3060123026371002,0.8441928029060364,3.843887697030368e-08,0.3535539507865906,0.7818560004234314,-0.02793841063976288,0.3768201470375061,0.6998132467269897,-0.04697127267718315,0.355568528175354,0.640392541885376,-0.066996730864048,0.3192901313304901,0.5960698127746582,-0.08543224632740021,0.3436468541622162,0.5574713945388794,-0.027424408122897148,0.3595009446144104,0.4416837692260742,-0.05802595615386963,0.36891433596611023,0.3722270131111145,-0.07575464993715286,0.3683074712753296,0.31258130073547363,-0.08799873292446136,0.2921800911426544,0.5723744630813599,-0.03229457885026932,0.30584603548049927,0.5482392311096191,-0.08131828159093857,0.31730252504348755,0.6229482293128967,-0.09621488302946091,0.3102106750011444,0.6616111397743225,-0.09599263221025467,0.25000548362731934,0.6076956391334534,-0.04002063348889351,0.2756180465221405,0.6083456873893738,-0.08895715326070786,0.2957730293273926,0.6767187714576721,-0.08409102261066437,0.2903223931789398,0.699526846408844,-0.06922133266925812,0.21505627036094666,0.6549964547157288,-0.049719732254743576,0.24449867010116577,0.6580367684364319,-0.08083564043045044,0.2633455991744995,0.7000434398651123,-0.072905994951725,0.2577633559703827,0.7092490792274475,-0.058834224939346313,accelerate
0.32111096382141113,0.8234900236129761,-1.1766943863733559e-08,0.36627674102783203,0.7630318403244019,-0.021214181557297707,0.3860553205013275,0.6799562573432922,-0.03611821308732033,0.3693753182888031,0.6208252906799316,-0.05320696160197258,0.33975306153297424,0.5770436525344849,-0.06939737498760223,0.35530948638916016,0.5527997612953186,-0.02283080667257309,0.36963170766830444,0.4419953525066376,-0.05108920857310295,0.3780185580253601,0.37644195556640625,-0.0666150227189064,0.37581199407577515,0.31939995288848877,-0.07750073075294495,0.30700162053108215,0.5661181807518005,-0.02966143563389778,0.328525185585022,0.5379211902618408,-0.07536371797323227,0.3426971733570099,0.6171876192092896,-0.0862770825624466,0.3339312672615051,0.6548923254013062,-0.08402109891176224,0.2679327726364136,0.5974839925765991,-0.038989316672086716,0.29673823714256287,0.5934408903121948,-0.08481084555387497,0.31459683179855347,0.6641690135002136,-0.07730399072170258,0.30536088347435,0.6875079274177551,-0.06165106222033501,0.23383525013923645,0.6400863528251648,-0.0498306080698967,0.2641332447528839,0.6401382684707642,-0.07833158224821091,0.2832566499710083,0.6844805479049683,-0.06876327097415924,0.2770061790943146,0.6965754628181458,-0.05458741635084152,accelerate
0.3231785297393799,0.8095058798789978,1.6777013556179554e-08,0.3702291250228882,0.7514146566390991,-0.0221413541585207,0.38999223709106445,0.6697461605072021,-0.03794098272919655,0.37471455335617065,0.6092929244041443,-0.05555376783013344,0.3472587764263153,0.561046838760376,-0.07232259213924408,0.35888487100601196,0.5525550246238708,-0.024021659046411514,0.3714749217033386,0.4420350193977356,-0.052165836095809937,0.3794829249382019,0.3769705295562744,-0.06664784252643585,0.37688523530960083,0.31982848048210144,-0.07659759372472763,0.31368887424468994,0.5652984976768494,-0.03071301057934761,0.33508968353271484,0.5260328650474548,-0.07451857626438141,0.34909239411354065,0.6089332103729248,-0.08255287259817123,0.3391155004501343,0.6455724239349365,-0.07842984050512314,0.2756594121456146,0.5950323343276978,-0.040062904357910156,0.3040993809700012,0.5732007622718811,-0.08648481965065002,0.3213532865047455,0.652325451374054,-0.07532980293035507,0.31051579117774963,0.6790072321891785,-0.056746333837509155,0.24050863087177277,0.6364542245864868,-0.05082071200013161,0.26997679471969604,0.6257984638214111,-0.08106904476881027,0.2892707884311676,0.6735401153564453,-0.06950569152832031,0.2819908857345581,0.6875287294387817,-0.05357428267598152,accelerate
0.32028213143348694,0.8076959848403931,-4.689025612236719e-09,0.363538920879364,0.7489715814590454,-0.020345907658338547,0.3820607662200928,0.6687304973602295,-0.035430047661066055,0.3673190474510193,0.608506441116333,-0.05250035971403122,0.34105926752090454,0.5591474771499634,-0.06892802566289902,0.3522056043148041,0.5471446514129639,-0.02177855558693409,0.3669237196445465,0.44402015209198,-0.04878641664981842,0.37481024861335754,0.3804439902305603,-0.06363754719495773,0.3728751540184021,0.3244037926197052,-0.07420063018798828,0.306862473487854,0.5590586066246033,-0.029059650376439095,0.3307679295539856,0.528403639793396,-0.07054248452186584,0.34437325596809387,0.6116079092025757,-0.07907279580831528,0.33449506759643555,0.6479730606079102,-0.07612388581037521,0.2691265940666199,0.591305136680603,-0.038739241659641266,0.29853010177612305,0.5735869407653809,-0.08400508016347885,0.3166940212249756,0.6521879434585571,-0.07342361658811569,0.30699893832206726,0.6789976954460144,-0.05568040534853935,0.23457080125808716,0.6365766525268555,-0.049598328769207,0.2621244490146637,0.623145580291748,-0.08017049729824066,0.28269118070602417,0.6689387559890747,-0.06872973591089249,0.27746865153312683,0.6831088066101074,-0.05279523506760597,accelerate
0.29865026473999023,0.8013761639595032,7.430057902269027e-09,0.34638723731040955,0.7472409605979919,-0.019356874749064445,0.36379098892211914,0.6611019968986511,-0.03070991300046444,0.3441739082336426,0.5973364114761353,-0.043449677526950836,0.3106060326099396,0.5563727021217346,-0.055895570665597916,0.3351943790912628,0.5504382848739624,-0.017798148095607758,0.3482080101966858,0.4460025429725647,-0.03993586450815201,0.35785216093063354,0.38550543785095215,-0.053155627101659775,0.35897383093833923,0.3327711820602417,-0.06338159739971161,0.29143527150154114,0.5616922974586487,-0.023749344050884247,0.307272344827652,0.5300177931785583,-0.06143084913492203,0.3197072744369507,0.6012820601463318,-0.0715843066573143,0.31312355399131775,0.6363415718078613,-0.0708252489566803,0.2553427517414093,0.5938293933868408,-0.031689878553152084,0.2730891704559326,0.5710723400115967,-0.07181566953659058,0.29347941279411316,0.6390606760978699,-0.0639675185084343,0.2892203629016876,0.6660181879997253,-0.049688901752233505,0.22351330518722534,0.6372169852256775,-0.04076532647013664,0.2425518035888672,0.6172317862510681,-0.06883708387613297,0.2641580402851105,0.6594065427780151,-0.05898277461528778,0.26412636041641235,0.6769375801086426,-0.044961076229810715,accelerate
0.2859759032726288,0.8037927150726318,8.997860789783374e-11,0.3277939260005951,0.7527488470077515,-0.021058425307273865,0.34413987398147583,0.6730982065200806,-0.03455611690878868,0.3264331817626953,0.6126116514205933,-0.04951313138008118,0.2990087568759918,0.5646363496780396,-0.0635363757610321,0.32280558347702026,0.5529634356498718,-0.017604492604732513,0.33704879879951477,0.45213747024536133,-0.041158974170684814,0.3463555872440338,0.39065074920654297,-0.05496980622410774,0.34699198603630066,0.3372100591659546,-0.06521306186914444,0.278634637594223,0.5638248920440674,-0.023160919547080994,0.293561726808548,0.5386916399002075,-0.06118981912732124,0.3012658357620239,0.6110504269599915,-0.07105918973684311,0.29212528467178345,0.6421782374382019,-0.06985625624656677,0.24182747304439545,0.5943772792816162,-0.03115888312458992,0.25956037640571594,0.5799611806869507,-0.07279907912015915,0.27664071321487427,0.6511932611465454,-0.06460396945476532,0.27151817083358765,0.6743506789207458,-0.049444571137428284,0.20894333720207214,0.6354500651359558,-0.04044172167778015,0.22824221849441528,0.6227744221687317,-0.06850416958332062,0.2480577975511551,0.6678835153579712,-0.0579802542924881,0.24746668338775635,0.6811465620994568,-0.04316076263785362,accelerate
0.2836522161960602,0.8037141561508179,-1.6520164791700154e-08,0.32559627294540405,0.751662015914917,-0.01727192848920822,0.34043750166893005,0.6700693964958191,-0.029279228299856186,0.3236062228679657,0.6109004020690918,-0.0437457412481308,0.297079473733902,0.5646445751190186,-0.05782491713762283,0.3174581527709961,0.5586609244346619,-0.015178957022726536,0.33074188232421875,0.4564633369445801,-0.038333334028720856,0.3391910195350647,0.3951416611671448,-0.05154843255877495,0.338178426027298,0.3418622314929962,-0.06147918477654457,0.2754864990711212,0.5721482038497925,-0.0226507056504488,0.28865909576416016,0.5408067107200623,-0.06146230176091194,0.2985084056854248,0.6167269945144653,-0.07071124762296677,0.2894033193588257,0.6481938362121582,-0.06887010484933853,0.23970815539360046,0.6030993461608887,-0.0322687067091465,0.25472351908683777,0.5755588412284851,-0.07425971329212189,0.2733750641345978,0.6495158076286316,-0.0640374943614006,0.2675589621067047,0.6749446392059326,-0.047404851764440536,0.20603352785110474,0.6450432538986206,-0.0428328663110733,0.22272801399230957,0.6220946311950684,-0.07127581536769867,0.24436290562152863,0.6677694320678711,-0.05932816118001938,0.24446292221546173,0.683937668800354,-0.04357978329062462,accelerate
0.29988422989845276,0.7981178164482117,7.456422146390196e-09,0.34021204710006714,0.7418257594108582,-0.018295640125870705,0.3541734516620636,0.6633906960487366,-0.030431171879172325,0.3340291976928711,0.607025682926178,-0.04473032429814339,0.303739994764328,0.5641337633132935,-0.058660127222537994,0.33109915256500244,0.5596522092819214,-0.015137512236833572,0.3427601456642151,0.45868802070617676,-0.038832392543554306,0.35138142108917236,0.3991464376449585,-0.052637819200754166,0.3514070212841034,0.34639012813568115,-0.06262820214033127,0.2896505892276764,0.5737189054489136,-0.021973520517349243,0.30297067761421204,0.5381957292556763,-0.06084606051445007,0.31372541189193726,0.6084036827087402,-0.07132036238908768,0.3056643307209015,0.6402973532676697,-0.07013838738203049,0.254817396402359,0.6035152673721313,-0.031078796833753586,0.27367502450942993,0.5819303393363953,-0.07301240414381027,0.2903667688369751,0.6502081155776978,-0.06548915803432465,0.2823582589626312,0.6735458374023438,-0.05047168582677841,0.22244296967983246,0.6430963277816772,-0.041123080998659134,0.24244153499603271,0.6230735182762146,-0.06850165873765945,0.2611237168312073,0.6664337515830994,-0.05756828188896179,0.25734826922416687,0.6826377511024475,-0.04277036339044571,accelerate
0.31809985637664795,0.804286777973175,-9.786092824981552e-09,0.3597522974014282,0.7477377653121948,-0.018020058050751686,0.37481433153152466,0.6696828603744507,-0.029866116121411324,0.3584155738353729,0.6141198873519897,-0.04384220391511917,0.3319033682346344,0.5725057125091553,-0.05747701972723007,0.34794431924819946,0.567893385887146,-0.016680384054780006,0.3602384924888611,0.4692733883857727,-0.040575623512268066,0.36945608258247375,0.41002392768859863,-0.053823210299015045,0.3696063756942749,0.3578067421913147,-0.06324364989995956,0.30675578117370605,0.5811598300933838,-0.023258138447999954,0.3239058256149292,0.5473047494888306,-0.0617181695997715,0.33528706431388855,0.6207584142684937,-0.0699712485074997,0.32650530338287354,0.6550143957138062,-0.06722168624401093,0.27243751287460327,0.6101548075675964,-0.03226868063211441,0.29588568210601807,0.58937668800354,-0.07333323359489441,0.31106606125831604,0.6581243276596069,-0.06485118716955185,0.30206727981567383,0.682381272315979,-0.049344927072525024,0.2406207174062729,0.649259090423584,-0.04236143082380295,0.2630390524864197,0.6329810619354248,-0.06919202953577042,0.2817850410938263,0.6739531755447388,-0.05934086814522743,0.27882274985313416,0.6878249645233154,-0.04555780440568924,accelerate
0.32558929920196533,0.8116871118545532,2.0163829717034787e-08,0.36509978771209717,0.7584559917449951,-0.020405029878020287,0.38045352697372437,0.6843950152397156,-0.03517549857497215,0.368897408246994,0.6280049681663513,-0.051687292754650116,0.34447765350341797,0.5825921893119812,-0.06751632690429688,0.3534916043281555,0.5755267143249512,-0.020616276189684868,0.3663710653781891,0.47590553760528564,-0.046821992844343185,0.37499070167541504,0.4137130379676819,-0.060681384056806564,0.37331441044807434,0.36075785756111145,-0.06991380453109741,0.31185781955718994,0.5883828997612,-0.026921145617961884,0.3310392498970032,0.5495034456253052,-0.06802032142877579,0.3443152904510498,0.6268311738967896,-0.07562582939863205,0.33559346199035645,0.662580132484436,-0.07125509530305862,0.27710670232772827,0.6156498789787292,-0.03583483770489693,0.30383601784706116,0.5939891934394836,-0.0795973539352417,0.3209441006183624,0.6660007834434509,-0.06960423290729523,0.3120601177215576,0.6920714378356934,-0.05196220055222511,0.24562968313694,0.6534740328788757,-0.046032100915908813,0.27091485261917114,0.6381564736366272,-0.0745982825756073,0.2906799018383026,0.6820434927940369,-0.06370304524898529,0.2872491180896759,0.697607159614563,-0.048330679535865784,accelerate
0.3426670730113983,0.8109148740768433,4.6659810237770216e-08,0.38318389654159546,0.7595936059951782,-0.019542597234249115,0.4019085168838501,0.6830450892448425,-0.03283288702368736,0.38932496309280396,0.6264065504074097,-0.047662168741226196,0.35957852005958557,0.588123619556427,-0.06200559064745903,0.36601170897483826,0.577521026134491,-0.02187473699450493,0.3776254653930664,0.476018488407135,-0.047655463218688965,0.3841741383075714,0.4145316779613495,-0.06279262155294418,0.3815824091434479,0.3605855703353882,-0.07339465618133545,0.32506170868873596,0.5888220071792603,-0.027409212663769722,0.3468903601169586,0.5573437809944153,-0.06741035729646683,0.3621858060359955,0.6241596341133118,-0.07761229574680328,0.355715274810791,0.6607000231742859,-0.07676956802606583,0.2902672588825226,0.6166790127754211,-0.03505143150687218,0.3183291554450989,0.5987938046455383,-0.07521242648363113,0.3374859094619751,0.6613130569458008,-0.06729710102081299,0.3320724666118622,0.6886112689971924,-0.0530674010515213,0.2596254348754883,0.6557278633117676,-0.04414653033018112,0.2897270917892456,0.6455947756767273,-0.07017437368631363,0.3092477023601532,0.6846350431442261,-0.0610804408788681,0.30595189332962036,0.7014958262443542,-0.0481489934027195,accelerate
0.3835654556751251,0.8145315647125244,3.426687555929675e-08,0.42457133531570435,0.7623125314712524,-0.02165958657860756,0.4460951089859009,0.6881040334701538,-0.03902513161301613,0.4366852641105652,0.6328092813491821,-0.057495009154081345,0.4040437340736389,0.5973820686340332,-0.07568887621164322,0.39917516708374023,0.5722572207450867,-0.032983556389808655,0.41117528080940247,0.4710257649421692,-0.06327633559703827,0.4170922636985779,0.405879408121109,-0.08300960808992386,0.41698363423347473,0.350119411945343,-0.0966295525431633,0.35269367694854736,0.5803307890892029,-0.03797081485390663,0.38837701082229614,0.5792346596717834,-0.0805555135011673,0.40105023980140686,0.6457571983337402,-0.0924716591835022,0.39383286237716675,0.6812757253646851,-0.09390522539615631,0.31692183017730713,0.6126893758773804,-0.04473637416958809,0.3587549328804016,0.619137704372406,-0.08378338068723679,0.37445691227912903,0.6749758720397949,-0.07661031186580658,0.37012240290641785,0.6995078325271606,-0.06443829834461212,0.28865110874176025,0.6566268801689148,-0.053619612008333206,0.3276682198047638,0.6605720520019531,-0.07938108593225479,0.34753113985061646,0.6960897445678711,-0.07187924534082413,0.34782180190086365,0.7115474939346313,-0.06009060516953468,accelerate
0.4415853023529053,0.8351951837539673,4.710166146004724e-10,0.48545852303504944,0.7786175012588501,-0.01825527660548687,0.5103241205215454,0.7000459432601929,-0.03689432144165039,0.5082100033760071,0.6407607197761536,-0.058227308094501495,0.4832593500614166,0.5961064100265503,-0.07906556874513626,0.4624411165714264,0.5628569722175598,-0.028671693056821823,0.47932904958724976,0.46337783336639404,-0.05929431691765785,0.48769038915634155,0.39479804039001465,-0.07895906269550323,0.490265429019928,0.33739566802978516,-0.09274034947156906,0.4120344817638397,0.5716769695281982,-0.0375542938709259,0.459699809551239,0.579591691493988,-0.08047807216644287,0.47210097312927246,0.6518025994300842,-0.09157966077327728,0.46141499280929565,0.6850722432136536,-0.09243227541446686,0.3759530186653137,0.6078084111213684,-0.048419661819934845,0.4329676330089569,0.6256691217422485,-0.08806467801332474,0.444816529750824,0.6845102906227112,-0.08070285618305206,0.4335438907146454,0.702967643737793,-0.06906066834926605,0.3488728404045105,0.6572441458702087,-0.06143289431929588,0.4002385437488556,0.6716938614845276,-0.08678197115659714,0.41885507106781006,0.7097218632698059,-0.07926886528730392,0.41417792439460754,0.7200645804405212,-0.06797345727682114,accelerate
0.4569332003593445,0.8331717252731323,2.908612906082908e-08,0.5088174343109131,0.7693161964416504,-0.021681807935237885,0.5327649712562561,0.69105064868927,-0.04327569901943207,0.5286605954170227,0.628963828086853,-0.0673968568444252,0.5007467269897461,0.5790133476257324,-0.09121882915496826,0.47893813252449036,0.5529460906982422,-0.031896110624074936,0.4982795715332031,0.45920270681381226,-0.06592587381601334,0.5074829459190369,0.3894394040107727,-0.0883193165063858,0.5099426507949829,0.3297344148159027,-0.1042194813489914,0.4276929795742035,0.5619081854820251,-0.04111935943365097,0.4796602427959442,0.564723014831543,-0.08611445873975754,0.494636207818985,0.6396183371543884,-0.09736853092908859,0.4838235080242157,0.6756876707077026,-0.09828495234251022,0.39165493845939636,0.6001167893409729,-0.05301634594798088,0.4537324011325836,0.6154890060424805,-0.09521439671516418,0.46819886565208435,0.6775977611541748,-0.08644522726535797,0.45671865344047546,0.7000179290771484,-0.07353564351797104,0.366273432970047,0.6531838774681091,-0.06754884123802185,0.42352843284606934,0.6671856641769409,-0.09582506865262985,0.44388046860694885,0.7076762318611145,-0.08851446211338043,0.4380851984024048,0.7210267782211304,-0.07725256681442261,accelerate
0.4534045457839966,0.8509485721588135,4.5391086445079054e-08,0.5101033449172974,0.7866600751876831,-0.024504471570253372,0.536388099193573,0.7129464745521545,-0.04947515204548836,0.5300633311271667,0.6538616418838501,-0.07641870528459549,0.5031500458717346,0.6079766750335693,-0.10261519998311996,0.4826296865940094,0.5645130276679993,-0.03844726085662842,0.4996725022792816,0.4675874710083008,-0.07303963601589203,0.5073884725570679,0.3969767689704895,-0.09513654559850693,0.5077863931655884,0.3368414044380188,-0.11114530265331268,0.4284799098968506,0.5732206106185913,-0.04713885113596916,0.4817497134208679,0.5763486623764038,-0.09245405346155167,0.49411678314208984,0.6504899859428406,-0.10291885584592819,0.4789024889469147,0.6825611591339111,-0.10368584841489792,0.3916870355606079,0.611439049243927,-0.058381978422403336,0.45756813883781433,0.6326506733894348,-0.10009545832872391,0.4671652317047119,0.6935763359069824,-0.09140463173389435,0.45000022649765015,0.7101078033447266,-0.07921602576971054,0.36588263511657715,0.6642388105392456,-0.07253571599721909,0.42599785327911377,0.6852191090583801,-0.09992802888154984,0.4401734471321106,0.7256156206130981,-0.09281639009714127,0.42725670337677,0.7343259453773499,-0.08226027339696884,accelerate
0.45231592655181885,0.845272958278656,2.7098396415681236e-08,0.5095859169960022,0.7773013710975647,-0.021461229771375656,0.5362960696220398,0.7023138999938965,-0.045009080320596695,0.5309436321258545,0.6427469253540039,-0.07121385633945465,0.5007871389389038,0.6000728011131287,-0.09705686569213867,0.47947150468826294,0.5614023208618164,-0.03835604339838028,0.4968302845954895,0.4616612195968628,-0.07306079566478729,0.5045803785324097,0.3922257125377655,-0.09560412913560867,0.5051156282424927,0.33165067434310913,-0.11190973222255707,0.42464911937713623,0.569022536277771,-0.04832496866583824,0.480646550655365,0.5796612501144409,-0.09307122975587845,0.4925919771194458,0.6517800092697144,-0.10432101786136627,0.4776820242404938,0.6848993301391602,-0.10623551905155182,0.38750094175338745,0.6081154346466064,-0.060348935425281525,0.45508265495300293,0.6336812376976013,-0.1002485603094101,0.4645690321922302,0.6917923092842102,-0.09195497632026672,0.4489976763725281,0.7090392112731934,-0.08082424849271774,0.36190229654312134,0.6618772745132446,-0.0751226618885994,0.424099862575531,0.6872960925102234,-0.10053856670856476,0.43930718302726746,0.7253824472427368,-0.09316695481538773,0.42896756529808044,0.7343366742134094,-0.08280287683010101,accelerate
0.4521162807941437,0.8438053131103516,3.672655779496381e-08,0.5124317407608032,0.780868411064148,-0.025279711931943893,0.5398056507110596,0.7046874761581421,-0.05008568614721298,0.5312845706939697,0.6440327763557434,-0.07658443599939346,0.49984312057495117,0.5995206832885742,-0.10241499543190002,0.4831051826477051,0.5600016713142395,-0.04018894210457802,0.49904096126556396,0.4613359570503235,-0.07523252815008163,0.5055809020996094,0.39183545112609863,-0.0977996364235878,0.504884660243988,0.3311423063278198,-0.1142469197511673,0.4281877279281616,0.5677746534347534,-0.04856359586119652,0.4811972677707672,0.5773125886917114,-0.09462368488311768,0.49390339851379395,0.6505955457687378,-0.10608980804681778,0.47941386699676514,0.6831059455871582,-0.10771961510181427,0.3907943367958069,0.6066442728042603,-0.05939700827002525,0.4563557207584381,0.6297416687011719,-0.10158807039260864,0.4672572910785675,0.6907129287719727,-0.09313029795885086,0.4517022371292114,0.707572340965271,-0.08121436089277267,0.3647533059120178,0.6597684621810913,-0.07311879098415375,0.4257144629955292,0.6800605058670044,-0.10060372203588486,0.440734326839447,0.7207392454147339,-0.09310451149940491,0.4290221929550171,0.7297117710113525,-0.0822875127196312,accelerate
0.45717212557792664,0.8389200568199158,-4.878874193536831e-09,0.5156815052032471,0.7748929858207703,-0.02345132827758789,0.5423032641410828,0.6994323134422302,-0.047421231865882874,0.5344363451004028,0.6365944743156433,-0.07360829412937164,0.5049448013305664,0.5865545868873596,-0.09935752302408218,0.4878869354724884,0.5558435916900635,-0.03931235522031784,0.5045201182365417,0.4573392868041992,-0.07440463453531265,0.5119547247886658,0.3880154490470886,-0.09628886729478836,0.5123251676559448,0.3271549940109253,-0.11190862208604813,0.4327412247657776,0.5610299706459045,-0.048205938190221786,0.48641324043273926,0.5708928108215332,-0.09392164647579193,0.49612414836883545,0.6471247673034668,-0.10450755059719086,0.4791106879711151,0.6772844791412354,-0.1052008718252182,0.3950050473213196,0.5980564951896667,-0.059305340051651,0.4597165286540985,0.6249905824661255,-0.10217800736427307,0.46828168630599976,0.6875138878822327,-0.09376300126314163,0.45082274079322815,0.7020025253295898,-0.08133053779602051,0.3679730296134949,0.649516224861145,-0.07295046001672745,0.4267069697380066,0.6741747856140137,-0.10100635886192322,0.44057726860046387,0.7150487899780273,-0.0935305655002594,0.42700666189193726,0.722161591053009,-0.08222696185112,accelerate
0.45297664403915405,0.8457858562469482,3.975640083808685e-08,0.5135937333106995,0.7807754278182983,-0.025641774758696556,0.5409671664237976,0.7058973908424377,-0.050529152154922485,0.5336633920669556,0.6449325084686279,-0.07708389312028885,0.5042214393615723,0.6006069779396057,-0.10277072340250015,0.4891144037246704,0.5589375495910645,-0.04104851558804512,0.5059253573417664,0.4594491124153137,-0.07711498439311981,0.5129532814025879,0.3889763057231903,-0.10012087970972061,0.5130268335342407,0.32825061678886414,-0.11670166254043579,0.43246573209762573,0.5650560259819031,-0.04941030591726303,0.48343485593795776,0.5740291476249695,-0.09740541130304337,0.4958818852901459,0.6479935050010681,-0.10917054116725922,0.4824258089065552,0.6827164888381958,-0.11042453348636627,0.3928076922893524,0.6031433939933777,-0.060339685529470444,0.45709800720214844,0.630689263343811,-0.10338751971721649,0.46644681692123413,0.6910538077354431,-0.09544281661510468,0.45058420300483704,0.7086168527603149,-0.08345694094896317,0.3645477294921875,0.6565819978713989,-0.0742923766374588,0.4243329167366028,0.6842946410179138,-0.10174718499183655,0.43879634141921997,0.7231783866882324,-0.09522653371095657,0.42696067690849304,0.7305597066879272,-0.08497557789087296,accelerate
0.4365611672401428,0.8474021553993225,5.692019300340689e-09,0.4875476360321045,0.7858705520629883,-0.018504595384001732,0.5151528120040894,0.7082819938659668,-0.03801088035106659,0.509750485420227,0.6492729187011719,-0.06026696413755417,0.4816025495529175,0.6067607998847961,-0.08195054531097412,0.4640651047229767,0.5700172781944275,-0.03187650814652443,0.4818299412727356,0.4663947522640228,-0.06187431514263153,0.4903469383716583,0.39853695034980774,-0.08060161769390106,0.49121353030204773,0.33988016843795776,-0.09440642595291138,0.41099056601524353,0.5765407681465149,-0.041340749710798264,0.4608789384365082,0.5814034342765808,-0.08108120411634445,0.47208645939826965,0.6518605947494507,-0.09044916927814484,0.45734119415283203,0.6831503510475159,-0.09178634732961655,0.37374347448349,0.6128389239311218,-0.052586767822504044,0.432633638381958,0.6307539939880371,-0.08934515714645386,0.44422397017478943,0.6889562010765076,-0.0804535299539566,0.43080073595046997,0.7060413956642151,-0.06925058364868164,0.34614548087120056,0.6630469560623169,-0.06611520797014236,0.39911311864852905,0.681351363658905,-0.08906681835651398,0.417211651802063,0.7178928852081299,-0.08025244623422623,0.4107017517089844,0.7268101572990417,-0.0691465213894844,accelerate
0.3973737359046936,0.8473470211029053,2.1742428302218286e-08,0.4469107389450073,0.7854902148246765,-0.01704190857708454,0.47605380415916443,0.708143949508667,-0.03307836130261421,0.47315850853919983,0.6492232084274292,-0.052022289484739304,0.4417167901992798,0.6155487895011902,-0.07119384407997131,0.42644789814949036,0.5765636563301086,-0.027305088937282562,0.4440873861312866,0.4726005494594574,-0.05410013347864151,0.4524507522583008,0.40336158871650696,-0.07325521856546402,0.45568615198135376,0.34413275122642517,-0.08718433976173401,0.37685292959213257,0.5815644860267639,-0.03500517085194588,0.4206008315086365,0.5947616100311279,-0.07265765219926834,0.4281902015209198,0.6562744975090027,-0.08574330061674118,0.4185654819011688,0.6901015639305115,-0.08979210257530212,0.33941739797592163,0.6158420443534851,-0.04392874985933304,0.3884885013103485,0.634623646736145,-0.07647347450256348,0.3982071876525879,0.6855822205543518,-0.07076628506183624,0.3916432857513428,0.7083072066307068,-0.061819132417440414,0.31022214889526367,0.6624783277511597,-0.05526457726955414,0.35407277941703796,0.6764031052589417,-0.07500947266817093,0.37031760811805725,0.7075098156929016,-0.06766650080680847,0.370055228471756,0.7210147380828857,-0.05737561360001564,accelerate
0.34094125032424927,0.8410952687263489,4.877303894090801e-08,0.38529708981513977,0.783357560634613,-0.021025963127613068,0.4046652913093567,0.7045363187789917,-0.036858052015304565,0.38897404074668884,0.6481509804725647,-0.053969841450452805,0.3534959554672241,0.6156027913093567,-0.07073938101530075,0.3627302944660187,0.590410053730011,-0.029838766902685165,0.37555810809135437,0.4839897155761719,-0.05846080929040909,0.38239508867263794,0.41840842366218567,-0.07607737928628922,0.38092970848083496,0.36169007420539856,-0.0882861316204071,0.3167881369590759,0.6013342142105103,-0.03591955453157425,0.3406299352645874,0.5793582797050476,-0.07874413579702377,0.35452207922935486,0.6450162529945374,-0.09100953489542007,0.3499992787837982,0.6843278408050537,-0.09136582911014557,0.28052958846092224,0.6330927610397339,-0.04365868121385574,0.3123350739479065,0.6290016770362854,-0.08382410556077957,0.33296844363212585,0.6871574521064758,-0.07707125693559647,0.33229169249534607,0.7147316932678223,-0.063835009932518,0.25193366408348083,0.6762537360191345,-0.0531933568418026,0.28208816051483154,0.6742803454399109,-0.07835408300161362,0.30212050676345825,0.7095867991447449,-0.0696907639503479,0.30296623706817627,0.7243496775627136,-0.056888461112976074,accelerate
0.3210686445236206,0.8367410898208618,4.046077251018687e-08,0.3605317771434784,0.7775894403457642,-0.021421896293759346,0.3790126144886017,0.6969791054725647,-0.03635820001363754,0.36135080456733704,0.6400614976882935,-0.05244552716612816,0.3267621099948883,0.6048488020896912,-0.06780122220516205,0.3392903208732605,0.5850191712379456,-0.02461875230073929,0.34877079725265503,0.4791831076145172,-0.04999419301748276,0.35489386320114136,0.415993332862854,-0.0640701875090599,0.3520432114601135,0.36119580268859863,-0.07419943809509277,0.29392898082733154,0.5984649062156677,-0.02991233952343464,0.3164530396461487,0.5769637823104858,-0.06866125762462616,0.3301328420639038,0.6465762853622437,-0.07796862721443176,0.3215201795101166,0.6756616830825806,-0.07685974985361099,0.25913238525390625,0.6300663352012634,-0.037308212369680405,0.29003003239631653,0.6274415850639343,-0.07802891731262207,0.30841732025146484,0.6917284727096558,-0.070824034512043,0.30069512128829956,0.709770679473877,-0.05717464163899422,0.23016580939292908,0.6713815927505493,-0.046198684722185135,0.26029783487319946,0.6695519685745239,-0.07248859852552414,0.2803855240345001,0.708223819732666,-0.06324930489063263,0.27651694416999817,0.7178986668586731,-0.049954596906900406,accelerate
0.3101691007614136,0.8463225364685059,-1.4044478913177727e-09,0.34634944796562195,0.7865412831306458,-0.023394647985696793,0.3601245582103729,0.7077137231826782,-0.03964362293481827,0.33929944038391113,0.6535122394561768,-0.056919634342193604,0.3057878017425537,0.6135064959526062,-0.07289089262485504,0.32488805055618286,0.5848191976547241,-0.023206794634461403,0.3312855660915375,0.48413509130477905,-0.04913315549492836,0.33465084433555603,0.42166876792907715,-0.06361740827560425,0.3308488428592682,0.3679029941558838,-0.07401470839977264,0.2789309322834015,0.6006867289543152,-0.027861151844263077,0.29911574721336365,0.5854896903038025,-0.06778589636087418,0.3146551847457886,0.6609959006309509,-0.07719902694225311,0.30831000208854675,0.6923542022705078,-0.07541397213935852,0.24372266232967377,0.635995626449585,-0.03513624146580696,0.2720172107219696,0.6359325051307678,-0.07805976271629333,0.2941334843635559,0.7034143209457397,-0.07092112302780151,0.28925997018814087,0.7229207754135132,-0.05638449639081955,0.21386082470417023,0.6816664934158325,-0.04402640834450722,0.24121764302253723,0.6816443800926208,-0.07263880223035812,0.2633136212825775,0.7220969200134277,-0.06422420591115952,0.26112863421440125,0.7309704422950745,-0.05088076367974281,accelerate
0.3099914491176605,0.8465315699577332,-1.172497210433221e-08,0.3463461995124817,0.7847424149513245,-0.022535765543580055,0.35991379618644714,0.7064758539199829,-0.039207566529512405,0.34013351798057556,0.6541850566864014,-0.057327184826135635,0.3071828782558441,0.6141664385795593,-0.07429362088441849,0.32547274231910706,0.5841053128242493,-0.023395391181111336,0.3312128186225891,0.4820438325405121,-0.05015832185745239,0.3348633348941803,0.41887548565864563,-0.06520996242761612,0.33148616552352905,0.36532554030418396,-0.07573146373033524,0.2796853184700012,0.6018916368484497,-0.028930408880114555,0.3003808856010437,0.5864855647087097,-0.07084581255912781,0.31506186723709106,0.6627721190452576,-0.08107682317495346,0.307480126619339,0.6948065161705017,-0.07921414822340012,0.24441102147102356,0.6374146342277527,-0.03700362890958786,0.27263906598091125,0.6384850144386292,-0.08104373514652252,0.29462388157844543,0.7058889269828796,-0.0741460844874382,0.28892144560813904,0.724663496017456,-0.05936189368367195,0.21474948525428772,0.6823010444641113,-0.046578548848629,0.24177831411361694,0.6814680695533752,-0.07511654496192932,0.26422762870788574,0.7225945591926575,-0.06599526852369308,0.26182591915130615,0.731680154800415,-0.05201762542128563,accelerate
0.32304754853248596,0.8937568664550781,-6.221458193067519e-07,0.3783750534057617,0.8118346333503723,-0.011874232441186905,0.4133314788341522,0.7292566895484924,-0.02315337024629116,0.43394735455513,0.6619590520858765,-0.039114341139793396,0.42624202370643616,0.6032998561859131,-0.050666943192481995,0.3372384309768677,0.6407530903816223,0.0016463152132928371,0.3818323016166687,0.6134762167930603,-0.031734853982925415,0.38864797353744507,0.6805579662322998,-0.05125606060028076,0.37379026412963867,0.7112348079681396,-0.060877710580825806,0.30322691798210144,0.6500378251075745,-0.0075231571681797504,0.3615013659000397,0.6417081356048584,-0.03882733732461929,0.3696199655532837,0.7154475450515747,-0.04812595620751381,0.35310468077659607,0.7360070943832397,-0.04988884925842285,0.2737060487270355,0.6720104217529297,-0.021526049822568893,0.3375147581100464,0.6652001142501831,-0.05378037691116333,0.3471880853176117,0.7374212741851807,-0.04752533510327339,0.33116522431373596,0.7609909176826477,-0.03695019334554672,0.24844609200954437,0.7032277584075928,-0.03725135326385498,0.30891934037208557,0.6973913908004761,-0.05405677109956741,0.32148778438568115,0.7483335137367249,-0.044813502579927444,0.3091173768043518,0.7688866257667542,-0.033755991607904434,accelerate
0.32152727246284485,0.9012588858604431,-4.2828773416658805e-07,0.3721039593219757,0.841148853302002,-0.010122986510396004,0.3997962176799774,0.7468910813331604,-0.013559075072407722,0.4095640182495117,0.6740921139717102,-0.01876220479607582,0.4040306508541107,0.6170344352722168,-0.019289212301373482,0.34039023518562317,0.6854122877120972,0.008135334588587284,0.38455626368522644,0.6672379970550537,-0.017723551020026207,0.38363268971443176,0.7311910390853882,-0.031738169491291046,0.3629571199417114,0.7491998076438904,-0.03905375674366951,0.30854877829551697,0.6893594861030579,0.0020510628819465637,0.35816285014152527,0.6843677759170532,-0.02393452264368534,0.36088570952415466,0.754309892654419,-0.029416384175419807,0.3406975269317627,0.7635506391525269,-0.02860979363322258,0.28101420402526855,0.706028938293457,-0.009047591127455235,0.3330838680267334,0.6994046568870544,-0.03787645325064659,0.34107884764671326,0.7670501470565796,-0.031097490340471268,0.32223227620124817,0.7798953652381897,-0.02079114317893982,0.2576599717140198,0.7309996485710144,-0.021283192560076714,0.31053251028060913,0.7269158959388733,-0.0391015000641346,0.3190566897392273,0.7747619152069092,-0.03310207650065422,0.3014551103115082,0.7870055437088013,-0.02453390136361122,accelerate
0.3247586190700531,0.8987314105033875,-3.62295168088167e-07,0.37085044384002686,0.8424739241600037,-0.01206623762845993,0.3941287696361542,0.7460078001022339,-0.015245690010488033,0.40068966150283813,0.6764792203903198,-0.018832024186849594,0.3936380445957184,0.6236191987991333,-0.016783760860562325,0.33216312527656555,0.6834779381752014,0.004721281584352255,0.3823196291923523,0.6713093519210815,-0.0187748521566391,0.38007262349128723,0.734722912311554,-0.030383819714188576,0.35739943385124207,0.7433079481124878,-0.03721770644187927,0.3033733367919922,0.6870783567428589,5.753694858867675e-05,0.3599437177181244,0.6866888999938965,-0.024296976625919342,0.3620011508464813,0.7558991312980652,-0.027297990396618843,0.342706561088562,0.7582383751869202,-0.025528425350785255,0.27885469794273376,0.7053964138031006,-0.009470687247812748,0.3366192579269409,0.7058755159378052,-0.03676072508096695,0.34293580055236816,0.7721625566482544,-0.02876116894185543,0.3233458697795868,0.7797219157218933,-0.018520034849643707,0.2593381404876709,0.7312211990356445,-0.02038380689918995,0.3141120970249176,0.7331597805023193,-0.037416890263557434,0.32100802659988403,0.7794397473335266,-0.031799618154764175,0.3019034266471863,0.7890365123748779,-0.024142641574144363,accelerate
0.31890246272087097,0.9232314825057983,-3.6020699667460576e-07,0.3620675802230835,0.8744512796401978,-0.009674405679106712,0.38525331020355225,0.7873052358627319,-0.0131911626085639,0.3922687768936157,0.7224222421646118,-0.018010109663009644,0.3768327236175537,0.6774151921272278,-0.017880234867334366,0.33316919207572937,0.7226216197013855,0.00678893132135272,0.3793657422065735,0.7080972194671631,-0.01983713172376156,0.3776754140853882,0.7648239135742188,-0.034084904938936234,0.35430121421813965,0.7774755954742432,-0.04143376275897026,0.3053625226020813,0.7237884998321533,0.0009405749151483178,0.35559892654418945,0.7199625968933105,-0.02552153170108795,0.35780516266822815,0.7846947312355042,-0.029337113723158836,0.33877822756767273,0.7910183668136597,-0.027201242744922638,0.2815779447555542,0.7384214997291565,-0.010050281882286072,0.3356887996196747,0.7393344640731812,-0.03859265521168709,0.34114378690719604,0.8024653792381287,-0.03197399526834488,0.3222568929195404,0.8116388916969299,-0.02201084978878498,0.2634015679359436,0.761919379234314,-0.022328060120344162,0.3155313730239868,0.7721792459487915,-0.040205296128988266,0.31882572174072266,0.8159911632537842,-0.03688821569085121,0.29919010400772095,0.8232430219650269,-0.030802393332123756,accelerate
0.3149462938308716,0.9230871200561523,-3.6256793123357056e-07,0.35938942432403564,0.8767727613449097,-0.009961160831153393,0.37897542119026184,0.7905241847038269,-0.012896053493022919,0.3829686939716339,0.7255977392196655,-0.017278440296649933,0.3683808445930481,0.6767076253890991,-0.01636725477874279,0.3339289128780365,0.7251375913619995,0.009486459195613861,0.3793635666370392,0.7063372731208801,-0.01794070564210415,0.3775053024291992,0.764339804649353,-0.0320710763335228,0.35495808720588684,0.77947598695755,-0.03908934071660042,0.30708619952201843,0.7242176532745361,0.0037807002663612366,0.3573971092700958,0.7150189280509949,-0.023053010925650597,0.3586326539516449,0.7811224460601807,-0.026561271399259567,0.33922016620635986,0.788693368434906,-0.024001173675060272,0.28282681107521057,0.7366613149642944,-0.0074979220516979694,0.33678483963012695,0.7345746159553528,-0.03668586164712906,0.34024447202682495,0.8004225492477417,-0.02938769944012165,0.3199649155139923,0.8108142614364624,-0.018792442977428436,0.2632974088191986,0.7579386234283447,-0.02014629915356636,0.3149130046367645,0.7702354192733765,-0.03866322711110115,0.31819161772727966,0.8153873682022095,-0.03526381030678749,0.298240602016449,0.8230559229850769,-0.029003677889704704,accelerate
0.1665172427892685,0.8989768624305725,1.0725912602538301e-07,0.20475751161575317,0.8625960350036621,-0.018916184082627296,0.24062252044677734,0.7861695885658264,-0.03854530304670334,0.27111613750457764,0.726707935333252,-0.05981355905532837,0.2990460991859436,0.6797543168067932,-0.08121490478515625,0.19356375932693481,0.6529162526130676,-0.037165846675634384,0.1936774104833603,0.5543644428253174,-0.07183336466550827,0.19436103105545044,0.48087409138679504,-0.09386510401964188,0.1915750950574875,0.41704076528549194,-0.10925060510635376,0.14961618185043335,0.6528238654136658,-0.045014288276433945,0.19988784193992615,0.6580783724784851,-0.0892123281955719,0.2175549417734146,0.7299274802207947,-0.09755640476942062,0.21065199375152588,0.7673361301422119,-0.09589838981628418,0.1139259785413742,0.6844463348388672,-0.05495980381965637,0.17300765216350555,0.7185195684432983,-0.09888344258069992,0.18616336584091187,0.7825398445129395,-0.09102864563465118,0.1765161007642746,0.8074849247932434,-0.077498659491539,0.08637282252311707,0.7335051894187927,-0.06663805991411209,0.143352672457695,0.7652186155319214,-0.09577054530382156,0.16015011072158813,0.8153099417686462,-0.08875484764575958,0.15230761468410492,0.8337409496307373,-0.07749953866004944,accelerate
0.14076705276966095,0.914142906665802,2.3239968172106273e-08,0.1950596272945404,0.8563159704208374,-0.021741725504398346,0.22964325547218323,0.7799161076545715,-0.04300867021083832,0.2548494338989258,0.7174502015113831,-0.06671185046434402,0.2728710472583771,0.6578750610351562,-0.08805590867996216,0.19712698459625244,0.6246292591094971,-0.03683428838849068,0.2065320461988449,0.5098471641540527,-0.07171863317489624,0.2092139720916748,0.43315935134887695,-0.09133661538362503,0.2045450061559677,0.37160998582839966,-0.10443605482578278,0.14705200493335724,0.6234180331230164,-0.045981794595718384,0.19644217193126678,0.6278058886528015,-0.09645490348339081,0.21655581891536713,0.6911476254463196,-0.10893278568983078,0.21696969866752625,0.7287759184837341,-0.10757569968700409,0.1082867681980133,0.6523696780204773,-0.05714890733361244,0.16611923277378082,0.7073850035667419,-0.1008065715432167,0.17765280604362488,0.7649102210998535,-0.0930725708603859,0.17259229719638824,0.7859922647476196,-0.07824084162712097,0.07932119816541672,0.6971460580825806,-0.07146837562322617,0.130619078874588,0.7481019496917725,-0.09867029637098312,0.14832496643066406,0.7854615449905396,-0.09244371950626373,0.14789628982543945,0.7932413220405579,-0.07995759695768356,accelerate
0.1445392519235611,0.9961584806442261,-4.6623238603160644e-08,0.2024698108434677,0.9364897012710571,-0.0166727676987648,0.24278013408184052,0.8469232320785522,-0.03066895715892315,0.2623041272163391,0.7724491953849792,-0.04860849305987358,0.261445015668869,0.7054411768913269,-0.06424961984157562,0.18494772911071777,0.6923261284828186,-0.021743960678577423,0.19172552227973938,0.5887677073478699,-0.052629269659519196,0.1982453614473343,0.5314288139343262,-0.07124093919992447,0.2039211094379425,0.4849036931991577,-0.08232945203781128,0.13964621722698212,0.6922464966773987,-0.032458461821079254,0.17766161262989044,0.665642499923706,-0.07436847686767578,0.20062217116355896,0.7115629315376282,-0.08743021637201309,0.20945821702480316,0.7489208579063416,-0.0872514545917511,0.1014474481344223,0.7198156118392944,-0.04556679353117943,0.15942370891571045,0.7412269115447998,-0.08639246970415115,0.17876611649990082,0.8054458498954773,-0.08263955265283585,0.18122395873069763,0.844478189945221,-0.06958712637424469,0.07241939008235931,0.7670398950576782,-0.061011902987957,0.1257413923740387,0.7928974628448486,-0.08600887656211853,0.14764449000358582,0.8336719274520874,-0.08069838583469391,0.15347735583782196,0.8582165241241455,-0.06908950209617615,accelerate
0.5735586285591125,1.0046311616897583,-3.6190094476751256e-08,0.5323662161827087,0.9822218418121338,-0.01059460174292326,0.5014384388923645,0.9342079758644104,-0.022868562489748,0.49273765087127686,0.8849961757659912,-0.037014350295066833,0.5047018527984619,0.8429555892944336,-0.054110072553157806,0.5263785123825073,0.8454368710517883,-0.028918925672769547,0.5333183407783508,0.7524909377098083,-0.05128586292266846,0.5303812026977539,0.6888619661331177,-0.0668121874332428,0.5269910097122192,0.6416620016098022,-0.07851221412420273,0.5631338357925415,0.8427936434745789,-0.03717445954680443,0.5415439605712891,0.8782322406768799,-0.06913214921951294,0.5317419171333313,0.9395185112953186,-0.07584071904420853,0.5316776037216187,0.9848021268844604,-0.07490746676921844,0.5967663526535034,0.8691468238830566,-0.04584837704896927,0.5702951550483704,0.9208402037620544,-0.07358581572771072,0.5633804798126221,0.9734816551208496,-0.06583203375339508,0.5626533031463623,1.0104649066925049,-0.054719358682632446,0.6267802715301514,0.9051419496536255,-0.05545686557888985,0.6052824854850769,0.9451464414596558,-0.07943137735128403,0.594272792339325,0.9876350164413452,-0.07337518036365509,0.5891823768615723,1.0152032375335693,-0.06203801557421684,accelerate
0.5333506464958191,1.0001541376113892,-2.854441447652789e-07,0.49307507276535034,0.9500554203987122,-0.01786656305193901,0.46942466497421265,0.8742244243621826,-0.03451981768012047,0.4698999226093292,0.8091488480567932,-0.05409717187285423,0.49305763840675354,0.7631264328956604,-0.0721454918384552,0.5220621824264526,0.7662595510482788,-0.013618695549666882,0.518264889717102,0.66984623670578,-0.0421239472925663,0.5173388123512268,0.6078299283981323,-0.05628254637122154,0.5194135308265686,0.5583043098449707,-0.06608254462480545,0.5627334713935852,0.7749210000038147,-0.02125847525894642,0.5132928490638733,0.7696155309677124,-0.06289466470479965,0.501041054725647,0.8390856385231018,-0.06635202467441559,0.5149698853492737,0.8643456101417542,-0.058789920061826706,0.5940384864807129,0.8019536733627319,-0.033141132444143295,0.5348604321479797,0.8195419907569885,-0.06975692510604858,0.5258796811103821,0.8816837668418884,-0.053190480917692184,0.5425838828086853,0.8932841420173645,-0.03359276428818703,0.6175509691238403,0.8413612842559814,-0.048127222806215286,0.5603912472724915,0.8569257855415344,-0.06981571763753891,0.5531325340270996,0.9042003154754639,-0.05788553133606911,0.570289671421051,0.9147931933403015,-0.042798809707164764,accelerate
0.5521019697189331,0.9946398735046387,-2.9571430104624596e-07,0.507368266582489,0.9511170387268066,-0.02221229486167431,0.48076269030570984,0.8763003349304199,-0.04122278839349747,0.4805606007575989,0.8158189058303833,-0.06255849450826645,0.5059528946876526,0.7725525498390198,-0.08199525624513626,0.5301047563552856,0.7438855171203613,-0.026757441461086273,0.5280193090438843,0.636387825012207,-0.060638073831796646,0.5307691693305969,0.5692155957221985,-0.07950365543365479,0.5362829566001892,0.5139198303222656,-0.09277074784040451,0.5767345428466797,0.7475790977478027,-0.03412624076008797,0.5268390774726868,0.7732633352279663,-0.08173245936632156,0.5142106413841248,0.8429707884788513,-0.08833533525466919,0.5262114405632019,0.8626043796539307,-0.08278315514326096,0.6112204194068909,0.7799738645553589,-0.0454329289495945,0.5525892972946167,0.8261324167251587,-0.08341627568006516,0.5421174168586731,0.8849749565124512,-0.06652762740850449,0.5575875639915466,0.8875746726989746,-0.04719945788383484,0.6365479826927185,0.8247714638710022,-0.06081390380859375,0.5827544927597046,0.8699057102203369,-0.08274573087692261,0.5744825601577759,0.9130064845085144,-0.07093725353479385,0.5914037227630615,0.9133793115615845,-0.055610474199056625,accelerate
0.555488646030426,0.997013509273529,-2.9800855827488704e-07,0.5102986693382263,0.9534273743629456,-0.024004613980650902,0.48368293046951294,0.8777036070823669,-0.043151650577783585,0.4857281446456909,0.8154942989349365,-0.0639929324388504,0.5122171640396118,0.769564151763916,-0.08262760937213898,0.5286943316459656,0.7417105436325073,-0.028444670140743256,0.526808500289917,0.6318030953407288,-0.06375081092119217,0.5304675102233887,0.5651066303253174,-0.08365470916032791,0.5376339554786682,0.5084743499755859,-0.09757078438997269,0.5765320658683777,0.7452969551086426,-0.03467463701963425,0.5321862101554871,0.7708927989006042,-0.08476711064577103,0.5204153060913086,0.8429600596427917,-0.09236110001802444,0.5304950475692749,0.8646837472915649,-0.08695223927497864,0.6118608117103577,0.776256263256073,-0.04501707851886749,0.5562678575515747,0.825061023235321,-0.08465547859668732,0.5462371706962585,0.8855758905410767,-0.06797445565462112,0.5601851344108582,0.8883326053619385,-0.04819297417998314,0.6375214457511902,0.8184349536895752,-0.05954872816801071,0.5845703482627869,0.865533709526062,-0.0821170061826706,0.576390266418457,0.9090022444725037,-0.07059723883867264,0.5915834903717041,0.9074200987815857,-0.055208586156368256,accelerate
0.5517305731773376,1.010038137435913,-6.13324345977162e-07,0.5039088129997253,0.9516406059265137,-0.015379805117845535,0.4674931466579437,0.8693209290504456,-0.030307721346616745,0.44320744276046753,0.8065038323402405,-0.04982136934995651,0.45327267050743103,0.7513465881347656,-0.06504802405834198,0.5393987894058228,0.7566074132919312,-0.008217735216021538,0.540776789188385,0.6548553705215454,-0.04975173994898796,0.5225861072540283,0.6523402333259583,-0.06731205433607101,0.5091160535812378,0.6758837699890137,-0.07105235010385513,0.5825232267379761,0.7717929482460022,-0.01657593809068203,0.5428256392478943,0.7497506737709045,-0.05877389386296272,0.5228355526924133,0.8232044577598572,-0.06059587746858597,0.5322320461273193,0.8467849493026733,-0.05034090206027031,0.6196001768112183,0.8040682673454285,-0.031703416258096695,0.5680754780769348,0.8161806464195251,-0.07016803324222565,0.5522786974906921,0.8826789855957031,-0.055085860192775726,0.5663240551948547,0.8940073847770691,-0.03451162576675415,0.651045560836792,0.8468868136405945,-0.049246881157159805,0.5998249053955078,0.8583031296730042,-0.06712278723716736,0.5827654004096985,0.9062578082084656,-0.05326051637530327,0.5952270030975342,0.9175858497619629,-0.036219049245119095,accelerate
0.14107166230678558,0.9749463796615601,1.8029896864391048e-07,0.19658949971199036,0.9370527863502502,-0.010130600072443485,0.2307928502559662,0.8522020578384399,-0.016033314168453217,0.2508891522884369,0.7723025679588318,-0.02153772860765457,0.27412205934524536,0.7127514481544495,-0.027696266770362854,0.1928849220275879,0.7996381521224976,-0.013785873539745808,0.19477975368499756,0.7091726660728455,-0.025845037773251534,0.19533392786979675,0.6673249006271362,-0.033943112939596176,0.19331739842891693,0.6426914930343628,-0.03899086266756058,0.15157601237297058,0.8030759692192078,-0.015824221074581146,0.1528136283159256,0.7205988764762878,-0.025721538811922073,0.1575746089220047,0.7026053667068481,-0.03038621135056019,0.15957874059677124,0.7019497752189636,-0.03379682078957558,0.11239474266767502,0.8187434673309326,-0.018989678472280502,0.11497163772583008,0.7567171454429626,-0.02855754643678665,0.12196393311023712,0.754168689250946,-0.0250140018761158,0.12878751754760742,0.7617633938789368,-0.022181987762451172,0.0785222053527832,0.8428539037704468,-0.02298017032444477,0.0824216678738594,0.7941014766693115,-0.028405994176864624,0.09212153404951096,0.7945744395256042,-0.022389378398656845,0.10052796453237534,0.8042720556259155,-0.01745006814599037,brake
0.17255891859531403,0.9309793710708618,8.242600983976445e-07,0.2183810919523239,0.8942149877548218,-0.03246162459254265,0.23481371998786926,0.8159335255622864,-0.04367446526885033,0.2095017433166504,0.7570757865905762,-0.053888075053691864,0.18187874555587769,0.7157577872276306,-0.061047911643981934,0.23744294047355652,0.6840280294418335,-0.02010224387049675,0.27138063311576843,0.5870765447616577,-0.044805556535720825,0.2937224805355072,0.5243892073631287,-0.05987449362874031,0.30371150374412537,0.4738776683807373,-0.06652659177780151,0.19378498196601868,0.6789438128471375,-0.022127235308289528,0.19269828498363495,0.5612403750419617,-0.050534773617982864,0.1953405737876892,0.4848082363605499,-0.06871785968542099,0.1910591721534729,0.42008575797080994,-0.07368869334459305,0.1528223156929016,0.7065007090568542,-0.02804028056561947,0.15774203836917877,0.6935358643531799,-0.06968855857849121,0.17658908665180206,0.7451688647270203,-0.07921265065670013,0.18380069732666016,0.7787213325500488,-0.06971783190965652,0.11409567296504974,0.7488563656806946,-0.03615570068359375,0.12605616450309753,0.7390797138214111,-0.06477510184049606,0.1452733874320984,0.7785245180130005,-0.06130244582891464,0.15395277738571167,0.8070235848426819,-0.04831121489405632,brake
0.16577447950839996,0.9689428210258484,7.798634555911121e-07,0.2156500518321991,0.929839015007019,-0.032656602561473846,0.24137578904628754,0.8508335947990417,-0.04636527970433235,0.20700058341026306,0.7915095090866089,-0.05971425399184227,0.16346034407615662,0.7485440373420715,-0.06995810568332672,0.24610501527786255,0.7020930647850037,-0.020993003621697426,0.28006768226623535,0.5969660878181458,-0.04664379730820656,0.299860417842865,0.5369473695755005,-0.05997108668088913,0.31136247515678406,0.4846789240837097,-0.06579568237066269,0.19607004523277283,0.6879303455352783,-0.02511659637093544,0.20080263912677765,0.5663410425186157,-0.05589068681001663,0.20733246207237244,0.4911268353462219,-0.07383349537849426,0.20840871334075928,0.4303945302963257,-0.07862313091754913,0.14950400590896606,0.7083036303520203,-0.03356805443763733,0.1643630713224411,0.7062537670135498,-0.07939688861370087,0.1781999170780182,0.7670633792877197,-0.09278969466686249,0.17968052625656128,0.8073159456253052,-0.0856354683637619,0.11018779873847961,0.7464711666107178,-0.04445106163620949,0.13573844730854034,0.7753368616104126,-0.07930003106594086,0.15424494445323944,0.8259913921356201,-0.0837806984782219,0.16109077632427216,0.8586214780807495,-0.07605348527431488,brake
0.16459858417510986,0.9688580632209778,8.769532655605872e-07,0.2132662981748581,0.927314817905426,-0.03901419788599014,0.2320871502161026,0.8507577776908875,-0.056461580097675323,0.18530026078224182,0.7948294281959534,-0.07273305952548981,0.13999435305595398,0.7520306706428528,-0.08522854745388031,0.23316505551338196,0.6960591077804565,-0.026646612212061882,0.2647165358066559,0.584848940372467,-0.05606551095843315,0.28464579582214355,0.5200361013412476,-0.0712021142244339,0.29588472843170166,0.46628403663635254,-0.07728838175535202,0.18276390433311462,0.6854000687599182,-0.028091752901673317,0.1763240545988083,0.5569049119949341,-0.06288252025842667,0.17489981651306152,0.4758653938770294,-0.08232136070728302,0.17025154829025269,0.4127552807331085,-0.08679331839084625,0.13826201856136322,0.7089221477508545,-0.03453344479203224,0.142650306224823,0.7110926508903503,-0.08285552263259888,0.1588296741247177,0.7726359963417053,-0.09569982439279556,0.16389882564544678,0.8138656616210938,-0.08644735813140869,0.10159173607826233,0.7481831908226013,-0.0440070666372776,0.11930882930755615,0.7725892663002014,-0.07699798047542572,0.13877353072166443,0.8212045431137085,-0.07896342873573303,0.14750301837921143,0.8529289364814758,-0.06883852928876877,brake
0.1668349951505661,0.9467857480049133,8.304511993628694e-07,0.21710675954818726,0.9027689695358276,-0.03790465369820595,0.23228904604911804,0.823939859867096,-0.0528424046933651,0.1846512407064438,0.7701699733734131,-0.06692088395357132,0.14261876046657562,0.7249470949172974,-0.07764418423175812,0.23603761196136475,0.6749818325042725,-0.021342545747756958,0.26807138323783875,0.5628491640090942,-0.04938742145895958,0.28848668932914734,0.4955592155456543,-0.06437934190034866,0.3002919554710388,0.44027793407440186,-0.07038188725709915,0.1875615417957306,0.6688091158866882,-0.022027047351002693,0.17801257967948914,0.5395258665084839,-0.05493435263633728,0.17486876249313354,0.45844560861587524,-0.07405629754066467,0.17068693041801453,0.39427533745765686,-0.07888343930244446,0.1454419493675232,0.6949046850204468,-0.028046634048223495,0.13904507458209991,0.6832295060157776,-0.07513578236103058,0.15254302322864532,0.7418214082717896,-0.08858759701251984,0.15874037146568298,0.7804710865020752,-0.08002180606126785,0.11180814355611801,0.7351198792457581,-0.036757901310920715,0.11901099979877472,0.7431678771972656,-0.06850352883338928,0.13652245700359344,0.7871438264846802,-0.07021257281303406,0.14699918031692505,0.8148526549339294,-0.060397274792194366,brake
0.16699175536632538,0.903977632522583,8.588410196352925e-07,0.2192031890153885,0.8546486496925354,-0.037714794278144836,0.2324344962835312,0.7643946409225464,-0.05219109356403351,0.18208323419094086,0.7036711573600769,-0.0660543218255043,0.13702672719955444,0.6575908064842224,-0.07615777105093002,0.23797115683555603,0.6226620674133301,-0.016635840758681297,0.27161622047424316,0.5149228572845459,-0.043358977884054184,0.2917538285255432,0.44812095165252686,-0.058592539280653,0.30221283435821533,0.3938981592655182,-0.06553603708744049,0.18950074911117554,0.6190424561500549,-0.01819043606519699,0.18307635188102722,0.4906059205532074,-0.050275277346372604,0.18073770403862,0.40953734517097473,-0.06897377222776413,0.1764063984155655,0.3470602035522461,-0.07416854798793793,0.1474573314189911,0.6468099355697632,-0.025394784286618233,0.14127950370311737,0.6215561628341675,-0.07261983305215836,0.15806053578853607,0.681820273399353,-0.08388232439756393,0.16624504327774048,0.7253214120864868,-0.07439195364713669,0.11434096097946167,0.6888970732688904,-0.03554190322756767,0.1206241250038147,0.685761570930481,-0.07011058926582336,0.13907469809055328,0.7345523834228516,-0.0713643804192543,0.14985314011573792,0.7696176767349243,-0.06099896505475044,brake
0.17798082530498505,0.8729920387268066,8.365123562725785e-07,0.22754201292991638,0.8253334760665894,-0.03754885867238045,0.23711928725242615,0.7408034801483154,-0.051676902920007706,0.18718087673187256,0.6840733885765076,-0.06501097232103348,0.14542101323604584,0.6366873979568481,-0.07471803575754166,0.24631772935390472,0.5992119312286377,-0.01742577739059925,0.2783740758895874,0.4895782470703125,-0.043381575495004654,0.29759007692337036,0.42186975479125977,-0.057839520275592804,0.3082495927810669,0.3677015006542206,-0.06380220502614975,0.19943872094154358,0.5947548151016235,-0.018088648095726967,0.19266289472579956,0.46417343616485596,-0.048677682876586914,0.18928027153015137,0.38290733098983765,-0.06648743897676468,0.1854904443025589,0.32153022289276123,-0.0709105134010315,0.1580340564250946,0.6215079426765442,-0.02437560074031353,0.14663876593112946,0.5966997146606445,-0.0707094818353653,0.15731725096702576,0.6551317572593689,-0.082705058157444,0.16327588260173798,0.697218656539917,-0.0732167437672615,0.12403856962919235,0.6621786952018738,-0.03326677531003952,0.12436423450708389,0.6532369256019592,-0.0655561238527298,0.13994024693965912,0.698731005191803,-0.06569956243038177,0.15021352469921112,0.7324378490447998,-0.05457796901464462,brake
0.1949305236339569,0.8345201015472412,8.415862566835131e-07,0.2453974336385727,0.7813822031021118,-0.03593852370977402,0.25231045484542847,0.6958871483802795,-0.04982756823301315,0.20657390356063843,0.6390268802642822,-0.06400751322507858,0.16355879604816437,0.5932556986808777,-0.07479366660118103,0.2589293122291565,0.5543617010116577,-0.013837995007634163,0.28987154364585876,0.44966113567352295,-0.03921814635396004,0.30902349948883057,0.3843848705291748,-0.05405755713582039,0.31965890526771545,0.33158475160598755,-0.061013299971818924,0.21346688270568848,0.5512558817863464,-0.01642496883869171,0.20337989926338196,0.42547643184661865,-0.04796542227268219,0.19987118244171143,0.344990611076355,-0.0674925222992897,0.19605442881584167,0.28408917784690857,-0.0737108513712883,0.17258265614509583,0.5821324586868286,-0.024734031409025192,0.16413410007953644,0.5631884336471558,-0.07258257269859314,0.17730778455734253,0.622810959815979,-0.08572936803102493,0.1837870180606842,0.6639708876609802,-0.07738734781742096,0.13880546391010284,0.6268974542617798,-0.03561549261212349,0.1399286389350891,0.6148898005485535,-0.06911852210760117,0.1578444391489029,0.6590895652770996,-0.07000286877155304,0.16991597414016724,0.6922807693481445,-0.059949614107608795,brake
0.20320329070091248,0.8239196538925171,8.472412673654617e-07,0.25228995084762573,0.7789562344551086,-0.03631794825196266,0.26316744089126587,0.7015022039413452,-0.051960766315460205,0.22325317561626434,0.6446488499641418,-0.06745879352092743,0.1826283186674118,0.5973604321479797,-0.07969564199447632,0.26576095819473267,0.5509592294692993,-0.019689032807946205,0.2976433038711548,0.4443889856338501,-0.04646237939596176,0.31591811776161194,0.37754446268081665,-0.06235702335834503,0.32593655586242676,0.3232959806919098,-0.06962192803621292,0.21861052513122559,0.5444397926330566,-0.022179771214723587,0.20893479883670807,0.41540223360061646,-0.0545375682413578,0.20589497685432434,0.3333350419998169,-0.0746869221329689,0.2028123140335083,0.26892682909965515,-0.08112473040819168,0.1770963817834854,0.5734027624130249,-0.029507534578442574,0.16905620694160461,0.5520608425140381,-0.0780341848731041,0.18130281567573547,0.6136253476142883,-0.09009669721126556,0.1872478425502777,0.6571657657623291,-0.08078378438949585,0.1427331566810608,0.6183404326438904,-0.03920990601181984,0.14431297779083252,0.5997137427330017,-0.07429977506399155,0.16445645689964294,0.6457006931304932,-0.0732342079281807,0.17922288179397583,0.6835943460464478,-0.06084686517715454,brake
0.20912642776966095,0.8218073844909668,8.346894446731312e-07,0.2583059072494507,0.7733544707298279,-0.03497892990708351,0.26739341020584106,0.6908711791038513,-0.049671389162540436,0.2260531783103943,0.6341040730476379,-0.0646139457821846,0.18267947435379028,0.5901116132736206,-0.07642298191785812,0.26866796612739563,0.5489270687103271,-0.018376965075731277,0.29839959740638733,0.4396194815635681,-0.04473404958844185,0.3162614703178406,0.37326592206954956,-0.059928372502326965,0.3260486423969269,0.31890279054641724,-0.06690064817667007,0.2226007878780365,0.5437398552894592,-0.02132696658372879,0.21153496205806732,0.4144805669784546,-0.05367130786180496,0.2072324901819229,0.33290499448776245,-0.07346596568822861,0.2027456909418106,0.269582062959671,-0.07974593341350555,0.18158234655857086,0.5726380944252014,-0.02914148010313511,0.17101843655109406,0.549170970916748,-0.0773032009601593,0.18523819744586945,0.60958331823349,-0.08908206969499588,0.19323095679283142,0.6524792313575745,-0.0797748938202858,0.1475217342376709,0.6166138648986816,-0.0392533577978611,0.14762848615646362,0.5997673869132996,-0.07383742183446884,0.16831156611442566,0.6455230116844177,-0.07316916435956955,0.18334369361400604,0.6818178296089172,-0.06140768155455589,brake
0.2162439227104187,0.8117729425430298,7.895822591308388e-07,0.26398834586143494,0.7645677924156189,-0.03461681678891182,0.272440105676651,0.6886158585548401,-0.05057338997721672,0.23332244157791138,0.6303659677505493,-0.06678175926208496,0.1927984654903412,0.5856233835220337,-0.07999508827924728,0.2733363211154938,0.5459797382354736,-0.020491519942879677,0.30219048261642456,0.43915635347366333,-0.046939220279455185,0.3183581233024597,0.3738826513290405,-0.06290321797132492,0.32724934816360474,0.3195478022098541,-0.07094278186559677,0.22830763459205627,0.5418568253517151,-0.023332394659519196,0.21660207211971283,0.4168141484260559,-0.05533144623041153,0.2113800048828125,0.3379020094871521,-0.0757422223687172,0.20670633018016815,0.2748700678348541,-0.08349766582250595,0.18858268857002258,0.572720468044281,-0.03061005286872387,0.18003787100315094,0.5457078218460083,-0.07767636328935623,0.1917790025472641,0.6023173332214355,-0.08943629264831543,0.19731363654136658,0.6442435383796692,-0.08140414208173752,0.15669359266757965,0.6193637847900391,-0.04015355184674263,0.15681883692741394,0.5957815647125244,-0.07469474524259567,0.17770114541053772,0.6361228823661804,-0.07446271181106567,0.19388140738010406,0.6722739338874817,-0.06360108405351639,brake
0.20420777797698975,0.8011834621429443,7.445451615240017e-07,0.25259163975715637,0.7525040507316589,-0.0353967510163784,0.2598370313644409,0.668860673904419,-0.049356721341609955,0.21834543347358704,0.6053177118301392,-0.06289456784725189,0.17739184200763702,0.5596465468406677,-0.07367603480815887,0.26791906356811523,0.5391300320625305,-0.018405139446258545,0.296309232711792,0.43569108843803406,-0.04339584708213806,0.31355947256088257,0.3715805411338806,-0.05846093222498894,0.3239765763282776,0.3190390169620514,-0.065725177526474,0.2234080284833908,0.5323445200920105,-0.019556328654289246,0.21497181057929993,0.40936827659606934,-0.0504869744181633,0.21177154779434204,0.3314071297645569,-0.0693393349647522,0.20918500423431396,0.2709367275238037,-0.07535141706466675,0.18253766000270844,0.5586590766906738,-0.025464868173003197,0.17179852724075317,0.5261859893798828,-0.07302195578813553,0.18418562412261963,0.5868141055107117,-0.08461730927228928,0.19169998168945312,0.6312260627746582,-0.07538096606731415,0.14820832014083862,0.5998561978340149,-0.03342065215110779,0.1451072096824646,0.5703288912773132,-0.06833516061306,0.1623895764350891,0.6156210899353027,-0.06788713485002518,0.17552311718463898,0.6547135710716248,-0.056324806064367294,brake
0.19065211713314056,0.7922345995903015,7.317372592297033e-07,0.23851001262664795,0.7423019409179688,-0.03326493129134178,0.24583272635936737,0.661249041557312,-0.04625123739242554,0.20286734402179718,0.6022188663482666,-0.059350766241550446,0.16168366372585297,0.5589682459831238,-0.06974723190069199,0.25056880712509155,0.5336487889289856,-0.015454956330358982,0.2785874009132385,0.43070662021636963,-0.039238493889570236,0.2952632009983063,0.3667771816253662,-0.0541529506444931,0.3061273694038391,0.3152158856391907,-0.061611633747816086,0.20650196075439453,0.5289600491523743,-0.017601175233721733,0.19629736244678497,0.4073899984359741,-0.04694885015487671,0.19322694838047028,0.33115267753601074,-0.0658954307436943,0.19186274707317352,0.27266925573349,-0.07272117584943771,0.16749903559684753,0.556108295917511,-0.024368124082684517,0.15471458435058594,0.5221573114395142,-0.07011369615793228,0.16726812720298767,0.5799041390419006,-0.08144592493772507,0.17604687809944153,0.6232395172119141,-0.07301048934459686,0.1349967122077942,0.5974658131599426,-0.03317830339074135,0.12877170741558075,0.5650038123130798,-0.06707199662923813,0.14761146903038025,0.6063302159309387,-0.0665813535451889,0.16404767334461212,0.6441887021064758,-0.055571299046278,brake
0.21175821125507355,0.7765832543373108,7.40191296699777e-07,0.25330251455307007,0.7240236401557922,-0.03405405580997467,0.2575666904449463,0.6429348587989807,-0.04802906885743141,0.21318155527114868,0.5859416127204895,-0.06134533882141113,0.16954055428504944,0.5473684668540955,-0.07137449830770493,0.25735604763031006,0.5221474170684814,-0.018876176327466965,0.2802085280418396,0.4199213683605194,-0.04329349473118782,0.29376521706581116,0.3575217127799988,-0.057726725935935974,0.30085989832878113,0.3070276081562042,-0.06453041732311249,0.2145269513130188,0.5210042595863342,-0.019970258697867393,0.20131543278694153,0.4027174115180969,-0.04890742525458336,0.1957119107246399,0.3291981816291809,-0.06646046787500381,0.19016437232494354,0.27284032106399536,-0.07213723659515381,0.17747552692890167,0.5506691336631775,-0.025587791576981544,0.16791744530200958,0.530836284160614,-0.06770725548267365,0.18429362773895264,0.5841785669326782,-0.07745635509490967,0.19366571307182312,0.6215475797653198,-0.06890912353992462,0.14726093411445618,0.5924911499023438,-0.03362276777625084,0.149312824010849,0.5774769186973572,-0.06210609897971153,0.1688033491373062,0.613933265209198,-0.06055900827050209,0.18214824795722961,0.6421065330505371,-0.050118766725063324,brake
0.22138270735740662,0.7822086811065674,7.22269874131598e-07,0.2653493583202362,0.7316690683364868,-0.033398762345314026,0.2706564962863922,0.6485371589660645,-0.046828560531139374,0.23082584142684937,0.5886416435241699,-0.05990547314286232,0.18970976769924164,0.5456987619400024,-0.07005512714385986,0.27309900522232056,0.5260623693466187,-0.017087021842598915,0.2977234125137329,0.42428022623062134,-0.040976542979478836,0.31223613023757935,0.3620704710483551,-0.05545930564403534,0.3205934762954712,0.3115413188934326,-0.062619648873806,0.22944983839988708,0.5245818495750427,-0.018880825489759445,0.21873341500759125,0.4053491950035095,-0.04816983640193939,0.2170434147119522,0.33156514167785645,-0.06587885320186615,0.2155148983001709,0.27273908257484436,-0.07165538519620895,0.19070684909820557,0.5544281005859375,-0.025192227214574814,0.18436886370182037,0.5208088159561157,-0.0701378583908081,0.2009396255016327,0.5791711807250977,-0.07987825572490692,0.20945686101913452,0.6202681660652161,-0.07060613483190536,0.15906086564064026,0.5979619026184082,-0.03352618217468262,0.16128164529800415,0.5714585185050964,-0.06654106825590134,0.1810407042503357,0.6119810938835144,-0.06542391330003738,0.19359245896339417,0.6451234221458435,-0.0542968288064003,brake
0.2270040065050125,0.7807640433311462,7.111617037480755e-07,0.272508829832077,0.7358580231666565,-0.03553236275911331,0.28124454617500305,0.6568160057067871,-0.050190310925245285,0.24221797287464142,0.5954102873802185,-0.06407247483730316,0.20198339223861694,0.5496827363967896,-0.07566636055707932,0.2841106057167053,0.5293689370155334,-0.02027270570397377,0.3104092478752136,0.42940640449523926,-0.04571940377354622,0.3246445059776306,0.3675435483455658,-0.06133073568344116,0.3339034616947174,0.31569817662239075,-0.06916709989309311,0.24049630761146545,0.5242724418640137,-0.02092284895479679,0.23371873795986176,0.4066232442855835,-0.051491592079401016,0.22945243120193481,0.33290553092956543,-0.0700778141617775,0.22662968933582306,0.2730535864830017,-0.07650500535964966,0.20177416503429413,0.5503813028335571,-0.02604430541396141,0.191927969455719,0.5093330144882202,-0.07270807772874832,0.20219698548316956,0.562541127204895,-0.08414366841316223,0.20837749540805817,0.6020786762237549,-0.07623238116502762,0.17013894021511078,0.5919944643974304,-0.03313824534416199,0.16906851530075073,0.565387487411499,-0.06913294643163681,0.18730583786964417,0.6093847751617432,-0.06970100849866867,0.20080506801605225,0.6462332606315613,-0.05930342525243759,brake
0.2446213960647583,0.7835943102836609,7.226853995234706e-07,0.29101884365081787,0.7418735027313232,-0.0362715981900692,0.30096304416656494,0.6675362586975098,-0.05151791870594025,0.2626231908798218,0.6103313565254211,-0.065729521214962,0.22370047867298126,0.5633956789970398,-0.07730917632579803,0.3017016649246216,0.5358994603157043,-0.022371966391801834,0.3300814628601074,0.43462496995925903,-0.048023249953985214,0.3464708924293518,0.37204599380493164,-0.06368578970432281,0.3571838438510895,0.3199315667152405,-0.07134364545345306,0.2577687203884125,0.5292277932167053,-0.02286074310541153,0.25063446164131165,0.4099334478378296,-0.05181494355201721,0.2480393648147583,0.33733898401260376,-0.06974593549966812,0.2455153912305832,0.27938470244407654,-0.07580432295799255,0.21934717893600464,0.5551708936691284,-0.027923492714762688,0.2109861969947815,0.526029109954834,-0.0730399414896965,0.22120216488838196,0.5813432335853577,-0.08512111753225327,0.2263152152299881,0.6192891597747803,-0.07791027426719666,0.18829190731048584,0.5968533754348755,-0.035199448466300964,0.18726474046707153,0.576356828212738,-0.06929079443216324,0.20436805486679077,0.6179492473602295,-0.07005498558282852,0.2170492708683014,0.6514530777931213,-0.06022962927818298,brake
0.2674770951271057,0.7894913554191589,7.521454676862049e-07,0.3103484809398651,0.7446057796478271,-0.029657630249857903,0.31959664821624756,0.672508180141449,-0.043751757591962814,0.28734636306762695,0.6187205910682678,-0.0578366257250309,0.2508404850959778,0.5763426423072815,-0.06980368494987488,0.3217841386795044,0.5373082160949707,-0.02188711240887642,0.3498890995979309,0.43619728088378906,-0.04763157293200493,0.3667617738246918,0.3747979998588562,-0.06315144151449203,0.37785884737968445,0.3230927586555481,-0.07037589699029922,0.2764202654361725,0.53343665599823,-0.02516394853591919,0.2678118646144867,0.4133421778678894,-0.054197829216718674,0.26542702317237854,0.3387495279312134,-0.0727466344833374,0.26353350281715393,0.27622702717781067,-0.07945335656404495,0.23777110874652863,0.5608763098716736,-0.031817685812711716,0.22633421421051025,0.5314415693283081,-0.0747232511639595,0.23234473168849945,0.5757394433021545,-0.08783562481403351,0.23432067036628723,0.6086010932922363,-0.08253661543130875,0.20813533663749695,0.605165421962738,-0.039995335042476654,0.21090912818908691,0.5906803607940674,-0.07127328962087631,0.2284824550151825,0.6308631300926208,-0.07145890593528748,0.24115732312202454,0.6635835766792297,-0.06192582845687866,brake
0.2822404205799103,0.8075132369995117,7.524783995904727e-07,0.3272799551486969,0.7590591907501221,-0.032517898827791214,0.3350867033004761,0.6767154335975647,-0.046396270394325256,0.2988438010215759,0.6152217388153076,-0.06038275733590126,0.25750088691711426,0.5732857584953308,-0.07188748568296432,0.333204448223114,0.5439558029174805,-0.02044232375919819,0.35967400670051575,0.43701279163360596,-0.04620453342795372,0.3736457824707031,0.37145206332206726,-0.061546992510557175,0.3812205195426941,0.31724464893341064,-0.06918029487133026,0.28703030943870544,0.5419806838035583,-0.023658888414502144,0.27564430236816406,0.4169948101043701,-0.05448007211089134,0.27366530895233154,0.3392624258995056,-0.0730641782283783,0.271755576133728,0.2769733965396881,-0.0795086920261383,0.24717450141906738,0.5743017792701721,-0.03092537447810173,0.23720787465572357,0.5399442315101624,-0.07670595496892929,0.25291821360588074,0.5912748575210571,-0.08804851770401001,0.2617911398410797,0.631599485874176,-0.08027177304029465,0.2156846821308136,0.6230303049087524,-0.04011768847703934,0.21899540722370148,0.6021755933761597,-0.07476332783699036,0.24108295142650604,0.6419294476509094,-0.07498497515916824,0.2557477653026581,0.6763772964477539,-0.06457918137311935,brake
0.2641269862651825,0.8137791156768799,7.97685288489447e-07,0.3107123374938965,0.7652285099029541,-0.03815263509750366,0.321770042181015,0.6818758249282837,-0.05437007173895836,0.2821722626686096,0.6171751618385315,-0.06912621855735779,0.23734718561172485,0.5726617574691772,-0.08231592178344727,0.31982144713401794,0.5438709259033203,-0.026114974170923233,0.34642231464385986,0.43732547760009766,-0.053725261241197586,0.3604590892791748,0.36939549446105957,-0.07135363668203354,0.3694721758365631,0.3117001950740814,-0.08100022375583649,0.2733699083328247,0.540138304233551,-0.02749173529446125,0.2631368041038513,0.41355228424072266,-0.05833058059215546,0.2560858130455017,0.33301645517349243,-0.07839790731668472,0.24919360876083374,0.26761049032211304,-0.08650463074445724,0.23398399353027344,0.5714187026023865,-0.03334248811006546,0.22165817022323608,0.5200663208961487,-0.07970094680786133,0.22659814357757568,0.5469614267349243,-0.09523572027683258,0.22624269127845764,0.5668610334396362,-0.09238827228546143,0.20255324244499207,0.6208778023719788,-0.041409436613321304,0.20591875910758972,0.6001986265182495,-0.07994081825017929,0.22601079940795898,0.6412103772163391,-0.08395896852016449,0.2387688308954239,0.67598956823349,-0.0767880454659462,brake
0.2723047137260437,0.810483455657959,8.330712830684206e-07,0.319479376077652,0.757587194442749,-0.03409002348780632,0.32530078291893005,0.6653662323951721,-0.046937718987464905,0.2799808084964752,0.6024550199508667,-0.05729904770851135,0.23226827383041382,0.5580700039863586,-0.06694655120372772,0.32489532232284546,0.5373810529708862,-0.023342639207839966,0.3525993525981903,0.4328323006629944,-0.043858010321855545,0.36716723442077637,0.36871302127838135,-0.05867135524749756,0.3752952814102173,0.3112063705921173,-0.06871120631694794,0.27660098671913147,0.5338224768638611,-0.025549981743097305,0.270134836435318,0.4050830602645874,-0.04524104297161102,0.2629275918006897,0.3242572247982025,-0.061648204922676086,0.2536906898021698,0.2536740303039551,-0.07094863802194595,0.2377074956893921,0.564486026763916,-0.031778592616319656,0.20832717418670654,0.47953736782073975,-0.0642477348446846,0.1928720474243164,0.453349232673645,-0.08119487017393112,0.17777138948440552,0.428869366645813,-0.08784139156341553,0.20895808935165405,0.6163768172264099,-0.04036307334899902,0.21142694354057312,0.5826482176780701,-0.07338723540306091,0.2290012538433075,0.6194473505020142,-0.07846470922231674,0.24098876118659973,0.6525905728340149,-0.07674000412225723,brake
0.3023887574672699,0.8237055540084839,8.031217362258758e-07,0.3511993885040283,0.7706034779548645,-0.03342384472489357,0.3598319888114929,0.6872560381889343,-0.04895323887467384,0.32219767570495605,0.6249605417251587,-0.06482963263988495,0.27923092246055603,0.5798119902610779,-0.07793097198009491,0.35914313793182373,0.546633243560791,-0.02095879428088665,0.38864725828170776,0.4352536201477051,-0.04816455766558647,0.40491029620170593,0.3677046298980713,-0.06483335793018341,0.41416817903518677,0.31176406145095825,-0.0730917677283287,0.3113439381122589,0.5443799495697021,-0.024470562115311623,0.30129748582839966,0.4143199622631073,-0.05679584667086601,0.29857203364372253,0.33163121342658997,-0.07661759853363037,0.2953219711780548,0.26407182216644287,-0.08370767533779144,0.26954030990600586,0.5768840909004211,-0.032140735536813736,0.2591569423675537,0.5372958779335022,-0.07981245964765549,0.27683842182159424,0.594622015953064,-0.09032976627349854,0.28651607036590576,0.6385928392410278,-0.08105193823575974,0.23650994896888733,0.6270217299461365,-0.041776906698942184,0.23958086967468262,0.5960055589675903,-0.07695038616657257,0.2616795599460602,0.639064371585846,-0.07492738962173462,0.2763493061065674,0.6775612235069275,-0.06233365833759308,brake
0.33539074659347534,0.8207333087921143,8.157599609148747e-07,0.38478991389274597,0.7668381929397583,-0.034661758691072464,0.3963647186756134,0.6809337735176086,-0.05030134692788124,0.35467979311943054,0.6175748109817505,-0.06561235338449478,0.3100072741508484,0.5732413530349731,-0.07758254557847977,0.39605194330215454,0.5487221479415894,-0.021940927952528,0.426513135433197,0.44016027450561523,-0.05120353400707245,0.4452882409095764,0.3730219006538391,-0.06841244548559189,0.45572924613952637,0.31869813799858093,-0.07644063979387283,0.34872302412986755,0.5443728566169739,-0.02499268390238285,0.34077948331832886,0.41471028327941895,-0.05755075067281723,0.34084153175354004,0.3353807330131531,-0.07632634043693542,0.3383733034133911,0.2718217074871063,-0.08210444450378418,0.30710673332214355,0.5750019550323486,-0.0327443964779377,0.303567498922348,0.5543504357337952,-0.07863439619541168,0.3203573226928711,0.6112291216850281,-0.0878235325217247,0.32711461186408997,0.6489995718002319,-0.07789255678653717,0.2733537256717682,0.621978759765625,-0.04292798042297363,0.2818593680858612,0.6078166365623474,-0.07259666919708252,0.3005945086479187,0.6465587019920349,-0.06890465319156647,0.31012600660324097,0.6740999221801758,-0.056450385600328445,brake
0.3788555860519409,0.821854293346405,8.029780929064145e-07,0.42940932512283325,0.7703684568405151,-0.03506048768758774,0.44227656722068787,0.6840378642082214,-0.050159234553575516,0.40365520119667053,0.618362307548523,-0.06480206549167633,0.3615752160549164,0.5720008015632629,-0.0761481523513794,0.44034063816070557,0.5501919984817505,-0.021734898909926414,0.4717799723148346,0.44328179955482483,-0.04999921843409538,0.4907224774360657,0.3770434260368347,-0.0670822411775589,0.502417802810669,0.3222273886203766,-0.07564593106508255,0.3928074240684509,0.547003448009491,-0.024416271597146988,0.383884072303772,0.41804128885269165,-0.05690254643559456,0.38508427143096924,0.3374653458595276,-0.07623568177223206,0.3848150968551636,0.27325427532196045,-0.08302513509988785,0.3508671224117279,0.5793113708496094,-0.031681280583143234,0.3520265221595764,0.5501338243484497,-0.07819227874279022,0.37080320715904236,0.6071009039878845,-0.08741722255945206,0.3781147301197052,0.6472464203834534,-0.07775315642356873,0.31746020913124084,0.6272811889648438,-0.04131558537483215,0.3302251100540161,0.6079177856445312,-0.07315856963396072,0.350184828042984,0.6475702524185181,-0.07038002461194992,0.3589232563972473,0.6778470277786255,-0.05845922231674194,brake
0.4063261151313782,0.8274152874946594,7.760623361718899e-07,0.4573425054550171,0.7785015106201172,-0.03334291651844978,0.47191062569618225,0.694739043712616,-0.04860971122980118,0.43832653760910034,0.6295068860054016,-0.06407992541790009,0.3988547623157501,0.5817258358001709,-0.0764271691441536,0.4687700569629669,0.5560172200202942,-0.021485870704054832,0.4999130666255951,0.4493387043476105,-0.04947732761502266,0.5183379650115967,0.38384681940078735,-0.06673970073461533,0.5299723744392395,0.3289189338684082,-0.07560212910175323,0.4213993549346924,0.5517551302909851,-0.025430919602513313,0.4132924973964691,0.42241495847702026,-0.05701121315360069,0.41391655802726746,0.3431854844093323,-0.07592419534921646,0.4135931432247162,0.27843737602233887,-0.08301176875829697,0.3781009018421173,0.5834803581237793,-0.03355059772729874,0.3820679485797882,0.5447688102722168,-0.07936378568410873,0.4002438187599182,0.6076787710189819,-0.08559544384479523,0.40712952613830566,0.6538659930229187,-0.0742422491312027,0.3424689769744873,0.6322550773620605,-0.04408605024218559,0.3540429472923279,0.6072106957435608,-0.0769275352358818,0.37417957186698914,0.6478175520896912,-0.0725664421916008,0.3834347426891327,0.6818831562995911,-0.0591510608792305,brake
0.42785727977752686,0.8389890193939209,7.672247193113435e-07,0.47868141531944275,0.7879864573478699,-0.033276598900556564,0.49540361762046814,0.7040947675704956,-0.04810471832752228,0.4642241597175598,0.6413797736167908,-0.06323999911546707,0.4253276288509369,0.5918316841125488,-0.0749940499663353,0.4924951195716858,0.5615964531898499,-0.019225897267460823,0.5237752795219421,0.45435458421707153,-0.045387860387563705,0.5403857827186584,0.38886576890945435,-0.06114175543189049,0.5497138500213623,0.33351442217826843,-0.06923006474971771,0.44305703043937683,0.5564583539962769,-0.02396375685930252,0.4338820278644562,0.4263136386871338,-0.0558665506541729,0.43446052074432373,0.34800171852111816,-0.07515338063240051,0.43401116132736206,0.28348901867866516,-0.08187947422266006,0.3987182080745697,0.5877917408943176,-0.03308723866939545,0.4112309515476227,0.5619732737541199,-0.07967834919691086,0.42872607707977295,0.6274392604827881,-0.08727966994047165,0.4320630133152008,0.6697672605514526,-0.0764402523636818,0.36245453357696533,0.6359275579452515,-0.04459044337272644,0.3810126781463623,0.6121938228607178,-0.07633630186319351,0.40127280354499817,0.6543403267860413,-0.0715639740228653,0.4092949628829956,0.6859776973724365,-0.05816958472132683,brake
0.446490079164505,0.8385425209999084,7.529652066295967e-07,0.4977841377258301,0.7900415062904358,-0.03532640263438225,0.5170055627822876,0.704293966293335,-0.05133223161101341,0.48704391717910767,0.6367594003677368,-0.06703141331672668,0.4484996199607849,0.583135724067688,-0.07875297963619232,0.5157697796821594,0.5596606731414795,-0.02097894437611103,0.5487375855445862,0.45461004972457886,-0.048349302262067795,0.5654357671737671,0.3906864821910858,-0.06368937343358994,0.5743215084075928,0.33643221855163574,-0.07135090976953506,0.46523526310920715,0.5530980825424194,-0.025475796312093735,0.4585725665092468,0.4248046278953552,-0.0599004402756691,0.46067726612091064,0.3493407368659973,-0.07901662588119507,0.46054375171661377,0.28588446974754333,-0.08464621007442474,0.4195965528488159,0.5832949876785278,-0.03467372804880142,0.4375939965248108,0.5648874640464783,-0.0845530778169632,0.4555443823337555,0.6342229247093201,-0.09236830472946167,0.4576898515224457,0.6750047206878662,-0.08053066581487656,0.38269564509391785,0.6296625733375549,-0.046320296823978424,0.4073602855205536,0.6191532611846924,-0.08041540533304214,0.42578253149986267,0.6643326282501221,-0.07716800272464752,0.42919427156448364,0.6919129490852356,-0.0643363893032074,brake
0.44890934228897095,0.8257948160171509,7.459243533958215e-07,0.5015695691108704,0.7738115191459656,-0.03433964401483536,0.5172215700149536,0.6844844818115234,-0.04856443405151367,0.4825235605239868,0.6202967166900635,-0.06303367763757706,0.4410373270511627,0.5708979964256287,-0.07398653030395508,0.5114332437515259,0.5478043556213379,-0.017298223450779915,0.5411977767944336,0.44227397441864014,-0.042161136865615845,0.5566315054893494,0.37828725576400757,-0.056455571204423904,0.5650462508201599,0.3249281346797943,-0.06377483904361725,0.46346184611320496,0.5446493029594421,-0.02142832987010479,0.4555526673793793,0.41697943210601807,-0.05285745859146118,0.4567551016807556,0.3411201536655426,-0.07057853788137436,0.45581695437431335,0.28026700019836426,-0.07618401944637299,0.42034053802490234,0.5764920115470886,-0.03042508475482464,0.43116721510887146,0.542826235294342,-0.07771217077970505,0.4506669044494629,0.609626829624176,-0.08453518897294998,0.45520833134651184,0.6529850363731384,-0.0730690211057663,0.38558971881866455,0.6239969730377197,-0.04187284782528877,0.4039324223995209,0.5992253422737122,-0.07460954785346985,0.42294272780418396,0.6413884162902832,-0.0708141028881073,0.4279252886772156,0.6714468002319336,-0.05832161381840706,brake
0.4498758018016815,0.8181898593902588,7.560018389085599e-07,0.501731276512146,0.7638730406761169,-0.031684938818216324,0.5165005922317505,0.6767922043800354,-0.045448340475559235,0.4837365448474884,0.6125293374061584,-0.06003110855817795,0.4425211250782013,0.5648900866508484,-0.07149659097194672,0.5095343589782715,0.5451223254203796,-0.01560031995177269,0.5393498539924622,0.4422621726989746,-0.041267864406108856,0.5543360710144043,0.37836581468582153,-0.056650422513484955,0.5623505115509033,0.32449084520339966,-0.06484551727771759,0.46260055899620056,0.5416029691696167,-0.02078387700021267,0.45574966073036194,0.4160767197608948,-0.05291422829031944,0.45733144879341125,0.3392208218574524,-0.07164297252893448,0.45663291215896606,0.2759312093257904,-0.07802106440067291,0.4204804301261902,0.5726789832115173,-0.030441632494330406,0.43054014444351196,0.5382955074310303,-0.0770653635263443,0.4493636190891266,0.6015709638595581,-0.08371210098266602,0.4538242518901825,0.6432440280914307,-0.0725070983171463,0.386657178401947,0.6199251413345337,-0.04238742217421532,0.40465086698532104,0.5977466702461243,-0.0747956708073616,0.423711359500885,0.6394013166427612,-0.07097731530666351,0.429356187582016,0.6696203351020813,-0.05844252556562424,brake
0.441179096698761,0.832007110118866,7.874178891142947e-07,0.4927904009819031,0.7729185819625854,-0.03264743089675903,0.5020732283592224,0.683600664138794,-0.045097630470991135,0.46156996488571167,0.6208862662315369,-0.05773950740695,0.4153991639614105,0.5815525650978088,-0.06746933609247208,0.49692416191101074,0.5541253685951233,-0.013578762300312519,0.5243718028068542,0.44567349553108215,-0.03683566674590111,0.5400370359420776,0.37971654534339905,-0.05110837519168854,0.5488187074661255,0.3274267315864563,-0.05836381018161774,0.45022380352020264,0.554311215877533,-0.016086796298623085,0.43585723638534546,0.42666202783584595,-0.04498334228992462,0.43448957800865173,0.3464374542236328,-0.06374665349721909,0.4329179525375366,0.2843185365200043,-0.07080379873514175,0.4105573296546936,0.5882415771484375,-0.02341967634856701,0.40711119771003723,0.5549151301383972,-0.06828920543193817,0.4240497648715973,0.6066074967384338,-0.08099175244569778,0.43040552735328674,0.645922064781189,-0.07436686009168625,0.380092978477478,0.6366129517555237,-0.032702647149562836,0.3880418539047241,0.608790397644043,-0.06563697755336761,0.4100096523761749,0.6454547643661499,-0.06619589030742645,0.42260709404945374,0.678382396697998,-0.056942205876111984,brake
0.4655008614063263,0.8456943035125732,6.897890330037626e-07,0.5179687142372131,0.7892704606056213,-0.03428256884217262,0.5308487415313721,0.7052135467529297,-0.048351775854825974,0.4955824017524719,0.6435180902481079,-0.0628880113363266,0.4549732804298401,0.6006563305854797,-0.07487045973539352,0.5181971788406372,0.5741172432899475,-0.01925676502287388,0.5416922569274902,0.4638306498527527,-0.04611974582076073,0.5549992322921753,0.3963019549846649,-0.06215619668364525,0.5631412863731384,0.34143826365470886,-0.0692240446805954,0.4716362953186035,0.5732617378234863,-0.021405693143606186,0.4567200541496277,0.44762641191482544,-0.05292467772960663,0.4517305791378021,0.3675529956817627,-0.0724436491727829,0.4467719495296478,0.30609220266342163,-0.07887066155672073,0.4306138753890991,0.6047223210334778,-0.028042076155543327,0.4352549910545349,0.5842899084091187,-0.07385285198688507,0.4573160409927368,0.6397711038589478,-0.0844712182879448,0.46762731671333313,0.680519700050354,-0.07512524724006653,0.39683881402015686,0.6505735516548157,-0.03693191707134247,0.40749940276145935,0.6286967992782593,-0.06626643240451813,0.4302518963813782,0.6663910746574402,-0.062258798629045486,0.4425872564315796,0.7013722062110901,-0.04924486577510834,brake
0.5379710793495178,0.8566552400588989,7.834252642169304e-07,0.5889034867286682,0.8010318279266357,-0.032198477536439896,0.606837272644043,0.7193180322647095,-0.045904360711574554,0.5811901092529297,0.6609718799591064,-0.05980310216546059,0.551985502243042,0.6107752919197083,-0.07032215595245361,0.5910769104957581,0.5878331661224365,-0.02278410829603672,0.6196481585502625,0.4802810549736023,-0.05132633075118065,0.6341142058372498,0.4146699905395508,-0.0667276382446289,0.6414527893066406,0.3592953085899353,-0.07327279448509216,0.5431756973266602,0.5854098796844482,-0.027453940361738205,0.5370797514915466,0.4567297697067261,-0.06104826182126999,0.5378002524375916,0.3779435157775879,-0.07888821512460709,0.5361049175262451,0.31296536326408386,-0.08339107036590576,0.4997856914997101,0.6162219047546387,-0.036216627806425095,0.5210469365119934,0.5881081223487854,-0.0844036191701889,0.5418877601623535,0.6548369526863098,-0.0902363732457161,0.547858715057373,0.6991696357727051,-0.07699865847826004,0.46363702416419983,0.6631576418876648,-0.047121547162532806,0.4869815707206726,0.648034393787384,-0.0789688229560852,0.5078845620155334,0.6888110637664795,-0.07339419424533844,0.5139172673225403,0.7170470356941223,-0.058738090097904205,brake
0.5455268025398254,0.8610557913780212,7.40217444672453e-07,0.5964944958686829,0.8084679245948792,-0.03297257423400879,0.6159117817878723,0.7252362966537476,-0.04750090092420578,0.5907026529312134,0.664404034614563,-0.062083546072244644,0.5549640655517578,0.6172035336494446,-0.07290830463171005,0.5995835065841675,0.5857149362564087,-0.022662168368697166,0.6260986328125,0.4765594005584717,-0.049557484686374664,0.6379769444465637,0.41193002462387085,-0.06315065175294876,0.6423534154891968,0.3577473759651184,-0.0689985379576683,0.5499681234359741,0.5835187435150146,-0.027454370632767677,0.5406627655029297,0.45403972268104553,-0.06067324057221413,0.5418983101844788,0.378215491771698,-0.07737353444099426,0.5405327677726746,0.3167157471179962,-0.08116389065980911,0.5056045651435852,0.6160914897918701,-0.0366903655230999,0.5277835130691528,0.5941899418830872,-0.08473463356494904,0.5501487851142883,0.6609818339347839,-0.09181720018386841,0.5547758340835571,0.7023378610610962,-0.07971218973398209,0.47011882066726685,0.6632654666900635,-0.04813877493143082,0.49676141142845154,0.6532820463180542,-0.07954327017068863,0.5171961784362793,0.6928014755249023,-0.07599639892578125,0.521033763885498,0.7165149450302124,-0.06355041265487671,brake
0.5809643268585205,0.8627204895019531,7.799699801580573e-07,0.6330192685127258,0.8082982301712036,-0.03365198150277138,0.6541057825088501,0.7292660474777222,-0.0484437569975853,0.629745602607727,0.6712090373039246,-0.06301696598529816,0.6037203669548035,0.6173794269561768,-0.07389966398477554,0.63791424036026,0.5919082760810852,-0.025262048467993736,0.6661044359207153,0.4811398983001709,-0.05464356020092964,0.680853009223938,0.41490638256073,-0.07036846876144409,0.6872396469116211,0.3580058515071869,-0.0770011693239212,0.5888433456420898,0.5879173874855042,-0.029479796066880226,0.5843890905380249,0.45530200004577637,-0.06274733692407608,0.5869288444519043,0.3795790374279022,-0.07960974425077438,0.5855156779289246,0.3178773522377014,-0.08324700593948364,0.5448649525642395,0.6168150305747986,-0.03813215717673302,0.5717296004295349,0.5954883694648743,-0.0856194868683815,0.5932486057281494,0.6609049439430237,-0.09202119708061218,0.5970968008041382,0.7022640109062195,-0.07943218946456909,0.5078511238098145,0.661872386932373,-0.04923529550433159,0.538529634475708,0.655744194984436,-0.07989612966775894,0.5591387152671814,0.6962864398956299,-0.07542610168457031,0.562038779258728,0.721264660358429,-0.062036629766225815,brake
0.5899059176445007,0.8599679470062256,7.314881713682553e-07,0.642957866191864,0.8096714615821838,-0.032745786011219025,0.6648643612861633,0.7252489328384399,-0.04703463986515999,0.6430185437202454,0.6620118618011475,-0.061069294810295105,0.6119523644447327,0.6110498905181885,-0.07139160484075546,0.6492560505867004,0.5859932899475098,-0.02306406758725643,0.6779108047485352,0.4791032373905182,-0.0499233603477478,0.6908542513847351,0.41542989015579224,-0.06376856565475464,0.6965989470481873,0.36046963930130005,-0.06999922543764114,0.5997313857078552,0.582489550113678,-0.02800031006336212,0.5940753221511841,0.4502749443054199,-0.061025407165288925,0.5977197885513306,0.37608736753463745,-0.07709267735481262,0.5980280041694641,0.31488195061683655,-0.0805632695555687,0.555272102355957,0.6134485602378845,-0.03717762976884842,0.5839017629623413,0.587548553943634,-0.0850558802485466,0.6039398312568665,0.6550073623657227,-0.09012766927480698,0.605577290058136,0.6966705322265625,-0.07694482058286667,0.519143283367157,0.6600084900856018,-0.048515964299440384,0.5520137548446655,0.6476849913597107,-0.0799105316400528,0.5704413056373596,0.6913293600082397,-0.07438832521438599,0.5701614618301392,0.7164311408996582,-0.06059480085968971,brake
0.626589298248291,0.8590505123138428,7.313091714422626e-07,0.6790314316749573,0.8052830100059509,-0.0341392420232296,0.7000505924224854,0.7223985195159912,-0.04861252009868622,0.6748297214508057,0.6602929830551147,-0.06271209567785263,0.6475109457969666,0.6064461469650269,-0.07294542342424393,0.6830098628997803,0.5869988203048706,-0.024445289745926857,0.7099362015724182,0.4768158793449402,-0.05223879590630531,0.7230894565582275,0.4122794270515442,-0.06629540026187897,0.7284996509552002,0.3562355041503906,-0.07232147455215454,0.6329353451728821,0.5841032266616821,-0.02859209105372429,0.6283069252967834,0.45009303092956543,-0.062302831560373306,0.6313248872756958,0.3753189444541931,-0.0784233883023262,0.6307340264320374,0.31419023871421814,-0.08142983913421631,0.5888839364051819,0.6135998964309692,-0.03724699094891548,0.619199812412262,0.5844886302947998,-0.08646979182958603,0.6402880549430847,0.6550856232643127,-0.09240501374006271,0.6435992121696472,0.6978088021278381,-0.07918982952833176,0.5536414384841919,0.6587742567062378,-0.04824246093630791,0.5887644290924072,0.6506692171096802,-0.08108553290367126,0.6069400906562805,0.6957181692123413,-0.07749161869287491,0.6073377728462219,0.7205832600593567,-0.06464247405529022,brake
0.6456636190414429,0.8568308353424072,7.416364269374753e-07,0.6972570419311523,0.8014188408851624,-0.03617307171225548,0.7195492386817932,0.7201274633407593,-0.05202949792146683,0.6982186436653137,0.6587321162223816,-0.06681632995605469,0.6716988682746887,0.6023236513137817,-0.07726400345563889,0.7035760879516602,0.5771688222885132,-0.025495054200291634,0.7285119891166687,0.469367116689682,-0.053302936255931854,0.7399524450302124,0.4057539105415344,-0.06760866194963455,0.743584156036377,0.35059258341789246,-0.07416817545890808,0.6532807946205139,0.5741674900054932,-0.028958551585674286,0.6476722955703735,0.44413888454437256,-0.06244760379195213,0.650571346282959,0.37086984515190125,-0.07849959284067154,0.6497089266777039,0.3092285394668579,-0.08168241381645203,0.6093438863754272,0.6053632497787476,-0.03725692629814148,0.6397572159767151,0.5832499861717224,-0.08526661992073059,0.6602391004562378,0.6513106822967529,-0.09152071177959442,0.6621378064155579,0.6899017095565796,-0.0792073905467987,0.574520468711853,0.6519888639450073,-0.04825430363416672,0.610308051109314,0.6503802537918091,-0.08028661459684372,0.62841796875,0.6934099197387695,-0.07773683220148087,0.6277543306350708,0.7133044004440308,-0.06613258272409439,brake
0.6500415205955505,0.8602149486541748,6.82576853705541e-07,0.7023818492889404,0.8071761131286621,-0.032533612102270126,0.7271683216094971,0.7187545299530029,-0.0465858019888401,0.7059499621391296,0.6546124815940857,-0.060600779950618744,0.6746601462364197,0.6022958159446716,-0.07058575004339218,0.7093461155891418,0.5809735059738159,-0.01968691311776638,0.7365999817848206,0.47544366121292114,-0.045771919190883636,0.7487026453018188,0.4130987226963043,-0.05933704599738121,0.7542482018470764,0.35905638337135315,-0.0658951997756958,0.6603504419326782,0.5765212178230286,-0.025197865441441536,0.6543918251991272,0.44395071268081665,-0.058388467878103256,0.6586818695068359,0.37113291025161743,-0.0743190348148346,0.6593575477600098,0.30926015973091125,-0.07777290791273117,0.6171276569366455,0.6059301495552063,-0.03538764640688896,0.6494088768959045,0.5728468298912048,-0.08437244594097137,0.670034646987915,0.6446462273597717,-0.0898507758975029,0.6705992221832275,0.6872703433036804,-0.07711394876241684,0.5833083391189575,0.6518169641494751,-0.047898244112730026,0.6228216886520386,0.6439178586006165,-0.08129791915416718,0.6395565271377563,0.6907556056976318,-0.07854823768138885,0.6359846591949463,0.714974045753479,-0.0669567659497261,brake
0.6541013121604919,0.8610055446624756,6.831709242760553e-07,0.7085877656936646,0.8052276372909546,-0.030929064378142357,0.7327215671539307,0.717470645904541,-0.04428407922387123,0.7115135788917542,0.6528123617172241,-0.05788196250796318,0.6819121837615967,0.6005207896232605,-0.06766937673091888,0.7129347324371338,0.5837828516960144,-0.019510962069034576,0.74040287733078,0.47808295488357544,-0.045906201004981995,0.7525532245635986,0.4153812527656555,-0.05966097488999367,0.7580204606056213,0.36081308126449585,-0.06608323752880096,0.6646213531494141,0.5793603658676147,-0.02512625977396965,0.6597210764884949,0.4480029344558716,-0.0581638477742672,0.6639780402183533,0.37459662556648254,-0.07391010969877243,0.664787232875824,0.3122262954711914,-0.07725808024406433,0.6216576099395752,0.6083009243011475,-0.03513912484049797,0.6545326709747314,0.5750492215156555,-0.0831218808889389,0.6761143207550049,0.6443009972572327,-0.08780413120985031,0.678118109703064,0.6879121661186218,-0.07455980777740479,0.5875071287155151,0.6540313363075256,-0.04736164212226868,0.6255102157592773,0.6437439322471619,-0.07945243269205093,0.643342137336731,0.6886429786682129,-0.07549180835485458,0.6414546966552734,0.7147862315177917,-0.06292946636676788,brake
0.6739038825035095,0.861182451248169,6.924096851435024e-07,0.7259315252304077,0.8081108331680298,-0.032323867082595825,0.7505009174346924,0.7243967056274414,-0.04580920562148094,0.7295173406600952,0.6605634689331055,-0.05916523188352585,0.7053715586662292,0.6043227910995483,-0.06854747235774994,0.7308496832847595,0.5911853313446045,-0.02011309191584587,0.7574871778488159,0.48599502444267273,-0.046084530651569366,0.7701234221458435,0.42436447739601135,-0.05894485116004944,0.7760204076766968,0.3717713952064514,-0.06436547636985779,0.6830240488052368,0.5878949165344238,-0.024393413215875626,0.6831681728363037,0.45820629596710205,-0.05691353604197502,0.6891058087348938,0.3871656656265259,-0.0723063200712204,0.6915751695632935,0.3277508020401001,-0.0752539336681366,0.6406106948852539,0.6147364974021912,-0.03330159932374954,0.6775205731391907,0.5837190747261047,-0.08115407079458237,0.6965095400810242,0.6559177041053772,-0.08618286997079849,0.6974117159843445,0.698659360408783,-0.07306885719299316,0.6065880656242371,0.6570228338241577,-0.04445723816752434,0.6473233699798584,0.6482826471328735,-0.07639884203672409,0.6642154455184937,0.6963565349578857,-0.0728873461484909,0.662357747554779,0.7227916121482849,-0.06060808524489403,brake
0.6801387667655945,0.8570897579193115,7.072586640788359e-07,0.7326716780662537,0.8068041205406189,-0.03341617435216904,0.7589747309684753,0.7205497622489929,-0.04733841493725777,0.7348951101303101,0.6539511680603027,-0.06048952788114548,0.7084192633628845,0.5978683829307556,-0.0695958361029625,0.7402941584587097,0.5916926264762878,-0.02176346629858017,0.7680080533027649,0.48740941286087036,-0.0482310988008976,0.7818433046340942,0.42667675018310547,-0.06134171411395073,0.7885370254516602,0.3740977942943573,-0.06713185459375381,0.6915662288665771,0.5878501534461975,-0.025735901668667793,0.6906688809394836,0.4580169916152954,-0.05958783999085426,0.6969733834266663,0.38725948333740234,-0.07607531547546387,0.6989110708236694,0.3266664445400238,-0.07954085618257523,0.6493569612503052,0.6156348586082458,-0.034194156527519226,0.6846000552177429,0.5920588970184326,-0.08301714807748795,0.7019574642181396,0.6604570746421814,-0.08902012556791306,0.7007930278778076,0.6984591484069824,-0.07647901773452759,0.6159563064575195,0.658164381980896,-0.044791433960199356,0.6560816168785095,0.6519548892974854,-0.07749338448047638,0.6714789867401123,0.6981605291366577,-0.07420235872268677,0.6674600839614868,0.7204409837722778,-0.062105920165777206,brake
0.6723442077636719,0.8631313443183899,7.179986596383969e-07,0.7261990904808044,0.8114829659461975,-0.03143737465143204,0.7508949637413025,0.7278503179550171,-0.045059047639369965,0.7307179570198059,0.6657445430755615,-0.05865677073597908,0.705305278301239,0.6119056344032288,-0.0681992843747139,0.7365791201591492,0.5930826663970947,-0.02020256780087948,0.7660476565361023,0.48840975761413574,-0.04651635140180588,0.7808349132537842,0.42695820331573486,-0.06010745093226433,0.7885700464248657,0.3730235993862152,-0.06634005904197693,0.6880678534507751,0.5876355767250061,-0.02541804313659668,0.6861842274665833,0.4576675295829773,-0.05831113085150719,0.6923055052757263,0.38514548540115356,-0.07465150207281113,0.6946732401847839,0.3225337564945221,-0.07838473469018936,0.644371747970581,0.6147959232330322,-0.03496624901890755,0.6768412590026855,0.5907188057899475,-0.08243931084871292,0.697105348110199,0.6593251824378967,-0.08767930418252945,0.6986457109451294,0.7010230422019958,-0.0748731940984726,0.6089066863059998,0.6581739187240601,-0.046795185655355453,0.6460703611373901,0.6534229516983032,-0.0782998651266098,0.6640501618385315,0.698344886302948,-0.07433614134788513,0.6635523438453674,0.7233954071998596,-0.06177610531449318,brake
0.6465921401977539,0.8629941344261169,7.703803817094013e-07,0.7003588676452637,0.8118599057197571,-0.0339818075299263,0.7230497002601624,0.7269208431243896,-0.04873805120587349,0.6959565281867981,0.6607102155685425,-0.06281689554452896,0.6596123576164246,0.6120020151138306,-0.07351983338594437,0.710432767868042,0.5941786170005798,-0.023783911019563675,0.7424175143241882,0.48566150665283203,-0.05185530707240105,0.7597304582595825,0.4202074706554413,-0.06737719476222992,0.7697474360466003,0.36646440625190735,-0.07438976317644119,0.6613622903823853,0.5887740850448608,-0.02774435095489025,0.6578968167304993,0.4559969902038574,-0.06001929193735123,0.6638743281364441,0.37943413853645325,-0.07697650790214539,0.6670594811439514,0.31659284234046936,-0.0811912789940834,0.6162530183792114,0.6177908182144165,-0.03615033999085426,0.6408484578132629,0.5869191884994507,-0.08313765376806259,0.6599190831184387,0.6481619477272034,-0.09031617641448975,0.6626811027526855,0.6855979561805725,-0.0789889395236969,0.5792779922485352,0.6632206439971924,-0.046740129590034485,0.6081435680389404,0.6500787138938904,-0.07834543287754059,0.6262451410293579,0.6891570687294006,-0.07434285432100296,0.6283156275749207,0.7123802304267883,-0.06156700477004051,brake
0.5842042565345764,0.830116331577301,7.994710244929593e-07,0.6412317156791687,0.7716581225395203,-0.03485248610377312,0.6573694348335266,0.6787903308868408,-0.04813927039504051,0.6223032474517822,0.6104945540428162,-0.06173408403992653,0.580018162727356,0.5608182549476624,-0.07245469838380814,0.6530304551124573,0.5498347282409668,-0.01624133251607418,0.6841880083084106,0.4412788152694702,-0.043391916900873184,0.7022706866264343,0.3740713596343994,-0.05880708247423172,0.7127355337142944,0.3202918767929077,-0.06590805947780609,0.605703592300415,0.549008846282959,-0.019907554611563683,0.6008617877960205,0.41774001717567444,-0.0529133677482605,0.603832483291626,0.3383312225341797,-0.07157174497842789,0.6031925082206726,0.2743411958217621,-0.0767931193113327,0.5615395903587341,0.5820007920265198,-0.028842413797974586,0.5695875883102417,0.551284909248352,-0.07924191653728485,0.5894444584846497,0.6153227090835571,-0.08828260004520416,0.5946205854415894,0.6539706587791443,-0.07685928046703339,0.5242524743080139,0.6303305625915527,-0.039815716445446014,0.5397717952728271,0.6027923226356506,-0.07392227649688721,0.5587770342826843,0.648360550403595,-0.06981457769870758,0.5630266666412354,0.6796268224716187,-0.05635298788547516,brake
0.5417699217796326,0.8255323767662048,8.728725902074075e-07,0.6019414067268372,0.77108234167099,-0.03767797350883484,0.6195566654205322,0.6784977912902832,-0.050917766988277435,0.584663987159729,0.6084698438644409,-0.06413049250841141,0.5399947166442871,0.5614956617355347,-0.07465355843305588,0.6110435724258423,0.546864926815033,-0.018511388450860977,0.6428595185279846,0.43294471502304077,-0.047826509922742844,0.6625308990478516,0.36169904470443726,-0.06429283320903778,0.6740970611572266,0.30620506405830383,-0.07068429887294769,0.5627765655517578,0.5428688526153564,-0.019760368391871452,0.5598006844520569,0.4103662967681885,-0.05462678149342537,0.560733437538147,0.3242906332015991,-0.07465830445289612,0.5584927797317505,0.2574734687805176,-0.07974313944578171,0.5179613828659058,0.5717793703079224,-0.026536468416452408,0.5196315050125122,0.5489180684089661,-0.07820131629705429,0.5386784076690674,0.6101609468460083,-0.09021785110235214,0.5480872392654419,0.6516083478927612,-0.07932467758655548,0.47875580191612244,0.6153398752212524,-0.03557220846414566,0.48934242129325867,0.5979364514350891,-0.07011745870113373,0.5099368691444397,0.6399850249290466,-0.06852713227272034,0.5204162001609802,0.6714696884155273,-0.055821288377046585,brake
0.4834839403629303,0.8105384111404419,8.925806014303816e-07,0.536857545375824,0.748975396156311,-0.0378669910132885,0.5460757613182068,0.653031587600708,-0.05335215479135513,0.5043331980705261,0.5824352502822876,-0.06859789788722992,0.45773032307624817,0.5314208269119263,-0.08067014068365097,0.5458592176437378,0.5162671804428101,-0.01965930685400963,0.5762763023376465,0.3989892601966858,-0.0502241849899292,0.5952537655830383,0.32573848962783813,-0.06875094771385193,0.6080771684646606,0.26829516887664795,-0.07755322009325027,0.4952523708343506,0.514870285987854,-0.02215231955051422,0.4866970181465149,0.37585437297821045,-0.05762847512960434,0.48768651485443115,0.2891864478588104,-0.07818423956632614,0.4881735146045685,0.2203894853591919,-0.08425352722406387,0.4509064257144928,0.5481860637664795,-0.03014511615037918,0.4462716579437256,0.508705735206604,-0.08259057998657227,0.4652247130870819,0.5720518827438354,-0.09354231506586075,0.47474798560142517,0.6162856817245483,-0.0826202854514122,0.4162081778049469,0.5988388061523438,-0.04045441746711731,0.4246630370616913,0.575644314289093,-0.07795719057321548,0.4448673129081726,0.6212682723999023,-0.07650469988584518,0.4550163447856903,0.655226469039917,-0.06370735168457031,brake
0.4329743981361389,0.8005683422088623,8.812646683509229e-07,0.4857381582260132,0.7386404275894165,-0.041448671370744705,0.49130141735076904,0.6381049752235413,-0.056821566075086594,0.4414685368537903,0.5651854276657104,-0.0712338536977768,0.39374369382858276,0.5131505131721497,-0.08188725262880325,0.49531984329223633,0.5034044981002808,-0.01968282274901867,0.5251441597938538,0.38179928064346313,-0.050842009484767914,0.5451365113258362,0.3044315576553345,-0.06928397715091705,0.5562018156051636,0.24460887908935547,-0.07757355272769928,0.4449675381183624,0.5031849145889282,-0.02055978588759899,0.43088051676750183,0.36046355962753296,-0.05706731230020523,0.42895910143852234,0.2717176675796509,-0.07809823006391525,0.4255554676055908,0.1998288929462433,-0.08361241221427917,0.4014391601085663,0.5377722382545471,-0.027572356164455414,0.38955405354499817,0.5081565976142883,-0.08271197974681854,0.4102714955806732,0.5741673707962036,-0.095050148665905,0.4218217134475708,0.6162179112434387,-0.08325152844190598,0.36730027198791504,0.5877626538276672,-0.03708691522479057,0.36732304096221924,0.5608217120170593,-0.07541117817163467,0.3889075815677643,0.6086143851280212,-0.07360836863517761,0.4019096791744232,0.6432420611381531,-0.05979078635573387,brake
0.38688933849334717,0.7906960248947144,8.951934660217375e-07,0.4378311336040497,0.7245520949363708,-0.04197084158658981,0.44081753492355347,0.6206818222999573,-0.05724496766924858,0.38833382725715637,0.5511658787727356,-0.07178241014480591,0.33797571063041687,0.49839481711387634,-0.08275028318166733,0.44271910190582275,0.48524412512779236,-0.01832769252359867,0.4704422652721405,0.3634178638458252,-0.04947143420577049,0.48906758427619934,0.2871337831020355,-0.06830641627311707,0.4998995363712311,0.22743171453475952,-0.07715524733066559,0.390961617231369,0.4900052845478058,-0.020630953833460808,0.37418508529663086,0.34535619616508484,-0.056686755269765854,0.37127357721328735,0.25714629888534546,-0.07773815840482712,0.3668215572834015,0.18582281470298767,-0.08353015035390854,0.3476988971233368,0.5309256315231323,-0.029457077383995056,0.33674678206443787,0.49871599674224854,-0.08621928840875626,0.36128684878349304,0.5657027363777161,-0.09904180467128754,0.37513238191604614,0.6069009304046631,-0.08750750124454498,0.3146247863769531,0.586982250213623,-0.040765900164842606,0.3155645728111267,0.5589653849601746,-0.08149389922618866,0.3395555913448334,0.6074718236923218,-0.08010488748550415,0.35388892889022827,0.6410020589828491,-0.06655409932136536,brake
0.32640379667282104,0.8177124261856079,9.186814509121177e-07,0.3782811164855957,0.7551467418670654,-0.04508310928940773,0.380685418844223,0.6538359522819519,-0.062042128294706345,0.332736998796463,0.5804312825202942,-0.07740548253059387,0.28558385372161865,0.5250306725502014,-0.08902733027935028,0.3868259787559509,0.5181629657745361,-0.028275422751903534,0.4164453148841858,0.38884347677230835,-0.06393665820360184,0.43682724237442017,0.30504733324050903,-0.08463070541620255,0.44823014736175537,0.2397218644618988,-0.09361580014228821,0.33539170026779175,0.5148817300796509,-0.027972517535090446,0.32201099395751953,0.36615249514579773,-0.06759829074144363,0.31764650344848633,0.26943719387054443,-0.08963976055383682,0.3123515248298645,0.19190815091133118,-0.09552901238203049,0.29060888290405273,0.5488445162773132,-0.03390439972281456,0.27121424674987793,0.5194275975227356,-0.09023253619670868,0.29260870814323425,0.5845147371292114,-0.10256591439247131,0.3082558810710907,0.626511812210083,-0.09043832868337631,0.25563907623291016,0.598810613155365,-0.042787231504917145,0.24748989939689636,0.5747034549713135,-0.08052612096071243,0.26972731947898865,0.6219887137413025,-0.0782426968216896,0.28630995750427246,0.6563402414321899,-0.06412646174430847,brake
0.26919278502464294,0.8248581886291504,9.299537282458914e-07,0.3174341917037964,0.7571994066238403,-0.042456839233636856,0.31626859307289124,0.6521955728530884,-0.05728533864021301,0.2643372714519501,0.5778750777244568,-0.06806688010692596,0.21186012029647827,0.5264685153961182,-0.07710758596658707,0.3276386857032776,0.5173882246017456,-0.025977056473493576,0.35564321279525757,0.3931654095649719,-0.05059164762496948,0.37154141068458557,0.3140779733657837,-0.06846638768911362,0.38145047426223755,0.2476031482219696,-0.08032721281051636,0.2729313373565674,0.5135481953620911,-0.024160748347640038,0.2648558020591736,0.37073802947998047,-0.04840107634663582,0.25597044825553894,0.27913129329681396,-0.06856628507375717,0.24772247672080994,0.2024458944797516,-0.07977491617202759,0.22853057086467743,0.5458762645721436,-0.027609046548604965,0.19454315304756165,0.4602374732494354,-0.06633245944976807,0.17894995212554932,0.44901055097579956,-0.08629852533340454,0.16744980216026306,0.4380043148994446,-0.09222794324159622,0.19739848375320435,0.6004530787467957,-0.034014564007520676,0.18663465976715088,0.566119909286499,-0.07230278849601746,0.20254182815551758,0.6039004921913147,-0.08045487850904465,0.21741478145122528,0.6367409229278564,-0.07925350219011307,brake
0.1994892656803131,0.815842866897583,8.993030746751174e-07,0.24655216932296753,0.7505782842636108,-0.052231431007385254,0.24617253243923187,0.650866687297821,-0.07079196721315384,0.19680967926979065,0.5737375020980835,-0.08564120531082153,0.14944347739219666,0.5125673413276672,-0.09660741686820984,0.25808218121528625,0.5021966099739075,-0.02450423128902912,0.28283461928367615,0.38534781336784363,-0.05450412631034851,0.2999032437801361,0.31068485975265503,-0.07471709698438644,0.3125450015068054,0.24964061379432678,-0.08584794402122498,0.20629815757274628,0.4989825487136841,-0.01894976757466793,0.19270730018615723,0.36539900302886963,-0.05277218669652939,0.18697823584079742,0.28017985820770264,-0.07356396317481995,0.1833394467830658,0.2140304446220398,-0.0809352695941925,0.16175532341003418,0.5345125198364258,-0.020728789269924164,0.1401224136352539,0.48257774114608765,-0.075283482670784,0.1572306603193283,0.5472767949104309,-0.08970116823911667,0.17109359800815582,0.5967458486557007,-0.08121040463447571,0.1287250816822052,0.5873198509216309,-0.026064522564411163,0.11747565120458603,0.5556933283805847,-0.07191534340381622,0.13716652989387512,0.609045684337616,-0.07728610187768936,0.15360698103904724,0.6515774130821228,-0.06823986768722534,brake
0.1860862821340561,0.7964650392532349,9.257931878892123e-07,0.22848135232925415,0.7309784889221191,-0.048656318336725235,0.22577741742134094,0.6304050087928772,-0.06527847051620483,0.17500779032707214,0.5532360672950745,-0.07888030260801315,0.12765061855316162,0.4933227002620697,-0.08897195011377335,0.24285189807415009,0.4864712357521057,-0.019267132505774498,0.26979851722717285,0.37371447682380676,-0.046559132635593414,0.2875969707965851,0.3003031611442566,-0.06459221243858337,0.2999316453933716,0.24011823534965515,-0.07489310204982758,0.19218865036964417,0.48586559295654297,-0.015093713998794556,0.1833161860704422,0.353402704000473,-0.048755403608083725,0.1767415702342987,0.2670465111732483,-0.07101808488368988,0.17121410369873047,0.19700998067855835,-0.0798373594880104,0.1499750167131424,0.5223782658576965,-0.017997073009610176,0.1202225610613823,0.46397027373313904,-0.07590611279010773,0.11855264753103256,0.5211895704269409,-0.09634743630886078,0.11921588331460953,0.5674051642417908,-0.0917505994439125,0.12006291002035141,0.575569212436676,-0.023459281772375107,0.10332226753234863,0.5376585721969604,-0.0736672654747963,0.11687568575143814,0.5874295234680176,-0.08387420326471329,0.12994754314422607,0.6282628774642944,-0.07834045588970184,brake
0.1783568561077118,0.7859945297241211,9.127835483013769e-07,0.21465085446834564,0.7232499718666077,-0.04995789751410484,0.20930451154708862,0.6248911023139954,-0.06652238965034485,0.16068951785564423,0.5447703003883362,-0.07877225428819656,0.11410009860992432,0.4821467697620392,-0.08750330656766891,0.23279260098934174,0.47995725274086,-0.021571073681116104,0.25683605670928955,0.367318719625473,-0.04785679280757904,0.2730814218521118,0.29362890124320984,-0.06590352207422256,0.2845754027366638,0.23242682218551636,-0.0767320841550827,0.18135221302509308,0.4794841408729553,-0.015888450667262077,0.17134521901607513,0.3456915020942688,-0.04678725078701973,0.16280034184455872,0.2598329782485962,-0.06832724809646606,0.15563464164733887,0.19066882133483887,-0.07739510387182236,0.13877417147159576,0.5183230638504028,-0.017063474282622337,0.10207048803567886,0.4576703608036041,-0.07299432903528214,0.09810298681259155,0.5092999339103699,-0.0947619378566742,0.09815649688243866,0.5543444156646729,-0.092430979013443,0.11014343798160553,0.5759619474411011,-0.02088579535484314,0.09303853660821915,0.5440287590026855,-0.07320456206798553,0.10681590437889099,0.596242368221283,-0.08588431030511856,0.12059332430362701,0.6401085257530212,-0.08229634910821915,brake
0.16075345873832703,0.774786114692688,8.791154186837957e-07,0.19962561130523682,0.7050800919532776,-0.051370687782764435,0.19406798481941223,0.6031675338745117,-0.06788954138755798,0.1414460688829422,0.5264232754707336,-0.0801146849989891,0.0918438658118248,0.46712785959243774,-0.08820564299821854,0.2162037491798401,0.4704091250896454,-0.019151436164975166,0.24062460660934448,0.356564998626709,-0.04623984917998314,0.25723427534103394,0.2824742794036865,-0.06477614492177963,0.26871320605278015,0.22322618961334229,-0.07489311695098877,0.16505570709705353,0.4716593623161316,-0.012284470722079277,0.1512175351381302,0.33929359912872314,-0.043470486998558044,0.1428869068622589,0.25524431467056274,-0.06415504217147827,0.13504552841186523,0.1872868537902832,-0.07150254398584366,0.1220453679561615,0.5088894367218018,-0.012976364232599735,0.08858750760555267,0.46540212631225586,-0.06823928654193878,0.098971426486969,0.5222328901290894,-0.08742222189903259,0.1086222380399704,0.5634751319885254,-0.08161749690771103,0.0907561182975769,0.5599451065063477,-0.016674796119332314,0.0698750913143158,0.5256193280220032,-0.06337666511535645,0.08007434010505676,0.5721503496170044,-0.07160789519548416,0.08981868624687195,0.6076202988624573,-0.06487967818975449,brake
0.15638449788093567,0.7680286169052124,8.267066391454136e-07,0.1936047077178955,0.7028770446777344,-0.04931745305657387,0.18847036361694336,0.6025906205177307,-0.06581556051969528,0.13941413164138794,0.5227659940719604,-0.0783454179763794,0.09277170896530151,0.4624654948711395,-0.08682915568351746,0.21382546424865723,0.4721930921077728,-0.01974267140030861,0.23846058547496796,0.3596011996269226,-0.049134667962789536,0.2556849718093872,0.28664934635162354,-0.06865809857845306,0.26718202233314514,0.2288808524608612,-0.07858994603157043,0.16449861228466034,0.4716273844242096,-0.014087013900279999,0.15409545600414276,0.33759358525276184,-0.04696235805749893,0.14922687411308289,0.2574707269668579,-0.06649775803089142,0.14366522431373596,0.1937243640422821,-0.07181108742952347,0.12145695090293884,0.5065279006958008,-0.015649352222681046,0.09269044548273087,0.46440792083740234,-0.07062489539384842,0.10780952870845795,0.5237171053886414,-0.08512228727340698,0.12016795575618744,0.5663056373596191,-0.07543206959962845,0.08904513716697693,0.5564160943031311,-0.020267901942133904,0.07422202080488205,0.52308589220047,-0.0650971308350563,0.08840461075305939,0.5731428265571594,-0.06842368841171265,0.10025101900100708,0.6113646030426025,-0.057491861283779144,brake
0.17562146484851837,0.7777978777885437,7.976624374350649e-07,0.21325482428073883,0.7118074893951416,-0.04604669287800789,0.21028517186641693,0.6153795719146729,-0.06078926473855972,0.1639508455991745,0.540524959564209,-0.07257356494665146,0.11988415569067001,0.4826505482196808,-0.08060512691736221,0.23752062022686005,0.48054373264312744,-0.01412003580480814,0.26344454288482666,0.37502312660217285,-0.0407889299094677,0.28186991810798645,0.3059178590774536,-0.05962267890572548,0.2937297224998474,0.2499263882637024,-0.06957177072763443,0.18893039226531982,0.480720579624176,-0.010657687671482563,0.1775631159543991,0.3517855405807495,-0.04015929251909256,0.17455703020095825,0.27413076162338257,-0.05903339758515358,0.17081215977668762,0.21335390210151672,-0.06448576599359512,0.14654111862182617,0.5178444385528564,-0.014361248351633549,0.1238425150513649,0.4829173982143402,-0.06643083691596985,0.13936984539031982,0.5442261695861816,-0.08158047497272491,0.15093150734901428,0.5857911109924316,-0.07314814627170563,0.1145235151052475,0.5709046125411987,-0.021055148914456367,0.10558628290891647,0.5461342334747314,-0.06430735439062119,0.12228938937187195,0.5992321968078613,-0.06801310926675797,0.13552118837833405,0.638784646987915,-0.057697877287864685,brake
0.17716075479984283,0.7710227966308594,8.62490082909062e-07,0.21607281267642975,0.7075626850128174,-0.04936666786670685,0.21420300006866455,0.6118921637535095,-0.0648268535733223,0.16727185249328613,0.5355924367904663,-0.07638410478830338,0.1245931088924408,0.474918395280838,-0.08432640135288239,0.2399515062570572,0.475905179977417,-0.01766553334891796,0.26602452993392944,0.3711143136024475,-0.04431023821234703,0.2852163314819336,0.3035815954208374,-0.06219616159796715,0.2985801100730896,0.24850377440452576,-0.0715695321559906,0.19063802063465118,0.4766734540462494,-0.012060826644301414,0.18328438699245453,0.34876736998558044,-0.04288255795836449,0.18121859431266785,0.2720350921154022,-0.06153431162238121,0.1797041893005371,0.21156039834022522,-0.06668909639120102,0.1473192274570465,0.5139855146408081,-0.013901005499064922,0.12418638169765472,0.47317254543304443,-0.06912211328744888,0.13612054288387299,0.5351197123527527,-0.08597096800804138,0.14747828245162964,0.578597366809845,-0.07801998406648636,0.11520807445049286,0.5659546852111816,-0.018608059734106064,0.10506090521812439,0.5384233593940735,-0.06664662063121796,0.12099112570285797,0.5927869081497192,-0.07369609922170639,0.1362919807434082,0.632559597492218,-0.06509911268949509,brake
0.1785128265619278,0.7795195579528809,8.367841815015709e-07,0.21788331866264343,0.7154821157455444,-0.04563876613974571,0.21594734489917755,0.6195334196090698,-0.060306206345558167,0.17054224014282227,0.5443365573883057,-0.072008416056633,0.12873893976211548,0.48472023010253906,-0.08039455860853195,0.2395227700471878,0.48650792241096497,-0.015105593018233776,0.26520419120788574,0.3829641342163086,-0.041835375130176544,0.2837332487106323,0.3153369426727295,-0.060002680867910385,0.29720279574394226,0.26041144132614136,-0.06970591098070145,0.1913031041622162,0.4866659939289093,-0.011513090692460537,0.18553303182125092,0.36122214794158936,-0.04275437444448471,0.18275700509548187,0.283738911151886,-0.06193245202302933,0.18029306828975677,0.22094762325286865,-0.06768558919429779,0.14918935298919678,0.5236152410507202,-0.01495524775236845,0.12548957765102386,0.47693943977355957,-0.06991617381572723,0.13531643152236938,0.539760410785675,-0.08536462485790253,0.1451040655374527,0.584613561630249,-0.07674097269773483,0.11771410703659058,0.5772131085395813,-0.020967714488506317,0.10680663585662842,0.5425809025764465,-0.06794244796037674,0.12276742607355118,0.5944664478302002,-0.07333799451589584,0.13827811181545258,0.6330183148384094,-0.06383626163005829,brake
0.18734318017959595,0.8267966508865356,7.313577725653886e-07,0.22856111824512482,0.7736110687255859,-0.044782474637031555,0.2299584597349167,0.6860893368721008,-0.06107650697231293,0.18629731237888336,0.6109980344772339,-0.07384991645812988,0.14478284120559692,0.5560768842697144,-0.08328510075807571,0.2501700818538666,0.5509303212165833,-0.020964622497558594,0.27890777587890625,0.44520509243011475,-0.04612820968031883,0.2996164560317993,0.3806684911251068,-0.06460928916931152,0.3144926428794861,0.32826271653175354,-0.0751214399933815,0.20416215062141418,0.5411182641983032,-0.015241608954966068,0.1988065093755722,0.4149698317050934,-0.04024491459131241,0.19906821846961975,0.34275302290916443,-0.057271622121334076,0.1992858648300171,0.2901793122291565,-0.06427666544914246,0.16401027143001556,0.5674244165420532,-0.015645837411284447,0.14726753532886505,0.5091828107833862,-0.05770282819867134,0.15605425834655762,0.5535905361175537,-0.07188680768013,0.16273200511932373,0.595466136932373,-0.06774076074361801,0.13346289098262787,0.611791729927063,-0.019108012318611145,0.12421960383653641,0.5741629004478455,-0.05501936003565788,0.13658389449119568,0.6137131452560425,-0.06005892530083656,0.14659932255744934,0.6533414721488953,-0.05362693965435028,brake
0.195027694106102,0.8848813772201538,7.022391059763322e-07,0.23447081446647644,0.8275806903839111,-0.04168112203478813,0.23349785804748535,0.7404221892356873,-0.05764859542250633,0.18937768042087555,0.6708690524101257,-0.07133623957633972,0.15062931180000305,0.6149557828903198,-0.08151055127382278,0.2540249228477478,0.6096560955047607,-0.01884816400706768,0.28000640869140625,0.5050743818283081,-0.046626921743154526,0.2994612157344818,0.4381399154663086,-0.06532494723796844,0.3121641278266907,0.38640230894088745,-0.07469023019075394,0.21072502434253693,0.6067522168159485,-0.015841180458664894,0.20171572268009186,0.48157036304473877,-0.045226309448480606,0.20003022253513336,0.4088645279407501,-0.0630042627453804,0.1971352994441986,0.35284021496772766,-0.06851045787334442,0.1728680431842804,0.6361318826675415,-0.019045980647206306,0.15409569442272186,0.5951058268547058,-0.06446313858032227,0.16542646288871765,0.6439586877822876,-0.07707542926073074,0.17355236411094666,0.6789795756340027,-0.06966637820005417,0.14344489574432373,0.6802366375923157,-0.025100810453295708,0.1358858346939087,0.6508660316467285,-0.05945402383804321,0.14842896163463593,0.6913774609565735,-0.06107781454920769,0.15829579532146454,0.7234485149383545,-0.05160360038280487,brake
0.21057914197444916,0.9462954998016357,7.496256557715242e-07,0.25149521231651306,0.8929134607315063,-0.04081716388463974,0.25303709506988525,0.8080287575721741,-0.05573928728699684,0.2087932974100113,0.7401970624923706,-0.06846068799495697,0.17132972180843353,0.6855615973472595,-0.07758022844791412,0.2684808671474457,0.6772003769874573,-0.017589766532182693,0.29667040705680847,0.5750726461410522,-0.044433921575546265,0.316662073135376,0.5095058083534241,-0.06141521781682968,0.3290652632713318,0.4567561149597168,-0.06965543329715729,0.22636455297470093,0.6725404262542725,-0.014824042096734047,0.21858438849449158,0.5507259368896484,-0.04526925086975098,0.2147374302148819,0.47572869062423706,-0.06281780451536179,0.2098080962896347,0.41531750559806824,-0.06756523251533508,0.18975183367729187,0.7010226249694824,-0.01800922490656376,0.1693752110004425,0.6663534045219421,-0.06558719277381897,0.1831202358007431,0.7230345010757446,-0.07703312486410141,0.19393779337406158,0.7644261717796326,-0.06751509010791779,0.1624051332473755,0.7449835538864136,-0.023921126499772072,0.15367814898490906,0.7220032811164856,-0.060384321957826614,0.1695953607559204,0.7682116031646729,-0.06200092285871506,0.18326717615127563,0.8043084144592285,-0.051534831523895264,brake
0.21518486738204956,0.9912514090538025,7.758652031952806e-07,0.2564341723918915,0.9497559666633606,-0.04455259442329407,0.2605442404747009,0.8762782216072083,-0.06134150177240372,0.21675866842269897,0.8164852857589722,-0.074848473072052,0.18113742768764496,0.7644315958023071,-0.08452663570642471,0.2704674005508423,0.7374697923660278,-0.025208130478858948,0.3000366687774658,0.6323034763336182,-0.052110809832811356,0.3190558850765228,0.5659502744674683,-0.06726208329200745,0.33082565665245056,0.5137331485748291,-0.07329285144805908,0.2273457944393158,0.732196569442749,-0.020619338378310204,0.21660228073596954,0.6112015247344971,-0.05097562447190285,0.21399717032909393,0.5386863946914673,-0.06714530289173126,0.21181978285312653,0.4817851185798645,-0.06992971152067184,0.19055965542793274,0.7575289011001587,-0.022098492830991745,0.1792343258857727,0.735129714012146,-0.06951834261417389,0.18990062177181244,0.7942681312561035,-0.08098586648702621,0.19632233679294586,0.8330557346343994,-0.07039858400821686,0.16387003660202026,0.7958139777183533,-0.026349525898694992,0.15924929082393646,0.7742547988891602,-0.058561164885759354,0.17008134722709656,0.8141048550605774,-0.057780422270298004,0.1767590492963791,0.8437992930412292,-0.045774754136800766,brake
0.20552223920822144,1.0480153560638428,7.165933197939012e-07,0.245555579662323,1.0133527517318726,-0.03647575154900551,0.2556073069572449,0.9530468583106995,-0.05255194008350372,0.20975527167320251,0.9054552316665649,-0.06737522780895233,0.17350797355175018,0.863526463508606,-0.07927058637142181,0.26849132776260376,0.8180900812149048,-0.024735236540436745,0.29547247290611267,0.7118580341339111,-0.051673151552677155,0.31067538261413574,0.6455801129341125,-0.06627440452575684,0.31900131702423096,0.5923410654067993,-0.0720938891172409,0.22590629756450653,0.8135090470314026,-0.024409284815192223,0.21157154440879822,0.6958214640617371,-0.054762959480285645,0.20614680647850037,0.6251175403594971,-0.07247667759656906,0.20213906466960907,0.5670123100280762,-0.07692138850688934,0.18921978771686554,0.8359060883522034,-0.02867252565920353,0.18087127804756165,0.8273704648017883,-0.07290863245725632,0.18924911320209503,0.8817365765571594,-0.08396611362695694,0.1924498826265335,0.9134945869445801,-0.07458414137363434,0.15982960164546967,0.8713461756706238,-0.03515774384140968,0.15778987109661102,0.8649043440818787,-0.06315641105175018,0.16658227145671844,0.9004403948783875,-0.06073072552680969,0.1705029308795929,0.9242138266563416,-0.04855336621403694,brake
0.2011248916387558,1.0302698612213135,8.210431019506359e-07,0.23636820912361145,1.0056555271148682,-0.03813564032316208,0.2456946223974228,0.9508740901947021,-0.05683017894625664,0.19357183575630188,0.9115466475486755,-0.07379599660634995,0.14955613017082214,0.8808092474937439,-0.08808071911334991,0.25593259930610657,0.8230910897254944,-0.02933145873248577,0.28088152408599854,0.7186888456344604,-0.05958208069205284,0.29738128185272217,0.6531626582145691,-0.07510199397802353,0.30602359771728516,0.6003978252410889,-0.08111109584569931,0.21145910024642944,0.8185210227966309,-0.029050765559077263,0.19596965610980988,0.7057062983512878,-0.06281093508005142,0.18905282020568848,0.6375552415847778,-0.08098536729812622,0.18151842057704926,0.5780277252197266,-0.08459789305925369,0.175770103931427,0.8413758873939514,-0.033323366194963455,0.1614341139793396,0.8486182689666748,-0.08100193738937378,0.17611949145793915,0.9051889181137085,-0.09123968333005905,0.18556709587574005,0.934259831905365,-0.07983183860778809,0.14807116985321045,0.8764674663543701,-0.03993001952767372,0.14400692284107208,0.8811497688293457,-0.07013546675443649,0.15921103954315186,0.9216408729553223,-0.06691960245370865,0.16935086250305176,0.9469692707061768,-0.053203318268060684,brake
0.1965000480413437,1.0069825649261475,8.388254286728625e-07,0.23114195466041565,0.9867197871208191,-0.04003287851810455,0.240751713514328,0.9354521036148071,-0.06092657521367073,0.1885160654783249,0.89463871717453,-0.07960018515586853,0.14438235759735107,0.8606574535369873,-0.09555318206548691,0.24924303591251373,0.8070759773254395,-0.03482641652226448,0.27469292283058167,0.7028841972351074,-0.0671023353934288,0.2908865213394165,0.6366676092147827,-0.08402061462402344,0.2997964918613434,0.5823065042495728,-0.09098144620656967,0.20444978773593903,0.8026617169380188,-0.03425190597772598,0.19123737514019012,0.6919921636581421,-0.07022871822118759,0.18429940938949585,0.6234452128410339,-0.08920656889677048,0.1768602728843689,0.5624953508377075,-0.09340924024581909,0.1683892011642456,0.8247802257537842,-0.0380646288394928,0.1555252969264984,0.8294141292572021,-0.08761276304721832,0.168942391872406,0.8863006830215454,-0.0961960181593895,0.17789128422737122,0.9164324998855591,-0.08359843492507935,0.14036281406879425,0.859381914138794,-0.04430217295885086,0.13689376413822174,0.8602314591407776,-0.07561537623405457,0.15167565643787384,0.90042644739151,-0.07088511437177658,0.16152432560920715,0.9252191185951233,-0.055938467383384705,brake
0.20764996111392975,1.007660984992981,8.418988386438286e-07,0.24385210871696472,0.9746078848838806,-0.03619919717311859,0.24725374579429626,0.912295401096344,-0.05300603061914444,0.19933976233005524,0.8701234459877014,-0.06858264654874802,0.15974801778793335,0.8354217410087585,-0.08116111159324646,0.26045018434524536,0.7867678999900818,-0.0246695876121521,0.28788331151008606,0.6837049722671509,-0.055098939687013626,0.3065759539604187,0.6172755360603333,-0.071997731924057,0.31779658794403076,0.5641714334487915,-0.0788988396525383,0.2168724685907364,0.7844751477241516,-0.02466714195907116,0.20556806027889252,0.675338089466095,-0.05915320664644241,0.19976380467414856,0.6028954386711121,-0.07823270559310913,0.19377893209457397,0.5384712219238281,-0.08247227966785431,0.18142732977867126,0.8094906806945801,-0.02927393652498722,0.16415289044380188,0.8036472797393799,-0.07675415277481079,0.17692121863365173,0.8574656844139099,-0.08646409213542938,0.1863328367471695,0.8879921436309814,-0.07479267567396164,0.15402865409851074,0.8484066128730774,-0.0360841304063797,0.1457720696926117,0.844622790813446,-0.06603749841451645,0.15835589170455933,0.8821656107902527,-0.06237585097551346,0.16789348423480988,0.9055677652359009,-0.0484054796397686,brake
0.21205443143844604,0.9773145318031311,8.150342409862787e-07,0.2551787495613098,0.940114438533783,-0.039665479212999344,0.26378414034843445,0.8696609735488892,-0.05478616803884506,0.218220055103302,0.8154181838035583,-0.06776287406682968,0.1818544864654541,0.7698978781700134,-0.07757344841957092,0.2752056419849396,0.7365590333938599,-0.02182609587907791,0.30576014518737793,0.6325586438179016,-0.04936710372567177,0.3271719813346863,0.5655480027198792,-0.06550119072198868,0.3409782648086548,0.5127991437911987,-0.071866475045681,0.23127588629722595,0.7304766774177551,-0.01925365813076496,0.22386561334133148,0.611236572265625,-0.050262775272130966,0.22104008495807648,0.5344423055648804,-0.06892085075378418,0.21928192675113678,0.47203686833381653,-0.07347980886697769,0.19456250965595245,0.7522668242454529,-0.022011004388332367,0.18223977088928223,0.7322355508804321,-0.06838447600603104,0.18841494619846344,0.7889074087142944,-0.08043605834245682,0.19300967454910278,0.8263072967529297,-0.07042288780212402,0.16718286275863647,0.7874459028244019,-0.027189943939447403,0.16159823536872864,0.7676059603691101,-0.05718022584915161,0.16966277360916138,0.806003987789154,-0.0551627017557621,0.17668968439102173,0.8347652554512024,-0.04245799034833908,brake
0.23181749880313873,0.8975322842597961,7.645486448382144e-07,0.27692919969558716,0.847641110420227,-0.03775591775774956,0.28198039531707764,0.7680370211601257,-0.05398723855614662,0.24507129192352295,0.7060641646385193,-0.06793146580457687,0.21027608215808868,0.6566910743713379,-0.07858332991600037,0.2965775430202484,0.6538174748420715,-0.027070380747318268,0.32949864864349365,0.5462626814842224,-0.05626535043120384,0.3510446548461914,0.4791395664215088,-0.07386219501495361,0.3646509647369385,0.42664361000061035,-0.08161433786153793,0.2555302381515503,0.6443679928779602,-0.024773675948381424,0.2555299997329712,0.5223177671432495,-0.055656611919403076,0.2552908658981323,0.44563066959381104,-0.07214632630348206,0.2524382174015045,0.3850407600402832,-0.07635632157325745,0.21796587109565735,0.6613759994506836,-0.02742956392467022,0.20880769193172455,0.6232218742370605,-0.06869629770517349,0.2195795178413391,0.6734352707862854,-0.07593069225549698,0.22586019337177277,0.7107913494110107,-0.06567011773586273,0.18972864747047424,0.6914253234863281,-0.03301945701241493,0.1891171783208847,0.664286196231842,-0.06046772748231888,0.201058492064476,0.7015843987464905,-0.05747221037745476,0.20788590610027313,0.7320347428321838,-0.04555028676986694,brake
0.24876974523067474,0.7675679326057434,7.411830438286415e-07,0.29060399532318115,0.7123675346374512,-0.03642270341515541,0.2934598922729492,0.6222728490829468,-0.04703537002205849,0.25596949458122253,0.5503618121147156,-0.055736035108566284,0.22255177795886993,0.49228420853614807,-0.0613347664475441,0.3209005892276764,0.5157474875450134,-0.01095569133758545,0.346438467502594,0.4166935682296753,-0.032741714268922806,0.36420318484306335,0.3557911813259125,-0.04603717848658562,0.37466442584991455,0.30723774433135986,-0.05188414081931114,0.2801704704761505,0.5103340148925781,-0.00789732951670885,0.2860313057899475,0.39675068855285645,-0.032096412032842636,0.29195281863212585,0.32741063833236694,-0.046426527202129364,0.29566270112991333,0.2693178951740265,-0.05005327984690666,0.2414214313030243,0.5332634449005127,-0.011045404709875584,0.2284652590751648,0.4916139245033264,-0.053913697600364685,0.23537495732307434,0.53971266746521,-0.06842446327209473,0.23990897834300995,0.5731196403503418,-0.0627722218632698,0.20919600129127502,0.5701561570167542,-0.016234053298830986,0.2079593688249588,0.539730966091156,-0.05001411959528923,0.21906496584415436,0.5806982517242432,-0.0542098730802536,0.22557155787944794,0.6109658479690552,-0.04720494896173477,brake
0.2582334578037262,0.753001868724823,7.323682780224772e-07,0.2971668243408203,0.6985794305801392,-0.03630441054701805,0.3005712926387787,0.6065451502799988,-0.04795179143548012,0.2629735469818115,0.5299146771430969,-0.05766408145427704,0.2254507690668106,0.4718044400215149,-0.06433286517858505,0.3292457163333893,0.4993690550327301,-0.010856498032808304,0.35154417157173157,0.3980230391025543,-0.032310206443071365,0.3669458031654358,0.33688247203826904,-0.04543866217136383,0.37693989276885986,0.2885938882827759,-0.051377348601818085,0.28755563497543335,0.496921181678772,-0.008236927911639214,0.2904086112976074,0.3799004554748535,-0.03346889838576317,0.2953502833843231,0.30957740545272827,-0.049037665128707886,0.2997778654098511,0.2527709901332855,-0.053296513855457306,0.2493736445903778,0.5227094888687134,-0.011445692740380764,0.23231421411037445,0.47913575172424316,-0.056572239845991135,0.23592257499694824,0.5271613001823425,-0.07291484624147415,0.23927004635334015,0.5619429349899292,-0.06840793788433075,0.2180461883544922,0.5625301599502563,-0.016375364735722542,0.21413183212280273,0.5351085066795349,-0.05389084666967392,0.22671569883823395,0.5820818543434143,-0.059657324105501175,0.23728616535663605,0.6167977452278137,-0.05315074324607849,brake
0.26053959131240845,0.7450032830238342,7.135831765481271e-07,0.30081361532211304,0.6892836689949036,-0.03309369459748268,0.3064362108707428,0.5996192693710327,-0.04426950961351395,0.269762247800827,0.5261191725730896,-0.05462190508842468,0.23175941407680511,0.4718979299068451,-0.06223294138908386,0.33171921968460083,0.49470624327659607,-0.010075404308736324,0.3557785749435425,0.39403295516967773,-0.0325954332947731,0.3725135922431946,0.3327488601207733,-0.04668506607413292,0.38307347893714905,0.2849065065383911,-0.05319330468773842,0.2902032434940338,0.4933561682701111,-0.010254189372062683,0.2937896251678467,0.3747556209564209,-0.03636274114251137,0.29958683252334595,0.30451661348342896,-0.05262294411659241,0.3043753504753113,0.2474006712436676,-0.05730818957090378,0.25191861391067505,0.5201342701911926,-0.01576036773622036,0.23628509044647217,0.47998934984207153,-0.06049369275569916,0.24377746880054474,0.5295237898826599,-0.07426408678293228,0.25089213252067566,0.5647523403167725,-0.06785140931606293,0.21939140558242798,0.5607430338859558,-0.02294471487402916,0.21384531259536743,0.5307064056396484,-0.05866224318742752,0.2275133728981018,0.5745323300361633,-0.06124011427164078,0.24018196761608124,0.6088472008705139,-0.05242736637592316,brake
0.259956955909729,0.7407213449478149,7.374590040853946e-07,0.3005750775337219,0.6893022060394287,-0.03511451184749603,0.30677151679992676,0.6031803488731384,-0.04676114767789841,0.2713329792022705,0.5317835211753845,-0.05698518082499504,0.23535513877868652,0.4767468571662903,-0.06427963078022003,0.3313073515892029,0.49145445227622986,-0.010977771133184433,0.35652878880500793,0.3937106430530548,-0.0331532321870327,0.3742298483848572,0.3338625729084015,-0.04704047366976738,0.38539353013038635,0.2864834666252136,-0.053680140525102615,0.29043883085250854,0.4871879816055298,-0.010052474215626717,0.29506295919418335,0.37137287855148315,-0.035946596413850784,0.30171629786491394,0.3016790747642517,-0.05246518552303314,0.30659371614456177,0.24448886513710022,-0.057571686804294586,0.25246521830558777,0.5127684473991394,-0.014763419516384602,0.237661674618721,0.47457703948020935,-0.05893426388502121,0.2430129051208496,0.5219367146492004,-0.07449609041213989,0.24796095490455627,0.5535957217216492,-0.07003964483737946,0.2205231487751007,0.5532478094100952,-0.02130044810473919,0.21446770429611206,0.5303362011909485,-0.057204410433769226,0.2279883623123169,0.573718786239624,-0.062116798013448715,0.2407657951116562,0.6042054891586304,-0.0555054247379303,brake
0.25959283113479614,0.7471193075180054,7.454945034623961e-07,0.3024499714374542,0.6971800327301025,-0.03457768261432648,0.30967119336128235,0.612891674041748,-0.04766960069537163,0.27363428473472595,0.542178750038147,-0.05974283441901207,0.23624952137470245,0.48781490325927734,-0.06914118677377701,0.3303682804107666,0.4988950192928314,-0.0142826484516263,0.35785171389579773,0.4003174901008606,-0.03865360468626022,0.37556296586990356,0.3399564027786255,-0.05361463874578476,0.3874882757663727,0.2920982837677002,-0.060747984796762466,0.28884702920913696,0.495435506105423,-0.014670019969344139,0.2933841347694397,0.37721914052963257,-0.04297132045030594,0.2997666895389557,0.30623167753219604,-0.06027328595519066,0.3055003881454468,0.24789240956306458,-0.06575564295053482,0.24995547533035278,0.5214606523513794,-0.02035098895430565,0.23694249987602234,0.48183414340019226,-0.06693671643733978,0.24248234927654266,0.5307387113571167,-0.08143847435712814,0.2472267597913742,0.5637477040290833,-0.0757712870836258,0.21706263720989227,0.5625144243240356,-0.027712399140000343,0.21226954460144043,0.5350934267044067,-0.06488624215126038,0.22649699449539185,0.5798788666725159,-0.06807459890842438,0.23918327689170837,0.6127501726150513,-0.05986136198043823,brake
0.2652951180934906,0.7425699234008789,7.244133826134203e-07,0.3075758218765259,0.6885825395584106,-0.03129136189818382,0.31567731499671936,0.606033980846405,-0.04379593953490257,0.2816212475299835,0.5374154448509216,-0.05607686936855316,0.24447444081306458,0.48516303300857544,-0.06564261764287949,0.3359419107437134,0.49389734864234924,-0.012676430866122246,0.3626217246055603,0.3931235671043396,-0.03691132366657257,0.3810122311115265,0.33224961161613464,-0.05172800272703171,0.3929772973060608,0.2850954532623291,-0.0584360770881176,0.29420995712280273,0.49009037017822266,-0.01416327990591526,0.29682642221450806,0.37203770875930786,-0.04082749783992767,0.3024924099445343,0.30103304982185364,-0.05710753798484802,0.306833952665329,0.24340733885765076,-0.062101949006319046,0.25532692670822144,0.5148258805274963,-0.020718272775411606,0.24328704178333282,0.48222804069519043,-0.06343331933021545,0.25011661648750305,0.5299031138420105,-0.07642931491136551,0.25464341044425964,0.5617921352386475,-0.07061591744422913,0.22273258864879608,0.5547352433204651,-0.029047127813100815,0.21851108968257904,0.5324211120605469,-0.06086760759353638,0.23133549094200134,0.5725675821304321,-0.062206972390413284,0.24176287651062012,0.602168619632721,-0.05365518108010292,brake
0.283083975315094,0.7189666628837585,7.713237550888152e-07,0.32402658462524414,0.6644827723503113,-0.0364152267575264,0.32798296213150024,0.5742746591567993,-0.04808151721954346,0.2894763946533203,0.4977308511734009,-0.05722079798579216,0.24696525931358337,0.44702330231666565,-0.06314966082572937,0.35439586639404297,0.472164124250412,-0.014595660381019115,0.38285067677497864,0.37274712324142456,-0.03704982250928879,0.4030413329601288,0.31382399797439575,-0.04945432022213936,0.41501113772392273,0.2676367163658142,-0.05427386611700058,0.3117745518684387,0.4663849472999573,-0.011033130809664726,0.316152960062027,0.34968462586402893,-0.03598502278327942,0.3213352560997009,0.2808018922805786,-0.05069549381732941,0.32385018467903137,0.22433537244796753,-0.05418221279978752,0.27301034331321716,0.48931649327278137,-0.013142243027687073,0.2563912272453308,0.4599638283252716,-0.05636660382151604,0.26044565439224243,0.50388503074646,-0.07333744317293167,0.2630973756313324,0.5339953303337097,-0.06955137848854065,0.2421054244041443,0.5260936617851257,-0.017074763774871826,0.2404671311378479,0.5116940140724182,-0.05069915950298309,0.25373151898384094,0.5521858930587769,-0.05699215829372406,0.2626783549785614,0.5805212259292603,-0.05172833427786827,brake
0.3188754916191101,0.6943702697753906,7.474400263163261e-07,0.3635094165802002,0.6445327997207642,-0.035662997514009476,0.3706890046596527,0.5517574548721313,-0.04677082598209381,0.33437448740005493,0.47947967052459717,-0.055945444852113724,0.29620790481567383,0.4266078472137451,-0.0620882548391819,0.38985732197761536,0.4510655105113983,-0.013603197410702705,0.4197046756744385,0.35550662875175476,-0.03585309535264969,0.4386584460735321,0.296472430229187,-0.04934215918183327,0.4500792920589447,0.2496412992477417,-0.05571320280432701,0.34732961654663086,0.44441866874694824,-0.012452123686671257,0.35093072056770325,0.323922336101532,-0.03631698340177536,0.3569272458553314,0.2536473870277405,-0.04917748644948006,0.3588705360889435,0.1972804069519043,-0.05166827514767647,0.30724745988845825,0.4682237505912781,-0.01690986193716526,0.29461589455604553,0.4190364480018616,-0.05877166986465454,0.30789682269096375,0.4709177315235138,-0.06777743995189667,0.31487151980400085,0.507533073425293,-0.0588957741856575,0.2734774053096771,0.506373941898346,-0.02368297055363655,0.2746742367744446,0.48008424043655396,-0.057905495166778564,0.28914082050323486,0.5247487425804138,-0.05868402123451233,0.29627594351768494,0.5575448870658875,-0.04907911270856857,brake
0.33294355869293213,0.6849733591079712,6.960545988476952e-07,0.3804810345172882,0.6330152750015259,-0.03125884756445885,0.3909003734588623,0.5386611223220825,-0.04184918478131294,0.3567987382411957,0.46178147196769714,-0.05237220227718353,0.31600454449653625,0.4091145992279053,-0.060592956840991974,0.40126174688339233,0.43616434931755066,-0.011643851175904274,0.4303200840950012,0.33714935183525085,-0.03483279049396515,0.44711682200431824,0.277124285697937,-0.04903449863195419,0.45844775438308716,0.22715908288955688,-0.056199461221694946,0.3589363396167755,0.43148645758628845,-0.01448639016598463,0.36105746030807495,0.3070867657661438,-0.041105903685092926,0.3679211735725403,0.23322956264019012,-0.055739875882864,0.3723227381706238,0.1742490828037262,-0.05980530008673668,0.3184094727039337,0.4578184187412262,-0.022300634533166885,0.31149405241012573,0.407434344291687,-0.06860071420669556,0.32461056113243103,0.46683359146118164,-0.07675666362047195,0.3305482566356659,0.5101374983787537,-0.06632369756698608,0.2832023501396179,0.5001095533370972,-0.03185388445854187,0.2868034541606903,0.4622464179992676,-0.06942318379878998,0.3033010959625244,0.5103252530097961,-0.06817372143268585,0.3115522265434265,0.5500223636627197,-0.05644264072179794,brake
0.3419189453125,0.6765170693397522,6.784557058381324e-07,0.38922861218452454,0.6241899132728577,-0.03085852786898613,0.39920279383659363,0.5299147367477417,-0.04164227098226547,0.36536693572998047,0.4546290934085846,-0.05249396711587906,0.32416772842407227,0.40349823236465454,-0.06108041852712631,0.4060189723968506,0.42357850074768066,-0.012446931563317776,0.43375080823898315,0.3237549364566803,-0.03515826538205147,0.4492321312427521,0.26313066482543945,-0.049396779388189316,0.45933154225349426,0.21240000426769257,-0.05694488063454628,0.3635203540325165,0.4195655882358551,-0.015430017374455929,0.36385872960090637,0.2955980896949768,-0.04180886596441269,0.3693331182003021,0.22162660956382751,-0.05668606609106064,0.3720569908618927,0.16193193197250366,-0.06137964501976967,0.32305383682250977,0.447388231754303,-0.02310173213481903,0.3160765469074249,0.3924998641014099,-0.06826750934123993,0.3324567973613739,0.4521154463291168,-0.07513083517551422,0.3400426208972931,0.4967295527458191,-0.06438957899808884,0.28847557306289673,0.4914917051792145,-0.03251061588525772,0.2921599745750427,0.4479215145111084,-0.06892261654138565,0.3109703063964844,0.49452048540115356,-0.06640136986970901,0.3203717768192291,0.5347325801849365,-0.05406664311885834,brake
0.37313467264175415,0.668700098991394,7.131547477001732e-07,0.41983985900878906,0.6133304834365845,-0.03251063451170921,0.4294505715370178,0.5155268907546997,-0.04376101866364479,0.3955455720424652,0.4392074644565582,-0.05451781302690506,0.3541308641433716,0.3876674473285675,-0.06293581426143646,0.43499135971069336,0.40667110681533813,-0.014338728971779346,0.46145099401474,0.30374905467033386,-0.03765702247619629,0.4762314558029175,0.24157534539699554,-0.05237201973795891,0.48515334725379944,0.18994063138961792,-0.060075417160987854,0.39028772711753845,0.40589943528175354,-0.01740850694477558,0.3890792727470398,0.27714619040489197,-0.04382099211215973,0.3935036361217499,0.20203612744808197,-0.05909975990653038,0.39528191089630127,0.14067694544792175,-0.06380704790353775,0.3481735289096832,0.4373936355113983,-0.02530158869922161,0.34838882088661194,0.385780930519104,-0.07150710374116898,0.3637354075908661,0.44410333037376404,-0.07944783568382263,0.36840248107910156,0.4854784309864044,-0.06926058977842331,0.311958372592926,0.4845367968082428,-0.03501724451780319,0.32007139921188354,0.4446185827255249,-0.0726080983877182,0.3393562436103821,0.4907153844833374,-0.07036233693361282,0.34806108474731445,0.5296307802200317,-0.05807171389460564,brake
0.38831523060798645,0.6684672236442566,7.21655680990807e-07,0.4359566569328308,0.6154714226722717,-0.031182751059532166,0.44626718759536743,0.5178318619728088,-0.04264459386467934,0.41377878189086914,0.44201722741127014,-0.05418224260210991,0.3731051981449127,0.3916684091091156,-0.06328308582305908,0.44463446736335754,0.4053676426410675,-0.015492045320570469,0.4704236388206482,0.2985466420650482,-0.04040398448705673,0.48565739393234253,0.23507487773895264,-0.05594619736075401,0.49457281827926636,0.18145880103111267,-0.06400308758020401,0.4004446566104889,0.40556931495666504,-0.019480792805552483,0.3994169235229492,0.2748722434043884,-0.04672136530280113,0.4044578969478607,0.1979292333126068,-0.06188051030039787,0.40583476424217224,0.13403230905532837,-0.06668944656848907,0.3595704436302185,0.43779218196868896,-0.028087753802537918,0.3620123565196991,0.38563019037246704,-0.07290254533290863,0.38010531663894653,0.4457753300666809,-0.07821366935968399,0.38627922534942627,0.4884639084339142,-0.06668552756309509,0.3253890573978424,0.48598283529281616,-0.038710251450538635,0.3374263048171997,0.4501517415046692,-0.0729617029428482,0.3563769459724426,0.4937865436077118,-0.06832145899534225,0.3630811870098114,0.529265284538269,-0.054978083819150925,brake
0.4155704975128174,0.6842830777168274,7.693279826526123e-07,0.46799615025520325,0.6279374361038208,-0.03445887193083763,0.4798768162727356,0.5259861946105957,-0.04651753604412079,0.44181790947914124,0.4509776830673218,-0.05833805724978447,0.395760178565979,0.40176936984062195,-0.06750034540891647,0.47323426604270935,0.4099300801753998,-0.016023939475417137,0.49999308586120605,0.30057111382484436,-0.04082144796848297,0.5142419338226318,0.23558484017848969,-0.05589956045150757,0.523331344127655,0.1816277801990509,-0.06372776627540588,0.4265810549259186,0.41000619530677795,-0.019258171319961548,0.42356589436531067,0.2749600410461426,-0.04771004989743233,0.4285670518875122,0.194911926984787,-0.06381931155920029,0.4305904507637024,0.132429838180542,-0.0691002681851387,0.38458821177482605,0.44434115290641785,-0.02765459567308426,0.38252851366996765,0.38893991708755493,-0.07692063599824905,0.4029461443424225,0.4505406320095062,-0.08577138185501099,0.4113016426563263,0.49959927797317505,-0.07539713382720947,0.350277841091156,0.49514317512512207,-0.03800784423947334,0.35999196767807007,0.4541016221046448,-0.07817286998033524,0.3843027651309967,0.4994412660598755,-0.07731038331985474,0.39636728167533875,0.541279137134552,-0.06558490544557571,brake
0.43655291199684143,0.6881780624389648,7.227930041153741e-07,0.49043598771095276,0.6344236731529236,-0.03286254033446312,0.5069547891616821,0.5339105129241943,-0.0449974499642849,0.47792601585388184,0.4592149257659912,-0.0572144091129303,0.4380396008491516,0.40926483273506165,-0.06682654470205307,0.4917197823524475,0.41972872614860535,-0.021549275144934654,0.5175670981407166,0.3032088875770569,-0.04876112937927246,0.532805860042572,0.23708590865135193,-0.06375319510698318,0.5427313446998596,0.18262198567390442,-0.0705265924334526,0.44709512591362,0.4190134108066559,-0.02580197900533676,0.4424237012863159,0.2769630551338196,-0.05663302540779114,0.44874894618988037,0.19675008952617645,-0.07200273126363754,0.4524509608745575,0.13480842113494873,-0.07612918317317963,0.40639787912368774,0.45137932896614075,-0.03461090847849846,0.4131143093109131,0.394884318113327,-0.08358576893806458,0.43364715576171875,0.45815613865852356,-0.0880851075053215,0.44063907861709595,0.5064153671264648,-0.07456571608781815,0.37244006991386414,0.500316321849823,-0.04536832496523857,0.38562625646591187,0.4543781876564026,-0.0813370943069458,0.40785303711891174,0.495716392993927,-0.075349822640419,0.41588571667671204,0.5351508855819702,-0.06052582338452339,brake
0.44685089588165283,0.6827232241630554,6.957012033126375e-07,0.49822431802749634,0.6270084381103516,-0.029068641364574432,0.5140915513038635,0.5252071022987366,-0.038078658282756805,0.48838338255882263,0.44722461700439453,-0.04695264250040054,0.45130854845046997,0.3956092894077301,-0.05339436233043671,0.5026193261146545,0.4160914421081543,-0.01777956262230873,0.5258713364601135,0.29971081018447876,-0.03892479091882706,0.5401063561439514,0.23677171766757965,-0.05014282464981079,0.5494181513786316,0.18252915143966675,-0.055356383323669434,0.4582575559616089,0.41196125745773315,-0.021070659160614014,0.45293065905570984,0.2760012745857239,-0.04475916177034378,0.4586324095726013,0.19966210424900055,-0.057752545922994614,0.4634961783885956,0.13995254039764404,-0.062366217374801636,0.41633620858192444,0.439419686794281,-0.028300773352384567,0.42661038041114807,0.3795894980430603,-0.07110494375228882,0.44446706771850586,0.4341966509819031,-0.07994193583726883,0.4509159326553345,0.48145854473114014,-0.07254589349031448,0.38125354051589966,0.4835304021835327,-0.0369180291891098,0.3998136520385742,0.4481813311576843,-0.0726902186870575,0.4251371920108795,0.49017763137817383,-0.07327983528375626,0.4378525912761688,0.5333696603775024,-0.06442482024431229,brake
0.4784107804298401,0.6727893352508545,7.233190899569308e-07,0.5305758714675903,0.6173014640808105,-0.03388688713312149,0.5517542362213135,0.5184953808784485,-0.04613891988992691,0.5239738821983337,0.44374769926071167,-0.0587255023419857,0.48688480257987976,0.38391971588134766,-0.06818977743387222,0.5439659357070923,0.39634931087493896,-0.01425120234489441,0.5631899833679199,0.28591033816337585,-0.03936673328280449,0.5732432007789612,0.2235277146100998,-0.05399635434150696,0.5794798135757446,0.16895601153373718,-0.062111321836709976,0.49541160464286804,0.3956213593482971,-0.019936416298151016,0.48836106061935425,0.25760388374328613,-0.051134057343006134,0.49156129360198975,0.18306906521320343,-0.06798431277275085,0.4912783205509186,0.12134432792663574,-0.07316698133945465,0.44955897331237793,0.43060755729675293,-0.03095756657421589,0.4594292640686035,0.3700551688671112,-0.08551784604787827,0.4797753095626831,0.4463654160499573,-0.09185245633125305,0.48447445034980774,0.4958324432373047,-0.07870790362358093,0.4103117287158966,0.48348477482795715,-0.04381078854203224,0.432449072599411,0.4520972669124603,-0.08904906362295151,0.45527201890945435,0.5052727460861206,-0.08783435076475143,0.459765762090683,0.5408919453620911,-0.07524064928293228,brake
0.4819542467594147,0.6834587454795837,7.035876024019672e-07,0.533088207244873,0.625140905380249,-0.03366878256201744,0.5565391778945923,0.5229790806770325,-0.04526396468281746,0.5267514586448669,0.4506915807723999,-0.05737345293164253,0.4832269847393036,0.3987714648246765,-0.0662723034620285,0.5471041798591614,0.390165239572525,-0.01040014810860157,0.5657477378845215,0.2836728096008301,-0.032984811812639236,0.576297402381897,0.22179767489433289,-0.04680783674120903,0.5831721425056458,0.16967186331748962,-0.054898954927921295,0.49670490622520447,0.39250725507736206,-0.01649976149201393,0.4862304925918579,0.25765350461006165,-0.04554665461182594,0.48949190974235535,0.18400199711322784,-0.06187370792031288,0.4893779456615448,0.12367388606071472,-0.06722985953092575,0.4501587748527527,0.43088942766189575,-0.028345484286546707,0.4546578526496887,0.37067314982414246,-0.08187693357467651,0.47638383507728577,0.4478636085987091,-0.09046874195337296,0.4815361499786377,0.4971320927143097,-0.07919173687696457,0.410356730222702,0.4871215522289276,-0.04209153354167938,0.4307187497615814,0.4522913694381714,-0.08618830889463425,0.4552277624607086,0.5040940642356873,-0.08694111555814743,0.46204081177711487,0.5384430885314941,-0.07646317034959793,brake
0.5012186765670776,0.6834954023361206,7.519522000620782e-07,0.5550656914710999,0.6251554489135742,-0.03554094582796097,0.5702759027481079,0.5208187699317932,-0.04730952903628349,0.5309886336326599,0.45516616106033325,-0.05863665044307709,0.4833885133266449,0.40765291452407837,-0.0669107735157013,0.5456912517547607,0.39283108711242676,-0.01427522487938404,0.5610386729240417,0.2830943465232849,-0.03540435805916786,0.5670603513717651,0.218908429145813,-0.04748527705669403,0.5709264874458313,0.1656276285648346,-0.05408129468560219,0.4927273094654083,0.39585739374160767,-0.018371790647506714,0.47213491797447205,0.26117169857025146,-0.044879790395498276,0.47318094968795776,0.18449179828166962,-0.05786262825131416,0.4748596251010895,0.12443414330482483,-0.06103895604610443,0.4468289315700531,0.4351654350757599,-0.02828792668879032,0.45151278376579285,0.3663140833377838,-0.08182919025421143,0.47732874751091003,0.4415857493877411,-0.09087026864290237,0.48552319407463074,0.49564725160598755,-0.08019577711820602,0.41135373711586,0.4928998649120331,-0.039863184094429016,0.43399691581726074,0.4511268734931946,-0.08700842410326004,0.4636404812335968,0.5042166709899902,-0.0890917181968689,0.47475767135620117,0.5461469888687134,-0.07910642772912979,brake
0.5217125415802002,0.6942235231399536,8.074034099081473e-07,0.5728020668029785,0.6342172622680664,-0.03701756149530411,0.5843684673309326,0.5292174816131592,-0.05086958780884743,0.5453895330429077,0.4625972807407379,-0.0642535537481308,0.5013120174407959,0.41121143102645874,-0.0741896778345108,0.5513044595718384,0.40175190567970276,-0.019842060282826424,0.5640056729316711,0.2848140001296997,-0.04594453424215317,0.5685780644416809,0.2187255471944809,-0.060134582221508026,0.5694299936294556,0.1628534495830536,-0.067342609167099,0.5007439851760864,0.4108099043369293,-0.024559585377573967,0.4821928143501282,0.27218616008758545,-0.05725540220737457,0.4799659252166748,0.19104334712028503,-0.07409467548131943,0.4766782820224762,0.1266489326953888,-0.07909107953310013,0.45871502161026,0.4534265398979187,-0.03483307734131813,0.46906691789627075,0.39317601919174194,-0.0916898101568222,0.4974393844604492,0.4640623927116394,-0.10096125304698944,0.5075260400772095,0.5152170062065125,-0.08958455920219421,0.4271557331085205,0.5127601623535156,-0.04692067205905914,0.45097100734710693,0.4771464467048645,-0.09379107505083084,0.4817981421947479,0.5283112525939941,-0.09454148262739182,0.4937598407268524,0.5692603588104248,-0.0833294466137886,brake
0.5350227952003479,0.7551663517951965,8.566813107790949e-07,0.5882245898246765,0.6932567358016968,-0.0379319041967392,0.6024418473243713,0.5908973813056946,-0.05403744429349899,0.5670906901359558,0.5204432010650635,-0.07021965086460114,0.5196560621261597,0.47007855772972107,-0.0832291916012764,0.575177013874054,0.44491222500801086,-0.02270224690437317,0.5898237228393555,0.3195369839668274,-0.05369321256875992,0.5950517058372498,0.24612051248550415,-0.07119680196046829,0.5970964431762695,0.1847541332244873,-0.08040875941514969,0.5189498662948608,0.4496784210205078,-0.030140407383441925,0.4987733066082001,0.30069565773010254,-0.06799112260341644,0.4968774616718292,0.21557918190956116,-0.08917347341775894,0.4946775734424591,0.14572760462760925,-0.09619565308094025,0.4699440896511078,0.4946795701980591,-0.04314170405268669,0.48501792550086975,0.441550076007843,-0.1042124330997467,0.5106120705604553,0.5137113332748413,-0.11653231084346771,0.5160917043685913,0.5601068735122681,-0.1062956154346466,0.43126729130744934,0.5594520568847656,-0.05783294513821602,0.4601477384567261,0.5292486548423767,-0.10517039149999619,0.4899236261844635,0.5781345963478088,-0.10543085634708405,0.49767765402793884,0.6114387512207031,-0.09386979043483734,brake
0.5369635820388794,0.782593846321106,8.599406555731548e-07,0.5928098559379578,0.7180699706077576,-0.038676667958498,0.608245849609375,0.6144452095031738,-0.05558008700609207,0.5737394094467163,0.5445787310600281,-0.07294808328151703,0.5283116698265076,0.48874399065971375,-0.08661635965108871,0.5792485475540161,0.4550475478172302,-0.024613091722130775,0.5931572318077087,0.3257538676261902,-0.05795253440737724,0.5980321764945984,0.24863062798976898,-0.07657644897699356,0.5979088544845581,0.18244367837905884,-0.08612889051437378,0.5208154320716858,0.4592192769050598,-0.03273947164416313,0.4985385537147522,0.30664390325546265,-0.0736791267991066,0.49330103397369385,0.2184806764125824,-0.09618259221315384,0.48676472902297974,0.144148588180542,-0.10308219492435455,0.47069835662841797,0.5047493577003479,-0.04642713814973831,0.4914313852787018,0.46341875195503235,-0.1092010959982872,0.5178864002227783,0.5395862460136414,-0.12108452618122101,0.5222601890563965,0.5856955051422119,-0.10908747464418411,0.43181753158569336,0.5694380402565002,-0.06220672279596329,0.463424950838089,0.5482843518257141,-0.10808131843805313,0.4931664764881134,0.597308874130249,-0.10721490532159805,0.5003345012664795,0.627535343170166,-0.09423085302114487,brake
0.5341124534606934,0.7997730374336243,8.359070307051297e-07,0.5912749171257019,0.7356380820274353,-0.039125360548496246,0.6079412698745728,0.6283254623413086,-0.05410086363554001,0.5735498666763306,0.555156946182251,-0.06979359686374664,0.5255721807479858,0.4974292814731598,-0.08183539658784866,0.5769531726837158,0.4556441307067871,-0.018959863111376762,0.5900473594665527,0.3234524130821228,-0.04933885857462883,0.5951598882675171,0.24610745906829834,-0.06585623323917389,0.5952901244163513,0.18071764707565308,-0.07407215237617493,0.5164026618003845,0.45897895097732544,-0.02724900096654892,0.49207741022109985,0.304898738861084,-0.06441377103328705,0.4846321642398834,0.2179451286792755,-0.08526049554347992,0.4768695533275604,0.1484709084033966,-0.09143286943435669,0.4647999703884125,0.5065860748291016,-0.04188431426882744,0.48342418670654297,0.4619012176990509,-0.10466994345188141,0.5090638399124146,0.539322555065155,-0.12022754549980164,0.5138481259346008,0.5886200070381165,-0.11103051155805588,0.42619845271110535,0.5749457478523254,-0.05866629257798195,0.4576766788959503,0.5584520697593689,-0.10788194090127945,0.4875473380088806,0.6099728345870972,-0.11190132051706314,0.49751269817352295,0.6430605053901672,-0.1022687554359436,brake
0.5284752249717712,0.8091105222702026,8.332707466252032e-07,0.5884692668914795,0.7453078031539917,-0.04077136889100075,0.6058329343795776,0.6346125602722168,-0.056577086448669434,0.5673621296882629,0.5602547526359558,-0.07266613841056824,0.5160120725631714,0.5034913420677185,-0.08525212854146957,0.578314483165741,0.462933212518692,-0.020626749843358994,0.591978132724762,0.3291779160499573,-0.05080593377351761,0.5979430675506592,0.2506573796272278,-0.06792745739221573,0.5994642972946167,0.18304717540740967,-0.07708645612001419,0.5174179673194885,0.4667276442050934,-0.027702054008841515,0.492966890335083,0.3102208375930786,-0.06468518078327179,0.48593446612358093,0.22117576003074646,-0.08642852306365967,0.4793933928012848,0.1497896909713745,-0.09410072863101959,0.46558284759521484,0.5138959288597107,-0.04100720211863518,0.4800274074077606,0.4600493609905243,-0.10294777154922485,0.5042856931686401,0.5334292650222778,-0.11890427023172379,0.5090227127075195,0.5816702842712402,-0.11094052344560623,0.4267987012863159,0.5813417434692383,-0.05645220726728439,0.45821747183799744,0.5584786534309387,-0.10497107356786728,0.4884292185306549,0.6120403409004211,-0.10867626219987869,0.49865809082984924,0.6480193734169006,-0.0994725450873375,brake
0.5005548596382141,0.8122795820236206,9.550600452712388e-07,0.5620535016059875,0.745136022567749,-0.04343930631875992,0.5776717662811279,0.6364591717720032,-0.062144625931978226,0.5252720713615417,0.5639352202415466,-0.08030223101377487,0.4625084102153778,0.5153915882110596,-0.09581612050533295,0.5494505167007446,0.46135637164115906,-0.02816581353545189,0.5687998533248901,0.32328474521636963,-0.06096525117754936,0.5757938027381897,0.2414131760597229,-0.08112853020429611,0.5748807191848755,0.17120707035064697,-0.09363770484924316,0.4838528037071228,0.4624653458595276,-0.03464782238006592,0.46175867319107056,0.3038691282272339,-0.07318156212568283,0.4512709975242615,0.20670956373214722,-0.09675844013690948,0.43863728642463684,0.12860232591629028,-0.10727239400148392,0.4306735396385193,0.5123023986816406,-0.047076061367988586,0.4173630177974701,0.43578848242759705,-0.10698650032281876,0.4427070915699005,0.4876546263694763,-0.12462159246206284,0.45335888862609863,0.5260891318321228,-0.12076419591903687,0.3910016417503357,0.5872952938079834,-0.06198599934577942,0.4114490747451782,0.5585789084434509,-0.11337560415267944,0.4428352415561676,0.6041187047958374,-0.12053720653057098,0.457083135843277,0.6386905312538147,-0.11452268809080124,brake
0.48768624663352966,0.8362041711807251,9.718639830680331e-07,0.5440636873245239,0.7638380527496338,-0.04806686192750931,0.5595723986625671,0.6532702445983887,-0.06918231397867203,0.5108268857002258,0.584764838218689,-0.08978511393070221,0.4510761797428131,0.5346272587776184,-0.10619346052408218,0.531189501285553,0.45797908306121826,-0.028680965304374695,0.5465386509895325,0.3099154829978943,-0.06183560937643051,0.5535928606987,0.224202960729599,-0.08106367290019989,0.5542081594467163,0.1566433310508728,-0.09079619497060776,0.4640286862850189,0.4714290499687195,-0.03432668372988701,0.42771634459495544,0.3031812608242035,-0.07445211708545685,0.41794148087501526,0.20640969276428223,-0.09819475561380386,0.40820521116256714,0.1310482919216156,-0.10575511306524277,0.40869829058647156,0.5294439792633057,-0.046651650220155716,0.4181678295135498,0.4819967448711395,-0.11199454963207245,0.4534108340740204,0.5582100749015808,-0.12803618609905243,0.4655064344406128,0.609602689743042,-0.11727604269981384,0.3672060966491699,0.6080037951469421,-0.0617302730679512,0.3904320001602173,0.5837510824203491,-0.11070206761360168,0.4248477518558502,0.6317588090896606,-0.11231579631567001,0.4378572106361389,0.6669101119041443,-0.09982176870107651,brake
0.4554625451564789,0.883330762386322,1.0877212162085925e-06,0.5215123295783997,0.815929114818573,-0.06071463227272034,0.5464853048324585,0.7057880759239197,-0.08989015966653824,0.4952150583267212,0.6277464032173157,-0.11657644063234329,0.43434885144233704,0.5652130842208862,-0.13739334046840668,0.5196107625961304,0.4907664358615875,-0.04159237816929817,0.5382753610610962,0.33804500102996826,-0.08733610808849335,0.5494863986968994,0.2446821928024292,-0.11294921487569809,0.553827702999115,0.16837993264198303,-0.12494959682226181,0.4444962739944458,0.49718916416168213,-0.04425375536084175,0.4096958339214325,0.32690495252609253,-0.09902946650981903,0.4041239619255066,0.22791773080825806,-0.12670938670635223,0.39935582876205444,0.14413118362426758,-0.1323726922273636,0.3843206465244293,0.5499815940856934,-0.05495023354887962,0.40581750869750977,0.5379660725593567,-0.13213971257209778,0.44184648990631104,0.6276283264160156,-0.14499172568321228,0.45409101247787476,0.6737793684005737,-0.12666133046150208,0.33988264203071594,0.6254886984825134,-0.06987720727920532,0.37230509519577026,0.6252046823501587,-0.12012224644422531,0.40381741523742676,0.6804835200309753,-0.1168474331498146,0.41139015555381775,0.7069929242134094,-0.09843247383832932,brake
0.44303253293037415,0.902089536190033,9.931321756084799e-07,0.5046276450157166,0.8288464546203613,-0.05236078053712845,0.5267987847328186,0.7221122980117798,-0.0797399953007698,0.48117130994796753,0.6488555669784546,-0.10610658675432205,0.42254170775413513,0.5923567414283752,-0.12841422855854034,0.5048020482063293,0.5016551613807678,-0.037878721952438354,0.5260235667228699,0.3568917214870453,-0.07690469920635223,0.5377400517463684,0.2684590518474579,-0.10190266370773315,0.5440396070480347,0.19228830933570862,-0.11613713204860687,0.43140414357185364,0.5083805918693542,-0.0439433716237545,0.3970238268375397,0.3388387858867645,-0.09113480150699615,0.3914845287799835,0.2409593164920807,-0.11908938735723495,0.38980546593666077,0.16096735000610352,-0.12946680188179016,0.3707885146141052,0.5618038773536682,-0.05641099065542221,0.3928578794002533,0.5209389925003052,-0.12415223568677902,0.4229590892791748,0.5853936076164246,-0.14105908572673798,0.4322679042816162,0.6265993118286133,-0.13224998116493225,0.3262268304824829,0.6391705870628357,-0.07255164533853531,0.3559001386165619,0.6239421367645264,-0.1224788948893547,0.3913462162017822,0.6725302934646606,-0.12437926977872849,0.408808171749115,0.7068530917167664,-0.11243235319852829,brake
0.4233209490776062,0.9040821194648743,9.682505606178893e-07,0.48392730951309204,0.8369098901748657,-0.04487557336688042,0.5023297071456909,0.7316662073135376,-0.06811420619487762,0.45258471369743347,0.6586402058601379,-0.09158923476934433,0.395438015460968,0.6027423143386841,-0.11078201234340668,0.4877336919307709,0.5406186580657959,-0.035669974982738495,0.5130724310874939,0.3867679536342621,-0.07369469106197357,0.527742862701416,0.29911521077156067,-0.09441032260656357,0.5353243350982666,0.22495931386947632,-0.10430611670017242,0.42192304134368896,0.542277991771698,-0.041681040078401566,0.3925635814666748,0.37380072474479675,-0.0892515778541565,0.38639745116233826,0.27384766936302185,-0.11550413072109222,0.3814742863178253,0.1909363865852356,-0.12388874590396881,0.36694371700286865,0.5856750011444092,-0.0528661273419857,0.3803468346595764,0.550007164478302,-0.11808180063962936,0.4059613347053528,0.6282428503036499,-0.1308891624212265,0.4132266938686371,0.6821866631507874,-0.11821024864912033,0.32699817419052124,0.6491267681121826,-0.06700486689805984,0.3517521023750305,0.6384186148643494,-0.11185261607170105,0.38041844964027405,0.6870342493057251,-0.11091338098049164,0.39132535457611084,0.7216402888298035,-0.0967782512307167,brake
0.3940756022930145,0.873843789100647,8.021343091968447e-07,0.44829413294792175,0.807277262210846,-0.03556549921631813,0.4582289457321167,0.7090415954589844,-0.04974263906478882,0.40861350297927856,0.6483514308929443,-0.06444362550973892,0.35609760880470276,0.6084180474281311,-0.07583688199520111,0.44346684217453003,0.5677156448364258,-0.018350675702095032,0.4664120674133301,0.4383445680141449,-0.04365605115890503,0.4772144854068756,0.36511629819869995,-0.05734900385141373,0.48109790682792664,0.3025605082511902,-0.06361116468906403,0.39299890398979187,0.5691084861755371,-0.02198304422199726,0.37444764375686646,0.4263472259044647,-0.052234482020139694,0.36681070923805237,0.33942171931266785,-0.06980817764997482,0.3602701425552368,0.2718876302242279,-0.07544228434562683,0.34991851449012756,0.6042589545249939,-0.0307293888181448,0.3539356291294098,0.5680181384086609,-0.07818501442670822,0.37418362498283386,0.6276311278343201,-0.0898667648434639,0.3814064860343933,0.674826443195343,-0.08130878955125809,0.3160867691040039,0.6536216139793396,-0.04200030490756035,0.33099037408828735,0.6378146409988403,-0.07586649060249329,0.35588333010673523,0.6795851588249207,-0.0760049968957901,0.36930206418037415,0.7163166403770447,-0.06576782464981079,brake
0.39077886939048767,0.8360744714736938,7.30125520931324e-07,0.4411078095436096,0.7789672017097473,-0.033250756561756134,0.4505220651626587,0.6901687383651733,-0.045405805110931396,0.4089886546134949,0.6331629753112793,-0.05804027244448662,0.3645303547382355,0.5922487378120422,-0.0676131546497345,0.43416377902030945,0.5569660663604736,-0.01749996282160282,0.4553273320198059,0.44057026505470276,-0.04151475802063942,0.4646482765674591,0.37232154607772827,-0.05427686125040054,0.46805310249328613,0.3155481815338135,-0.05992208048701286,0.3882816731929779,0.5591541528701782,-0.020657585933804512,0.37147748470306396,0.43053680658340454,-0.05051920562982559,0.36462029814720154,0.34932032227516174,-0.06777231395244598,0.3591260612010956,0.2868990898132324,-0.07312001287937164,0.3503057360649109,0.5932973623275757,-0.028544031083583832,0.3494457006454468,0.5647611021995544,-0.0744810402393341,0.3698188066482544,0.6224397420883179,-0.08469999581575394,0.379734069108963,0.6670329570770264,-0.07535086572170258,0.3216526508331299,0.6410850286483765,-0.038744937628507614,0.3303501009941101,0.6219866275787354,-0.07127594202756882,0.35361725091934204,0.6592510938644409,-0.07061291486024857,0.3673578202724457,0.6922407746315002,-0.0599096342921257,brake
0.3859032094478607,0.8284092545509338,7.476800760741753e-07,0.4309643805027008,0.7805172204971313,-0.03393327072262764,0.44066286087036133,0.705717921257019,-0.04798367619514465,0.4050024449825287,0.6514119505882263,-0.06208793446421623,0.3666985034942627,0.6083352565765381,-0.07287376374006271,0.43006670475006104,0.5714493989944458,-0.021268650889396667,0.4504925608634949,0.4630023241043091,-0.047567740082740784,0.46064573526382446,0.39848265051841736,-0.060943640768527985,0.46426287293434143,0.3455495536327362,-0.06598296016454697,0.3846582770347595,0.5700725317001343,-0.023472091183066368,0.37105220556259155,0.4493224620819092,-0.055267855525016785,0.3660777807235718,0.3727356195449829,-0.07175418734550476,0.3619295656681061,0.3152332305908203,-0.07504471391439438,0.34710246324539185,0.599503219127655,-0.030381297692656517,0.35128018260002136,0.589519739151001,-0.07576820254325867,0.37098458409309387,0.6445944309234619,-0.08575688302516937,0.3809445798397064,0.6858305931091309,-0.07561785727739334,0.3177119791507721,0.6427764296531677,-0.039751868695020676,0.33255213499069214,0.6431352496147156,-0.07019306719303131,0.3546484410762787,0.6803685426712036,-0.06956934183835983,0.3665865957736969,0.7094674706459045,-0.05853000655770302,brake
0.3863954246044159,0.824099063873291,7.642393597961927e-07,0.4296053647994995,0.7732440829277039,-0.03391814976930618,0.4345511198043823,0.69684237241745,-0.04886983335018158,0.3962251842021942,0.6444470286369324,-0.06368003785610199,0.35762473940849304,0.6025896072387695,-0.07509720325469971,0.42632701992988586,0.5708213448524475,-0.022394787520170212,0.4450950026512146,0.4642087519168854,-0.049136582762002945,0.4550042152404785,0.3999001383781433,-0.06373689323663712,0.45885270833969116,0.3475414216518402,-0.07008132338523865,0.38218021392822266,0.5728520750999451,-0.02515074610710144,0.36785027384757996,0.4518187642097473,-0.05718306452035904,0.36270996928215027,0.37621062994003296,-0.07423532009124756,0.35806772112846375,0.31785646080970764,-0.07837928086519241,0.34463557600975037,0.6041942834854126,-0.03242260217666626,0.3455338776111603,0.5819510817527771,-0.07808009535074234,0.3660261034965515,0.6379580497741699,-0.08600255101919174,0.37654584646224976,0.6775257587432861,-0.07492335885763168,0.3148778975009918,0.648971438407898,-0.0420532189309597,0.3254610002040863,0.6344659924507141,-0.07291579246520996,0.34694287180900574,0.6725687384605408,-0.0698474869132042,0.3588840067386627,0.7013603448867798,-0.0573093555867672,brake
0.36013931035995483,0.8015729784965515,7.728195328127185e-07,0.4050040543079376,0.7495425343513489,-0.03297662362456322,0.4108157753944397,0.669998824596405,-0.04612815007567406,0.3710482716560364,0.6149214506149292,-0.05909137427806854,0.33261123299598694,0.5733429193496704,-0.06880083680152893,0.40357136726379395,0.5472637414932251,-0.018056649714708328,0.4253430664539337,0.4416975677013397,-0.042302630841732025,0.43720942735671997,0.378120481967926,-0.054901257157325745,0.4417550265789032,0.3286251723766327,-0.05987579748034477,0.3609999120235443,0.5515010952949524,-0.020241601392626762,0.34927666187286377,0.4306148886680603,-0.04982706159353256,0.344768226146698,0.3555760681629181,-0.06538185477256775,0.33900290727615356,0.3001057505607605,-0.06859904527664185,0.324629545211792,0.5843544006347656,-0.027140479534864426,0.3238179385662079,0.5582565069198608,-0.07259994000196457,0.3440166711807251,0.6117900609970093,-0.08175969123840332,0.3542904853820801,0.6514893770217896,-0.0713697299361229,0.2953569293022156,0.6297793984413147,-0.036080360412597656,0.30306512117385864,0.6152121424674988,-0.06933597475290298,0.32487204670906067,0.6552385687828064,-0.06860247999429703,0.33736929297447205,0.6874681711196899,-0.05718947947025299,brake
0.3605737090110779,0.7905293703079224,6.719888006045949e-07,0.4054376482963562,0.7394642233848572,-0.03064865991473198,0.4103661775588989,0.6623881459236145,-0.042970020323991776,0.37362053990364075,0.6101290583610535,-0.05548333376646042,0.33649972081184387,0.5698626637458801,-0.06504477560520172,0.40234410762786865,0.5408569574356079,-0.01597071811556816,0.4216225743293762,0.44006776809692383,-0.03807110711932182,0.4316079616546631,0.379711389541626,-0.051036156713962555,0.4362514615058899,0.33009564876556396,-0.05763280764222145,0.36098459362983704,0.5437817573547363,-0.019064074382185936,0.3463679254055023,0.4278598725795746,-0.045442964881658554,0.34181252121925354,0.3574525713920593,-0.06074988469481468,0.3375316858291626,0.3017583191394806,-0.06579824537038803,0.3255375325679779,0.5769760608673096,-0.026501165702939034,0.32245075702667236,0.5405840873718262,-0.0679384395480156,0.3422977924346924,0.5951212048530579,-0.07523690909147263,0.35233473777770996,0.6347069144248962,-0.06592708081007004,0.2976837754249573,0.623895525932312,-0.03602508082985878,0.30173468589782715,0.5978270173072815,-0.06694288551807404,0.3227234184741974,0.6338703036308289,-0.06515069305896759,0.3355884253978729,0.6632935404777527,-0.05456724390387535,brake
0.36018621921539307,0.7767887711524963,6.730629706908076e-07,0.40211260318756104,0.72555011510849,-0.030617672950029373,0.40665555000305176,0.6481961011886597,-0.04274282976984978,0.370696097612381,0.5959280729293823,-0.055041417479515076,0.33230891823768616,0.5575568675994873,-0.06442423164844513,0.3980238139629364,0.52994704246521,-0.015673290938138962,0.41572296619415283,0.431776762008667,-0.037975624203681946,0.42474907636642456,0.37200677394866943,-0.05126180127263069,0.4285198748111725,0.3232150673866272,-0.05809878557920456,0.35684552788734436,0.5342402458190918,-0.01879781484603882,0.3419764041900635,0.4234761595726013,-0.04558644816279411,0.33641189336776733,0.3537432849407196,-0.061372242867946625,0.3312888741493225,0.2989712655544281,-0.06670840084552765,0.32215672731399536,0.5686891078948975,-0.02630394883453846,0.31724730134010315,0.5349489450454712,-0.06846103817224503,0.33718180656433105,0.587117075920105,-0.07657411694526672,0.3482378125190735,0.6258914470672607,-0.06756988167762756,0.29520389437675476,0.6165448427200317,-0.03587256744503975,0.29811254143714905,0.5925326347351074,-0.068238765001297,0.3194694221019745,0.6273418664932251,-0.0676923617720604,0.3335764408111572,0.6564666628837585,-0.05759532377123833,brake
0.35217979550361633,0.7709740400314331,6.711206879117526e-07,0.3928178548812866,0.7177485227584839,-0.029859721660614014,0.3949241638183594,0.6408712863922119,-0.0422222800552845,0.3568218946456909,0.5883715152740479,-0.054754290729761124,0.31718188524246216,0.5521771311759949,-0.06459479033946991,0.3856957256793976,0.5272006392478943,-0.01719878986477852,0.40209394693374634,0.42836320400238037,-0.040093883872032166,0.4104763865470886,0.36913177371025085,-0.0531420074403286,0.414167582988739,0.32110679149627686,-0.05925935506820679,0.3455001413822174,0.5322459936141968,-0.019880568608641624,0.32932886481285095,0.4217163920402527,-0.04756445065140724,0.3235531449317932,0.35257500410079956,-0.06325036287307739,0.31901493668556213,0.2978600263595581,-0.06799759715795517,0.3119632601737976,0.5661331415176392,-0.02661246433854103,0.3050784170627594,0.5374249219894409,-0.06847453862428665,0.3239656090736389,0.5892700552940369,-0.07612352818250656,0.3350173830986023,0.6272262334823608,-0.0664876326918602,0.2862180173397064,0.6126082539558411,-0.03518480062484741,0.2872936427593231,0.5859607458114624,-0.06567224860191345,0.30865293741226196,0.6200954914093018,-0.06341910362243652,0.32321399450302124,0.6490692496299744,-0.05207747220993042,brake
0.34064579010009766,0.7649738192558289,6.982714353398478e-07,0.3810889422893524,0.7125555872917175,-0.0298874881118536,0.3843005895614624,0.63243168592453,-0.04142773896455765,0.3440578281879425,0.5808556079864502,-0.053218647837638855,0.3025199770927429,0.5474708080291748,-0.0627940222620964,0.3711320459842682,0.5186561942100525,-0.01598525419831276,0.38666415214538574,0.4195345938205719,-0.03934386372566223,0.395226389169693,0.3587375581264496,-0.052631065249443054,0.3990558981895447,0.3101280629634857,-0.05847505107522011,0.33099275827407837,0.5241532325744629,-0.018569881096482277,0.31594523787498474,0.41434013843536377,-0.04646018519997597,0.30780029296875,0.34295767545700073,-0.06281968951225281,0.30071163177490234,0.2872457206249237,-0.06752868741750717,0.29776430130004883,0.5578876733779907,-0.025242039933800697,0.288485050201416,0.5277777314186096,-0.06843108683824539,0.308973103761673,0.579678475856781,-0.07736170291900635,0.3226608633995056,0.6188353300094604,-0.0677526518702507,0.2719987630844116,0.6049271821975708,-0.03363829106092453,0.2703707218170166,0.5821279287338257,-0.06628905236721039,0.2931536138057709,0.6184229850769043,-0.0653764083981514,0.31022509932518005,0.6497259140014648,-0.05403558164834976,brake
0.3363288640975952,0.7529716491699219,7.149466796363413e-07,0.375715434551239,0.7000427842140198,-0.02973581850528717,0.37631547451019287,0.6197984218597412,-0.04136288911104202,0.3357575237751007,0.5703749656677246,-0.05332106351852417,0.29255741834640503,0.5384390950202942,-0.06275558471679688,0.36123940348625183,0.5075417757034302,-0.015617046505212784,0.3741684556007385,0.40552157163619995,-0.039226241409778595,0.38189029693603516,0.34386709332466125,-0.05257103219628334,0.38477855920791626,0.2948065400123596,-0.058297742158174515,0.32042643427848816,0.5121530294418335,-0.01838536746799946,0.3007763624191284,0.4002535939216614,-0.046936072409152985,0.2914016544818878,0.32858359813690186,-0.06315422803163528,0.28326597809791565,0.2729495167732239,-0.06746666878461838,0.28713732957839966,0.5448994636535645,-0.02523190714418888,0.27738890051841736,0.5174918174743652,-0.06836172938346863,0.2993837594985962,0.5704488754272461,-0.07562961429357529,0.3128226697444916,0.6098870038986206,-0.06469222158193588,0.2617068290710449,0.5905054807662964,-0.03388729691505432,0.2610434293746948,0.565908670425415,-0.06491093337535858,0.28459107875823975,0.6029221415519714,-0.06145814433693886,0.3004227876663208,0.6348617672920227,-0.048479944467544556,brake
0.32754698395729065,0.7540306448936462,7.133821782190353e-07,0.369189977645874,0.7012204527854919,-0.03195551410317421,0.3715001046657562,0.6237694025039673,-0.04481148347258568,0.3302065134048462,0.5757871866226196,-0.05761408060789108,0.2890811860561371,0.5412023067474365,-0.0675382986664772,0.35390469431877136,0.5035244822502136,-0.017760490998625755,0.3686716556549072,0.40019339323043823,-0.041679639369249344,0.37611106038093567,0.3376091718673706,-0.055460236966609955,0.37914079427719116,0.2875477075576782,-0.06176891550421715,0.31138095259666443,0.5087363719940186,-0.020140716806054115,0.2903992831707001,0.3965490460395813,-0.0493152029812336,0.2815317213535309,0.3251878023147583,-0.06657399237155914,0.27506810426712036,0.2692207098007202,-0.07177650183439255,0.2778266668319702,0.5431274175643921,-0.026804713532328606,0.27168625593185425,0.5203183889389038,-0.07058613002300262,0.29363927245140076,0.5730304718017578,-0.07965060323476791,0.30672845244407654,0.6110585927963257,-0.07020186632871628,0.25280553102493286,0.5905251502990723,-0.03551960363984108,0.2532469630241394,0.5694539546966553,-0.06735406816005707,0.2780067026615143,0.6044358611106873,-0.06570340692996979,0.29559218883514404,0.6336906552314758,-0.05422527715563774,brake
0.32796037197113037,0.7566710114479065,7.142392064451997e-07,0.3666834533214569,0.7042356133460999,-0.031127121299505234,0.3670598268508911,0.6265998482704163,-0.04440060630440712,0.32576945424079895,0.5758121609687805,-0.05772201716899872,0.2828366160392761,0.5436763763427734,-0.06838119775056839,0.35154491662979126,0.5096050500869751,-0.019004005938768387,0.3667607307434082,0.40679365396499634,-0.04312235862016678,0.37432625889778137,0.34402984380722046,-0.05694923549890518,0.37747156620025635,0.2937909960746765,-0.06302647292613983,0.30929461121559143,0.513218879699707,-0.021054306998848915,0.28904885053634644,0.4016028642654419,-0.050711795687675476,0.28037258982658386,0.32929563522338867,-0.06779458373785019,0.27389922738075256,0.27235233783721924,-0.07266164571046829,0.2751452922821045,0.5455455780029297,-0.02699190564453602,0.2641862630844116,0.5209200382232666,-0.07126490026712418,0.28649041056632996,0.5737643837928772,-0.08021514117717743,0.30127039551734924,0.6147581338882446,-0.07012008130550385,0.24941027164459229,0.5904903411865234,-0.03471552953124046,0.2484925389289856,0.5651893019676208,-0.06644503772258759,0.27356961369514465,0.5998305678367615,-0.06422800570726395,0.29231324791908264,0.6319212317466736,-0.05191003531217575,brake
0.3270457684993744,0.7588648796081543,6.944959523025318e-07,0.3662155568599701,0.7067751884460449,-0.030285682529211044,0.36738476157188416,0.6301759481430054,-0.04263880103826523,0.32761523127555847,0.5843485593795776,-0.05502745509147644,0.2865681052207947,0.5533621907234192,-0.06476040929555893,0.35251280665397644,0.5107734799385071,-0.016979435458779335,0.3677941858768463,0.41012662649154663,-0.03908589482307434,0.37497884035110474,0.34916436672210693,-0.052136100828647614,0.37721285223960876,0.29951363801956177,-0.05818566679954529,0.31066635251045227,0.5158047080039978,-0.019286854192614555,0.29140931367874146,0.4062446653842926,-0.04645513743162155,0.2826090157032013,0.33649978041648865,-0.06288550049066544,0.2756849229335785,0.2806323766708374,-0.0679822638630867,0.27736061811447144,0.5489342212677002,-0.025496026501059532,0.2669183015823364,0.5253105163574219,-0.0675262063741684,0.28708040714263916,0.5789765119552612,-0.07659657299518585,0.2999924421310425,0.6194141507148743,-0.067467100918293,0.25247859954833984,0.5945643782615662,-0.0335756354033947,0.24945950508117676,0.5730109810829163,-0.06454073637723923,0.2740897238254547,0.6091098785400391,-0.06292691081762314,0.2930564284324646,0.6415236592292786,-0.05152979865670204,brake
0.32091012597084045,0.7807323336601257,6.983995604059601e-07,0.3614709675312042,0.7304625511169434,-0.030861148610711098,0.3657439649105072,0.6585785150527954,-0.045451901853084564,0.3287819027900696,0.6058052778244019,-0.060514114797115326,0.2900799512863159,0.5681459307670593,-0.07304030656814575,0.3525950312614441,0.5344515442848206,-0.02050820365548134,0.3699004650115967,0.43347984552383423,-0.04665575921535492,0.37836888432502747,0.371390700340271,-0.06227467581629753,0.38266733288764954,0.3211914002895355,-0.06985511630773544,0.3101547062397003,0.5398006439208984,-0.02403031848371029,0.2917431592941284,0.42911747097969055,-0.05481959134340286,0.2844159007072449,0.3575632572174072,-0.0728222131729126,0.2794601321220398,0.30042046308517456,-0.07887996733188629,0.2756882607936859,0.57480788230896,-0.031448811292648315,0.26973506808280945,0.5462503433227539,-0.07592973113059998,0.2908024489879608,0.5967954397201538,-0.08475404977798462,0.30423012375831604,0.6359898447990417,-0.07532846182584763,0.2496216893196106,0.6236525774002075,-0.04076157882809639,0.2511780858039856,0.6030710339546204,-0.07358570396900177,0.2749808728694916,0.6362786293029785,-0.07232968509197235,0.29222384095191956,0.6662827134132385,-0.0608859546482563,brake
0.3170626759529114,0.7787966132164001,6.913543870723515e-07,0.3579830825328827,0.726551353931427,-0.029584435746073723,0.35972821712493896,0.6533050537109375,-0.04237771034240723,0.3199514150619507,0.6077202558517456,-0.055412985384464264,0.2794492840766907,0.5743443369865417,-0.06595258414745331,0.3477141857147217,0.5353305339813232,-0.01708337664604187,0.3650105893611908,0.4368017613887787,-0.040363095700740814,0.3742389678955078,0.3770291805267334,-0.053916286677122116,0.37910088896751404,0.3290131986141205,-0.06032269075512886,0.3067125976085663,0.5390564203262329,-0.02007361873984337,0.28944388031959534,0.42822879552841187,-0.04730122908949852,0.2830182611942291,0.357992559671402,-0.0627015084028244,0.278708815574646,0.3027704656124115,-0.06740594655275345,0.2740146517753601,0.5719905495643616,-0.027210373431444168,0.2607214152812958,0.5404138565063477,-0.06875421106815338,0.2797015905380249,0.5906993746757507,-0.07757262140512466,0.292851984500885,0.6282594799995422,-0.06905322521924973,0.24971531331539154,0.6191701292991638,-0.03616012632846832,0.2454676628112793,0.596742570400238,-0.06724131852388382,0.268078088760376,0.6313918828964233,-0.06648429483175278,0.286115437746048,0.6610261797904968,-0.056243106722831726,brake
0.30673736333847046,0.771775484085083,7.16728550287371e-07,0.34331443905830383,0.7193191647529602,-0.028713352978229523,0.34228503704071045,0.6457169651985168,-0.040721576660871506,0.30189818143844604,0.5973053574562073,-0.052492812275886536,0.26113462448120117,0.5660828948020935,-0.062060367316007614,0.3329143524169922,0.5365089178085327,-0.019030461087822914,0.349714070558548,0.4390723705291748,-0.04176557809114456,0.3593348562717438,0.37982234358787537,-0.05422739312052727,0.3644093871116638,0.33275002241134644,-0.0596158429980278,0.29280200600624084,0.540261447429657,-0.020865105092525482,0.2780574560165405,0.43437373638153076,-0.04672733321785927,0.2702213525772095,0.36549994349479675,-0.06122340261936188,0.26293909549713135,0.3134456276893616,-0.06539953500032425,0.2601139545440674,0.5723247528076172,-0.02646724134683609,0.24320140480995178,0.5462451577186584,-0.06662613898515701,0.2621091902256012,0.5894618630409241,-0.0777888223528862,0.2767198085784912,0.6266102194786072,-0.07160553336143494,0.23672929406166077,0.6180972456932068,-0.0337032787501812,0.2363601177930832,0.6123807430267334,-0.06599967926740646,0.26054659485816956,0.6482638716697693,-0.06932259351015091,0.2795317471027374,0.6795256733894348,-0.06199630722403526,brake
0.29855990409851074,0.7528508901596069,6.685997391286946e-07,0.3348340094089508,0.7025336027145386,-0.02962602861225605,0.3351478576660156,0.6300336718559265,-0.04253499582409859,0.29461154341697693,0.5810554623603821,-0.05521629750728607,0.25438392162323,0.547620952129364,-0.06510142982006073,0.3304930329322815,0.5190362930297852,-0.01740146428346634,0.3473401665687561,0.42555397748947144,-0.04040439426898956,0.35741493105888367,0.36947035789489746,-0.053616348654031754,0.36342450976371765,0.3260157108306885,-0.05946529284119606,0.291774183511734,0.5229138135910034,-0.018749311566352844,0.27512338757514954,0.4191840887069702,-0.04535984620451927,0.26908451318740845,0.3540063500404358,-0.06041911244392395,0.2645263373851776,0.30307865142822266,-0.06475459039211273,0.2598540186882019,0.5531832575798035,-0.024137403815984726,0.2421773374080658,0.5305882096290588,-0.06409676373004913,0.25991207361221313,0.5770193934440613,-0.07303471118211746,0.2736203968524933,0.6127033829689026,-0.06487178802490234,0.23592093586921692,0.5953586101531982,-0.03136591613292694,0.22977451980113983,0.5814549922943115,-0.06068338453769684,0.24973422288894653,0.6150270104408264,-0.06060303747653961,0.26621052622795105,0.6426212191581726,-0.051094043999910355,brake
0.3085823953151703,0.7352014183998108,7.004301210145059e-07,0.34113702178001404,0.6860498785972595,-0.029005011543631554,0.33718398213386536,0.6096764206886292,-0.03941937908530235,0.2955210208892822,0.5573146939277649,-0.04671367257833481,0.2547818422317505,0.5197378396987915,-0.053439851850271225,0.34020161628723145,0.5007377862930298,-0.02041756920516491,0.3574221134185791,0.41171252727508545,-0.03621308505535126,0.3673473596572876,0.3588237166404724,-0.047396522015333176,0.37260448932647705,0.3124575912952423,-0.05479735881090164,0.2985587418079376,0.5017246007919312,-0.020587090402841568,0.2890375554561615,0.3979688286781311,-0.03369072824716568,0.2811449468135834,0.33675533533096313,-0.04529804363846779,0.2731531262397766,0.28428560495376587,-0.05187240242958069,0.2652330994606018,0.5307801365852356,-0.02420995384454727,0.2297702431678772,0.4671139717102051,-0.04747980833053589,0.21202129125595093,0.435016006231308,-0.06358075141906738,0.19800257682800293,0.4058533310890198,-0.07221603393554688,0.24093738198280334,0.5769315958023071,-0.029913969337940216,0.23727571964263916,0.5586427450180054,-0.0565498061478138,0.2567889988422394,0.5874869227409363,-0.06340697407722473,0.27338510751724243,0.6123047471046448,-0.0645451620221138,brake
0.312855064868927,0.7174063920974731,6.943132007108943e-07,0.34786680340766907,0.6671606302261353,-0.025059305131435394,0.3456835150718689,0.5942040085792542,-0.03414706140756607,0.3073635995388031,0.5425286889076233,-0.041098423302173615,0.2692367434501648,0.5050510168075562,-0.047426607459783554,0.34734687209129333,0.48855099081993103,-0.01645316183567047,0.364127516746521,0.4013650417327881,-0.029947256669402122,0.3737545907497406,0.35032302141189575,-0.03921499103307724,0.3785032331943512,0.3051585555076599,-0.045714668929576874,0.3070181906223297,0.4904536008834839,-0.018320605158805847,0.2994745075702667,0.3889346122741699,-0.030436942353844643,0.2919011414051056,0.3276135325431824,-0.041656170040369034,0.28309202194213867,0.27550023794174194,-0.04835492745041847,0.27515342831611633,0.5204327702522278,-0.023333292454481125,0.23824214935302734,0.45767882466316223,-0.04649072885513306,0.21738000214099884,0.4269670248031616,-0.06233588233590126,0.2009197473526001,0.39920517802238464,-0.07080353051424026,0.25254663825035095,0.567355215549469,-0.029970640316605568,0.24889132380485535,0.5443541407585144,-0.05577247589826584,0.26802709698677063,0.5720674395561218,-0.06206424534320831,0.28500548005104065,0.5968419909477234,-0.06316220760345459,brake
0.29822641611099243,0.7193587422370911,6.417552071980026e-07,0.33355119824409485,0.6710303425788879,-0.02867060899734497,0.3333756923675537,0.6002564430236816,-0.039790257811546326,0.2948364019393921,0.547305703163147,-0.050082575529813766,0.25610825419425964,0.5110936164855957,-0.05866558849811554,0.3336028456687927,0.4913797080516815,-0.015236650593578815,0.35169464349746704,0.4037832021713257,-0.03560865670442581,0.36222410202026367,0.3492870330810547,-0.04811137169599533,0.3685639500617981,0.30540335178375244,-0.054309822618961334,0.29437002539634705,0.49436652660369873,-0.01612667553126812,0.28534606099128723,0.39464670419692993,-0.03889315947890282,0.2816723883152008,0.332867830991745,-0.05337497219443321,0.2788083553314209,0.2825069725513458,-0.058803435415029526,0.2624691426753998,0.5257196426391602,-0.020990626886487007,0.24696193635463715,0.4953114986419678,-0.05850619077682495,0.2543834149837494,0.5302014350891113,-0.07214749604463577,0.25915414094924927,0.556225061416626,-0.06981266289949417,0.23928189277648926,0.5710368752479553,-0.02725961059331894,0.23433241248130798,0.5538281798362732,-0.05800999701023102,0.2538791596889496,0.5875980854034424,-0.062065280973911285,0.2704787254333496,0.6152563691139221,-0.05687359347939491,brake
0.29305028915405273,0.7217533588409424,6.527804998768261e-07,0.3267810344696045,0.6762206554412842,-0.031018363311886787,0.32653573155403137,0.6025763750076294,-0.042494989931583405,0.2881031036376953,0.5465430617332458,-0.05231499299407005,0.2502468526363373,0.5085910558700562,-0.0603083111345768,0.32902246713638306,0.4954164922237396,-0.01776917092502117,0.3476629853248596,0.4055699408054352,-0.038370031863451004,0.35802531242370605,0.3511313199996948,-0.0507344976067543,0.3644207715988159,0.3068130910396576,-0.05679039657115936,0.2888944745063782,0.49809420108795166,-0.01704091578722,0.2773677408695221,0.3962510824203491,-0.04073581472039223,0.2732895314693451,0.33465003967285156,-0.0553542822599411,0.2708227038383484,0.28461700677871704,-0.060402944684028625,0.2566054165363312,0.5275480151176453,-0.020285287871956825,0.24157115817070007,0.49293166399002075,-0.05864204838871956,0.24870634078979492,0.5260688066482544,-0.07244126498699188,0.25318217277526855,0.551414430141449,-0.06988777965307236,0.23289935290813446,0.5699114799499512,-0.02510509267449379,0.23035873472690582,0.5547153949737549,-0.057862188667058945,0.24907582998275757,0.5907190442085266,-0.06291080266237259,0.2639963924884796,0.6200295090675354,-0.05779154971241951,brake
0.289908230304718,0.730311393737793,6.65835273139237e-07,0.3198951184749603,0.6834439039230347,-0.029716094955801964,0.31691938638687134,0.6109156608581543,-0.040795568376779556,0.2774713337421417,0.5603595972061157,-0.05039448291063309,0.23840682208538055,0.5248796939849854,-0.058653052896261215,0.3191365897655487,0.5032330751419067,-0.016752392053604126,0.33525142073631287,0.41572973132133484,-0.03760873153805733,0.34442245960235596,0.3608383536338806,-0.050429195165634155,0.34918272495269775,0.3160952031612396,-0.056359272450208664,0.2800249755382538,0.5086145401000977,-0.016713835299015045,0.2670314610004425,0.40964943170547485,-0.03952591493725777,0.2599611282348633,0.34871405363082886,-0.05330932140350342,0.25421449542045593,0.2985277771949768,-0.05704209581017494,0.24823305010795593,0.5397487878799438,-0.020497802644968033,0.22989381849765778,0.5094914436340332,-0.05893100053071976,0.23755818605422974,0.5387100577354431,-0.07219547778367996,0.24335213005542755,0.5601526498794556,-0.06868986785411835,0.225282222032547,0.5842921733856201,-0.02573414146900177,0.22174760699272156,0.5788838863372803,-0.059822987765073776,0.24080511927604675,0.6208045482635498,-0.06417148560285568,0.2563152313232422,0.6545016765594482,-0.057536959648132324,brake
0.2907867431640625,0.7459640502929688,6.593504053853394e-07,0.3220026195049286,0.6980788707733154,-0.03113538771867752,0.3186975419521332,0.6270461082458496,-0.04339878633618355,0.27867525815963745,0.5756069421768188,-0.054786358028650284,0.23977631330490112,0.5402200222015381,-0.0639757290482521,0.3190179169178009,0.5167049765586853,-0.01751234568655491,0.33353400230407715,0.4256907105445862,-0.040651239454746246,0.34166380763053894,0.3681517243385315,-0.05417903512716293,0.3459819257259369,0.32233771681785583,-0.059975504875183105,0.28008678555488586,0.5230724811553955,-0.017754243686795235,0.26237425208091736,0.4238360524177551,-0.044352732598781586,0.2546861469745636,0.3619425296783447,-0.05924615636467934,0.2496275156736374,0.31289219856262207,-0.062558114528656,0.2487817108631134,0.5560290217399597,-0.022097734734416008,0.2330334484577179,0.537043571472168,-0.06518073379993439,0.24830690026283264,0.5846670866012573,-0.07703112810850143,0.2608047127723694,0.6197121143341064,-0.06949014216661453,0.2259078025817871,0.6015164256095886,-0.02794167771935463,0.2216493934392929,0.5955244898796082,-0.0630417913198471,0.2419523000717163,0.6366249322891235,-0.06583812832832336,0.2588840425014496,0.6687618494033813,-0.05662725120782852,brake
0.2932104468345642,0.7558631300926208,6.613067853322718e-07,0.32523560523986816,0.7080053091049194,-0.031457554548978806,0.32273754477500916,0.6369596719741821,-0.04445851594209671,0.28210052847862244,0.5859611630439758,-0.05675898864865303,0.24303187429904938,0.5496853590011597,-0.06660353392362595,0.32046961784362793,0.5263678431510925,-0.018597716465592384,0.3339032828807831,0.4331173002719879,-0.042901795357465744,0.34183064103126526,0.3754310607910156,-0.056744541972875595,0.3462110161781311,0.3296571969985962,-0.06260249763727188,0.28180211782455444,0.5329643487930298,-0.01917157880961895,0.2622426152229309,0.4314825236797333,-0.0470038540661335,0.2535040080547333,0.3691145181655884,-0.06212266907095909,0.24773606657981873,0.32031649351119995,-0.06542210280895233,0.25100159645080566,0.565570056438446,-0.023935995995998383,0.23651842772960663,0.5476477146148682,-0.06716164946556091,0.25393491983413696,0.5967699289321899,-0.07760939002037048,0.26811057329177856,0.6325645446777344,-0.0690312460064888,0.22835983335971832,0.6098399758338928,-0.030394354835152626,0.22431065142154694,0.606006920337677,-0.06443274021148682,0.24498918652534485,0.6452236771583557,-0.06630086898803711,0.2621327340602875,0.6745229363441467,-0.05663536861538887,brake
0.29773131012916565,0.7562824487686157,6.60870966839866e-07,0.3321840763092041,0.7108579874038696,-0.03220086544752121,0.3310081958770752,0.6440130472183228,-0.045567505061626434,0.29418227076530457,0.5954129695892334,-0.05805286392569542,0.25762298703193665,0.5588598251342773,-0.06775175780057907,0.32748979330062866,0.5289374589920044,-0.019360749050974846,0.3425036668777466,0.43643224239349365,-0.043409958481788635,0.3507198095321655,0.3795073628425598,-0.05713869631290436,0.3553689420223236,0.334830105304718,-0.06304039806127548,0.2887150049209595,0.5337636470794678,-0.019534464925527573,0.26972857117652893,0.4316695034503937,-0.047019943594932556,0.26182493567466736,0.3689210116863251,-0.061883557587862015,0.2570455074310303,0.3193814754486084,-0.06513737887144089,0.25814107060432434,0.5654943585395813,-0.024018606171011925,0.24180063605308533,0.5470371246337891,-0.06697911769151688,0.25851184129714966,0.5965225696563721,-0.07746664434671402,0.27306345105171204,0.6320992112159729,-0.06899503618478775,0.23667198419570923,0.6094065308570862,-0.03031471185386181,0.2296360731124878,0.6030398607254028,-0.06406836956739426,0.24989984929561615,0.6403437852859497,-0.06608753651380539,0.2683674693107605,0.6687158346176147,-0.056659258902072906,brake
0.2994248569011688,0.7577474117279053,6.782281047890137e-07,0.3337206542491913,0.7094427943229675,-0.030029717832803726,0.3309885859489441,0.6397524476051331,-0.04233747348189354,0.2916211783885956,0.5933957099914551,-0.05426320806145668,0.2524617612361908,0.5603722929954529,-0.06346338242292404,0.3279575705528259,0.5282697081565857,-0.016428682953119278,0.34404417872428894,0.4360082447528839,-0.03930061310529709,0.35329338908195496,0.3784859776496887,-0.05241130292415619,0.3588169813156128,0.3343260884284973,-0.058214303106069565,0.2892901599407196,0.53366619348526,-0.01762261614203453,0.27166473865509033,0.43209272623062134,-0.04419773444533348,0.26446104049682617,0.3680250346660614,-0.0587894432246685,0.25921425223350525,0.3176082968711853,-0.062366779893636703,0.25883397459983826,0.566193699836731,-0.023102831095457077,0.23742689192295074,0.5458583831787109,-0.06498592346906662,0.25575342774391174,0.5950366854667664,-0.07475152611732483,0.2720702588558197,0.6304062604904175,-0.06626415252685547,0.23676329851150513,0.6109815239906311,-0.03029016964137554,0.22683078050613403,0.6012637615203857,-0.0625225156545639,0.247283935546875,0.6365078091621399,-0.06388813257217407,0.2665034234523773,0.6624773144721985,-0.05471322312951088,brake
0.30023983120918274,0.7590686082839966,6.99030522355315e-07,0.3352751135826111,0.7146364450454712,-0.030528079718351364,0.33518287539482117,0.6488721370697021,-0.044421710073947906,0.29856377840042114,0.6034958958625793,-0.05802195891737938,0.2591908872127533,0.5712111592292786,-0.069146066904068,0.3290936052799225,0.5308955907821655,-0.019994236528873444,0.34573894739151,0.43968597054481506,-0.044884685426950455,0.35496786236763,0.38198402523994446,-0.05931616201996803,0.36055493354797363,0.33792638778686523,-0.06586290150880814,0.28931543231010437,0.5347908735275269,-0.021822473034262657,0.2725202143192291,0.43381643295288086,-0.04974324628710747,0.2653365433216095,0.36944854259490967,-0.06506418436765671,0.2596088945865631,0.31888970732688904,-0.06915709376335144,0.2582724094390869,0.5667945146560669,-0.027809225022792816,0.2340887039899826,0.5442915558815002,-0.07029087841510773,0.2528619170188904,0.5907070636749268,-0.08067499846220016,0.27050840854644775,0.6257854700088501,-0.07295281440019608,0.235687255859375,0.6128546595573425,-0.035567477345466614,0.22662803530693054,0.603574275970459,-0.06856432557106018,0.24792230129241943,0.6379120945930481,-0.07061532139778137,0.26821020245552063,0.6642599105834961,-0.061923716217279434,brake
0.30103737115859985,0.7578931450843811,7.221009354907437e-07,0.3358904719352722,0.7154827117919922,-0.03302021324634552,0.33679890632629395,0.6471722722053528,-0.04767515882849693,0.2976803481578827,0.5972431898117065,-0.061280641704797745,0.25753653049468994,0.5615401268005371,-0.07236339896917343,0.3313569724559784,0.5307149887084961,-0.02194460853934288,0.3472767472267151,0.43750065565109253,-0.04707038030028343,0.3562760353088379,0.3792141079902649,-0.06143275648355484,0.362007737159729,0.33376461267471313,-0.06805916875600815,0.2908584475517273,0.5347880125045776,-0.022636007517576218,0.27489757537841797,0.4332013726234436,-0.05167865380644798,0.26692995429039,0.36836153268814087,-0.06783203035593033,0.26106777787208557,0.31652069091796875,-0.07232941687107086,0.2585865259170532,0.5669096112251282,-0.0274659413844347,0.23687461018562317,0.5426310300827026,-0.0722549632191658,0.25413596630096436,0.5912707448005676,-0.08299259096384048,0.26997748017311096,0.6276563405990601,-0.07509500533342361,0.2352840006351471,0.6131448149681091,-0.03406071290373802,0.2292117476463318,0.6078821420669556,-0.07116112858057022,0.25201988220214844,0.6477328538894653,-0.07435234636068344,0.27196037769317627,0.6776089668273926,-0.0655568391084671,brake
0.3043210804462433,0.7561272978782654,7.052626642689575e-07,0.33971571922302246,0.7141768932342529,-0.03186836466193199,0.34181156754493713,0.6508281230926514,-0.04613998532295227,0.30909082293510437,0.6047059297561646,-0.060045722872018814,0.27198147773742676,0.5689947605133057,-0.07120110839605331,0.33291202783584595,0.5287696123123169,-0.020892079919576645,0.3495800197124481,0.43519920110702515,-0.0466914176940918,0.35884591937065125,0.377353310585022,-0.06139163672924042,0.36401253938674927,0.332065612077713,-0.06778745353221893,0.29327839612960815,0.5308984518051147,-0.02218886837363243,0.2765706181526184,0.427077054977417,-0.05092732235789299,0.2698894143104553,0.3625454306602478,-0.06604877859354019,0.2643042206764221,0.3107776641845703,-0.0695372223854065,0.26207834482192993,0.5614926815032959,-0.02782883122563362,0.23798570036888123,0.5417314767837524,-0.07052399218082428,0.2571304738521576,0.5908351540565491,-0.08008001744747162,0.2747112214565277,0.6258453130722046,-0.07135504484176636,0.23906870186328888,0.6063827276229858,-0.035483960062265396,0.23011238873004913,0.6018070578575134,-0.06784649193286896,0.252145916223526,0.6361327767372131,-0.06937960535287857,0.27296432852745056,0.6602461338043213,-0.06012873351573944,brake
0.30317798256874084,0.7617702484130859,7.061142355269112e-07,0.33837592601776123,0.715415358543396,-0.029548849910497665,0.33891284465789795,0.6513856053352356,-0.043435804545879364,0.30314889550209045,0.6072450280189514,-0.05745302140712738,0.26583948731422424,0.5731841325759888,-0.06897327303886414,0.33118534088134766,0.5328869223594666,-0.019319910556077957,0.3484518826007843,0.43921399116516113,-0.04457807540893555,0.3578973114490509,0.38076257705688477,-0.05920407548546791,0.3634093999862671,0.3347291052341461,-0.066066674888134,0.2913580536842346,0.537561297416687,-0.02203843928873539,0.27504149079322815,0.4351779818534851,-0.05119168385863304,0.2672309875488281,0.36898288130760193,-0.0680173859000206,0.2612951993942261,0.315816730260849,-0.0733104944229126,0.25974395871162415,0.5699834823608398,-0.028722357004880905,0.23944762349128723,0.5466192364692688,-0.07217434793710709,0.25903645157814026,0.5928654670715332,-0.08303710073232651,0.2764585614204407,0.62845778465271,-0.07569637149572372,0.2372121959924698,0.6163978576660156,-0.03713231161236763,0.23216193914413452,0.6100965738296509,-0.07146736234426498,0.2548171281814575,0.6447570323944092,-0.07399248331785202,0.27544140815734863,0.6721954345703125,-0.06544402986764908,brake
0.3007132411003113,0.75810706615448,7.204114922387816e-07,0.3358997702598572,0.7146433591842651,-0.03535853698849678,0.3362651467323303,0.6473352909088135,-0.050654903054237366,0.2964889705181122,0.5983014106750488,-0.06453049927949905,0.25597137212753296,0.5610014200210571,-0.07548652589321136,0.32958269119262695,0.5302700400352478,-0.02302306704223156,0.3454659879207611,0.43606337904930115,-0.048824552446603775,0.3546030521392822,0.37738093733787537,-0.0630245953798294,0.3593132793903351,0.33261191844940186,-0.06921718269586563,0.28932639956474304,0.5354832410812378,-0.02296997420489788,0.27139419317245483,0.4305764138698578,-0.05260993912816048,0.2646370232105255,0.36628061532974243,-0.06792744249105453,0.2589668035507202,0.3153056204319,-0.07128874212503433,0.25829562544822693,0.5689902901649475,-0.02761908806860447,0.2373172640800476,0.5484318733215332,-0.07324635237455368,0.25540828704833984,0.598190426826477,-0.08385257422924042,0.2713066637516022,0.6308999061584473,-0.07511930167675018,0.23589187860488892,0.6156253814697266,-0.03414500132203102,0.22703459858894348,0.6061000823974609,-0.0693083181977272,0.24934393167495728,0.6413772702217102,-0.07132954150438309,0.27001988887786865,0.6647952198982239,-0.06205098330974579,brake
0.3022606670856476,0.759790301322937,7.027416017990618e-07,0.3383726179599762,0.716428279876709,-0.03341975808143616,0.33867454528808594,0.6509429812431335,-0.04842003062367439,0.29976746439933777,0.6049454212188721,-0.06259596347808838,0.260199636220932,0.569893479347229,-0.07397628575563431,0.3310166895389557,0.532216489315033,-0.02179313823580742,0.34755638241767883,0.43822628259658813,-0.047680266201496124,0.35705089569091797,0.37854325771331787,-0.06242704391479492,0.3625486195087433,0.33272236585617065,-0.06918519735336304,0.290666401386261,0.5367898344993591,-0.022685732692480087,0.27152249217033386,0.43489718437194824,-0.05258159339427948,0.26395750045776367,0.36973005533218384,-0.06919391453266144,0.25824522972106934,0.3175325393676758,-0.0738929733633995,0.25953739881515503,0.5695092678070068,-0.028010817244648933,0.24075818061828613,0.5494968295097351,-0.07243131846189499,0.2580597996711731,0.5968582630157471,-0.08314782381057739,0.27256232500076294,0.6292522549629211,-0.07515588402748108,0.23742526769638062,0.6154295206069946,-0.03525356575846672,0.22991377115249634,0.604604184627533,-0.06883922964334488,0.2507762312889099,0.6379579305648804,-0.07047253847122192,0.26961374282836914,0.6619337201118469,-0.061382777988910675,brake
0.3038923442363739,0.7575533390045166,7.252216960296209e-07,0.3390098214149475,0.7151746153831482,-0.034192126244306564,0.3420794904232025,0.6505938768386841,-0.0500626415014267,0.30416375398635864,0.6033908724784851,-0.06496860086917877,0.26598650217056274,0.5663152933120728,-0.07703409343957901,0.33411502838134766,0.5319401621818542,-0.02478817291557789,0.34992367029190063,0.43640974164009094,-0.0524744912981987,0.35928255319595337,0.37767261266708374,-0.06743378937244415,0.3645778298377991,0.3317623734474182,-0.07358895987272263,0.29347488284111023,0.5361323356628418,-0.025434978306293488,0.2757255434989929,0.4320852756500244,-0.056946173310279846,0.2692936956882477,0.36700743436813354,-0.07319976389408112,0.26528680324554443,0.31582772731781006,-0.07661867886781693,0.26134687662124634,0.5674673914909363,-0.030449630692601204,0.25123676657676697,0.5561104416847229,-0.07608233392238617,0.268951416015625,0.6067239046096802,-0.08644580096006393,0.28266578912734985,0.6414293050765991,-0.0772613063454628,0.2379283905029297,0.6113244295120239,-0.03745270147919655,0.23854894936084747,0.6142941117286682,-0.0714653953909874,0.26040753722190857,0.651787519454956,-0.07298475503921509,0.27756011486053467,0.6774194836616516,-0.06308113783597946,brake
0.30628612637519836,0.7575757503509521,7.014471634647634e-07,0.3419024348258972,0.7130182981491089,-0.030861424282193184,0.34411299228668213,0.6465041637420654,-0.04453862085938454,0.3074668347835541,0.6006066203117371,-0.058292824774980545,0.27122172713279724,0.5634368658065796,-0.06910111755132675,0.3360126316547394,0.528850257396698,-0.019200783222913742,0.3529594838619232,0.43378233909606934,-0.0445316806435585,0.36286234855651855,0.3743693232536316,-0.05860615149140358,0.3684505820274353,0.3285776972770691,-0.0647837445139885,0.2963787317276001,0.5326300263404846,-0.021268043667078018,0.2792440354824066,0.43021267652511597,-0.05111382156610489,0.2716798484325409,0.3641274571418762,-0.0674242451786995,0.2661224603652954,0.31151828169822693,-0.07178864628076553,0.26465609669685364,0.5635672807693481,-0.027600698173046112,0.2492559254169464,0.5457482933998108,-0.07076907157897949,0.26825812458992004,0.5965044498443604,-0.08011991530656815,0.2837918996810913,0.6321847438812256,-0.07121866196393967,0.24093416333198547,0.6077634692192078,-0.035924866795539856,0.23680943250656128,0.6038206219673157,-0.0681975930929184,0.2588003873825073,0.6385745406150818,-0.06953554600477219,0.277923583984375,0.6631971001625061,-0.060219988226890564,brake
0.3067154288291931,0.7644045352935791,7.031763971099281e-07,0.34256279468536377,0.7201896905899048,-0.032458338886499405,0.34414786100387573,0.6526374816894531,-0.046626169234514236,0.30421724915504456,0.6063223481178284,-0.06023887172341347,0.26601535081863403,0.5718044638633728,-0.07118785381317139,0.33641913533210754,0.5352975726127625,-0.020920954644680023,0.35364067554473877,0.43975651264190674,-0.04686257988214493,0.36395028233528137,0.37944528460502625,-0.06150587648153305,0.37025684118270874,0.33274975419044495,-0.0678802952170372,0.2965572476387024,0.5405211448669434,-0.022080304101109505,0.2785201370716095,0.4355248808860779,-0.05226513370871544,0.2722785472869873,0.36866700649261475,-0.06906165927648544,0.2686357796192169,0.3159935474395752,-0.07350234687328339,0.26505714654922485,0.5728604197502136,-0.027468379586935043,0.2505314350128174,0.5552971363067627,-0.07167438417673111,0.2673155963420868,0.6039915084838867,-0.08191579580307007,0.2806868553161621,0.638417661190033,-0.07310312986373901,0.24217572808265686,0.6175550222396851,-0.03472859039902687,0.23759347200393677,0.6101955771446228,-0.06766442954540253,0.25856834650039673,0.6468772292137146,-0.06812997907400131,0.27571752667427063,0.6745216250419617,-0.05774959921836853,brake
0.2976917624473572,0.7851163744926453,6.674869155176566e-07,0.3334668278694153,0.7379478216171265,-0.03147415444254875,0.33296674489974976,0.6663988828659058,-0.044483453035354614,0.28976374864578247,0.6192868947982788,-0.05690246447920799,0.25121891498565674,0.5820572376251221,-0.066715769469738,0.33138778805732727,0.5505167841911316,-0.01762973703444004,0.34784752130508423,0.45429831743240356,-0.0418584831058979,0.3573310971260071,0.39423227310180664,-0.05588340386748314,0.3624994158744812,0.3472623825073242,-0.0622541569173336,0.2918356657028198,0.5553147196769714,-0.019292306154966354,0.2729671597480774,0.4478355050086975,-0.04653077945113182,0.26644623279571533,0.3827943205833435,-0.062089238315820694,0.2620687484741211,0.33109980821609497,-0.06641589105129242,0.25961872935295105,0.58804851770401,-0.02547398954629898,0.2482251524925232,0.5675780177116394,-0.06709972023963928,0.26275062561035156,0.6128024458885193,-0.07817527651786804,0.2722913324832916,0.6428242325782776,-0.07114079594612122,0.2356002926826477,0.6330554485321045,-0.033446792513132095,0.23226343095302582,0.6242212653160095,-0.06401484459638596,0.2510074973106384,0.6580939888954163,-0.0648086816072464,0.2647966146469116,0.6816154718399048,-0.055834945291280746,brake
0.2863929867744446,0.8186221718788147,6.896944455547782e-07,0.32371166348457336,0.7768756151199341,-0.03321264684200287,0.32676851749420166,0.7094210386276245,-0.04749539494514465,0.29039934277534485,0.6613644957542419,-0.061099957674741745,0.25500959157943726,0.621452808380127,-0.07175148278474808,0.32588860392570496,0.5854285359382629,-0.02022390067577362,0.3446865677833557,0.48875048756599426,-0.045729849487543106,0.3570190668106079,0.429334431886673,-0.06062791496515274,0.36494821310043335,0.3822017312049866,-0.06740499287843704,0.28673428297042847,0.5852642059326172,-0.021111179143190384,0.2709023654460907,0.4784226417541504,-0.049685247242450714,0.26459479331970215,0.41220933198928833,-0.06585481762886047,0.26077044010162354,0.36073216795921326,-0.07037455588579178,0.25326135754585266,0.613037645816803,-0.026556912809610367,0.2451038360595703,0.5922746658325195,-0.06846554577350616,0.25995349884033203,0.6432552933692932,-0.07779019325971603,0.27012312412261963,0.6798319816589355,-0.06915301084518433,0.22725147008895874,0.6540688276290894,-0.03425334021449089,0.22642037272453308,0.6468215584754944,-0.06527180969715118,0.24414950609207153,0.6852843165397644,-0.06544647365808487,0.2563727796077728,0.7141314148902893,-0.05540115386247635,brake
0.2963424324989319,0.8626165390014648,7.034727786958683e-07,0.3370119333267212,0.8240662813186646,-0.034700240939855576,0.34700605273246765,0.7631927728652954,-0.052188217639923096,0.3089093863964081,0.7165825963020325,-0.0687047615647316,0.27240610122680664,0.6766788363456726,-0.0821983739733696,0.3433818221092224,0.6360845565795898,-0.027479441836476326,0.36355140805244446,0.5400428771972656,-0.05689489096403122,0.3772784471511841,0.4792441427707672,-0.07389268279075623,0.3857516646385193,0.43182051181793213,-0.08172755688428879,0.30208951234817505,0.6346035003662109,-0.028520675376057625,0.2904187738895416,0.5300172567367554,-0.0604160837829113,0.28607815504074097,0.46259063482284546,-0.07782064378261566,0.282415509223938,0.4081108570098877,-0.08305421471595764,0.2669493556022644,0.6605337858200073,-0.03395199403166771,0.2622274160385132,0.6486214399337769,-0.07544439285993576,0.27969545125961304,0.6986596584320068,-0.08267276734113693,0.29100143909454346,0.7317165732383728,-0.07328830659389496,0.23932664096355438,0.7001127600669861,-0.042089179158210754,0.24267578125,0.6957303881645203,-0.06857790797948837,0.2590079605579376,0.731434166431427,-0.06570956856012344,0.2698265612125397,0.7560333013534546,-0.05470770597457886,brake
0.3136138916015625,0.8887723088264465,7.532357813033741e-07,0.3540384769439697,0.8490696549415588,-0.03556080907583237,0.36604323983192444,0.7882531881332397,-0.052993450313806534,0.3285107910633087,0.7439364194869995,-0.06931556016206741,0.29097169637680054,0.70701664686203,-0.08238920569419861,0.36066126823425293,0.6592522859573364,-0.027697458863258362,0.38267654180526733,0.5622772574424744,-0.057156678289175034,0.3969218134880066,0.5005340576171875,-0.07336826622486115,0.4037770628929138,0.4520811438560486,-0.08025028556585312,0.3176947236061096,0.6568924188613892,-0.028623271733522415,0.3058340847492218,0.5510028004646301,-0.061902161687612534,0.30126872658729553,0.4826783239841461,-0.07979574054479599,0.2964843511581421,0.42716607451438904,-0.0841689482331276,0.2811679542064667,0.6826637983322144,-0.033948156982660294,0.2821861505508423,0.6837472319602966,-0.07725578546524048,0.3006226718425751,0.7373118996620178,-0.08554143458604813,0.3113382160663605,0.7677211165428162,-0.07540810853242874,0.2521054148674011,0.7208181023597717,-0.04196730628609657,0.2606479525566101,0.7273311018943787,-0.06844376027584076,0.27864164113998413,0.7651253342628479,-0.06548352539539337,0.2902205288410187,0.7866925001144409,-0.05378107354044914,brake
0.32937896251678467,0.9003760814666748,7.560020094388165e-07,0.3685906231403351,0.859982967376709,-0.03653012588620186,0.38386070728302,0.7993638515472412,-0.0549696683883667,0.3464365303516388,0.7554301619529724,-0.07208102941513062,0.307790070772171,0.7201113700866699,-0.08585558086633682,0.3734892010688782,0.6653517484664917,-0.03151686489582062,0.39266932010650635,0.5666170120239258,-0.062445130199193954,0.4057702422142029,0.5052363872528076,-0.0787147581577301,0.41165784001350403,0.45591962337493896,-0.0852106437087059,0.328387588262558,0.6634060144424438,-0.032660387456417084,0.3163192868232727,0.5585525035858154,-0.0674891471862793,0.31087473034858704,0.49149489402770996,-0.08537477254867554,0.3050525188446045,0.43699824810028076,-0.08907083421945572,0.2907901406288147,0.6898547410964966,-0.03810006007552147,0.298782616853714,0.7030715346336365,-0.08271671086549759,0.3191468119621277,0.7594106793403625,-0.09069216251373291,0.3301096558570862,0.7907885909080505,-0.07955682277679443,0.261122465133667,0.7287665605545044,-0.04640007019042969,0.2748256325721741,0.7449634671211243,-0.07283391803503036,0.2936098575592041,0.7836951613426208,-0.06948007643222809,0.3043915033340454,0.8048170804977417,-0.0571141391992569,brake
0.33991190791130066,0.9079802632331848,7.532645440733177e-07,0.3780135214328766,0.8662686944007874,-0.03453438729047775,0.39167723059654236,0.8048514127731323,-0.05170232057571411,0.3581128418445587,0.7639636993408203,-0.06818441301584244,0.32058143615722656,0.7315576076507568,-0.08141882717609406,0.3777644634246826,0.6688641309738159,-0.02874533273279667,0.3958195447921753,0.5675300359725952,-0.058146651834249496,0.4072979986667633,0.5046355724334717,-0.0734085664153099,0.4117284417152405,0.45490121841430664,-0.07907900959253311,0.3333730697631836,0.6691998243331909,-0.03053572028875351,0.31854408979415894,0.5637840628623962,-0.06418389081954956,0.31101614236831665,0.49452346563339233,-0.08179197460412979,0.3034999668598175,0.43900007009506226,-0.08538081496953964,0.2961832880973816,0.6970353126525879,-0.036443550139665604,0.30629652738571167,0.7078556418418884,-0.08014296740293503,0.3269491493701935,0.7638342380523682,-0.08816493302583694,0.33722424507141113,0.7986583709716797,-0.07692820578813553,0.2672322690486908,0.7373347878456116,-0.045115791261196136,0.28369247913360596,0.7511656284332275,-0.07118227332830429,0.3031576871871948,0.7893003225326538,-0.06765332072973251,0.3136732876300812,0.8141037225723267,-0.0548936203122139,brake
0.35155630111694336,0.9097661972045898,7.730171773800976e-07,0.3900739252567291,0.8669689893722534,-0.03470945358276367,0.40511658787727356,0.8059297204017639,-0.05263543501496315,0.3721180558204651,0.7655167579650879,-0.06983701884746552,0.33353564143180847,0.7336772680282593,-0.08382862061262131,0.38991567492485046,0.6718059182167053,-0.030811820179224014,0.4081288278102875,0.5697578191757202,-0.06152265891432762,0.4200246334075928,0.5065295696258545,-0.07724449783563614,0.42413631081581116,0.4559590518474579,-0.08300343155860901,0.3445666432380676,0.6715274453163147,-0.032790713012218475,0.3302481174468994,0.5655478239059448,-0.06743767112493515,0.32289835810661316,0.49648070335388184,-0.08480566740036011,0.3145880103111267,0.441312700510025,-0.08782921731472015,0.30687904357910156,0.6989354491233826,-0.0388573557138443,0.3189401924610138,0.7128642797470093,-0.08278896659612656,0.34067055583000183,0.7686045169830322,-0.09053007513284683,0.3510240614414215,0.8018772006034851,-0.07904655486345291,0.27750730514526367,0.7388774752616882,-0.04776712879538536,0.2963188886642456,0.7586563229560852,-0.07312091439962387,0.315527081489563,0.7961487770080566,-0.0695333480834961,0.32505011558532715,0.8182053565979004,-0.05691544711589813,brake
0.3623499274253845,0.9019386172294617,7.494292049159412e-07,0.40100932121276855,0.858781099319458,-0.03289662301540375,0.41167372465133667,0.7954474091529846,-0.04945197328925133,0.37686169147491455,0.7530725598335266,-0.06544174253940582,0.3401626944541931,0.7183443903923035,-0.07829317450523376,0.4004608988761902,0.6670982241630554,-0.027912922203540802,0.41985830664634705,0.5661637187004089,-0.05753794312477112,0.43203818798065186,0.5039539337158203,-0.07285066694021225,0.4359852075576782,0.45447012782096863,-0.07867563515901566,0.3568864166736603,0.6681197881698608,-0.030270475894212723,0.3435295522212982,0.561119556427002,-0.06407050788402557,0.3374306559562683,0.49370118975639343,-0.08171119540929794,0.32979056239128113,0.439375638961792,-0.08545421063899994,0.31966522336006165,0.6963417530059814,-0.03652908280491829,0.32721561193466187,0.7042360305786133,-0.07976382970809937,0.34680381417274475,0.756259024143219,-0.08792304247617722,0.3553463816642761,0.7864824533462524,-0.07738413661718369,0.29016539454460144,0.7363842129707336,-0.04526562616229057,0.30610254406929016,0.7497050762176514,-0.07076340168714523,0.3239552676677704,0.7853575944900513,-0.06725796312093735,0.33168795704841614,0.8060657382011414,-0.05504998192191124,brake
0.3858667314052582,0.8944143056869507,7.64266189889895e-07,0.4245871305465698,0.8522666096687317,-0.03303556889295578,0.4372729957103729,0.787715494632721,-0.04976511001586914,0.40420734882354736,0.744205117225647,-0.06557196378707886,0.36473560333251953,0.7132369875907898,-0.07852765917778015,0.4206165671348572,0.6633543968200684,-0.030915427953004837,0.4404129683971405,0.5626012086868286,-0.06019667908549309,0.4522831439971924,0.5004540681838989,-0.07577794790267944,0.4559164345264435,0.4505940079689026,-0.08204280585050583,0.37742534279823303,0.6647027730941772,-0.033499158918857574,0.36769139766693115,0.5561748147010803,-0.06600671261548996,0.3629980683326721,0.4863991141319275,-0.08327362686395645,0.35576748847961426,0.4298176169395447,-0.08748028427362442,0.3403078317642212,0.694144606590271,-0.03970905393362045,0.3526553213596344,0.6940039396286011,-0.08209877461194992,0.3744422197341919,0.7441445589065552,-0.08999920636415482,0.383771687746048,0.7741461396217346,-0.07993817329406738,0.31025266647338867,0.7357378602027893,-0.04832952097058296,0.32794448733329773,0.7382208704948425,-0.0740341916680336,0.3482268154621124,0.7706270217895508,-0.07025232911109924,0.358102411031723,0.7915629148483276,-0.05817297473549843,brake
0.45007532835006714,0.8887041211128235,7.627912737007136e-07,0.49250152707099915,0.8518733978271484,-0.031989049166440964,0.5141578316688538,0.7958823442459106,-0.04810378700494766,0.4912864565849304,0.7503572702407837,-0.06380271166563034,0.4622816741466522,0.7109419107437134,-0.07682067900896072,0.4994812309741974,0.6634294390678406,-0.031687602400779724,0.5244421362876892,0.5622023344039917,-0.06177518144249916,0.5379081964492798,0.4997286796569824,-0.07723719626665115,0.5435739159584045,0.4492291808128357,-0.08271632343530655,0.45421382784843445,0.660795271396637,-0.03425939753651619,0.4518405795097351,0.5508390069007874,-0.06660924851894379,0.44973301887512207,0.4793805480003357,-0.08339610695838928,0.4447868764400482,0.424148291349411,-0.08710534870624542,0.41470515727996826,0.6865169405937195,-0.04032226279377937,0.42906859517097473,0.6871827244758606,-0.08119290322065353,0.449270635843277,0.7317247986793518,-0.09025531262159348,0.46103090047836304,0.7616313695907593,-0.08171530067920685,0.38181623816490173,0.7259002923965454,-0.048824142664670944,0.40282484889030457,0.7383614182472229,-0.07432831823825836,0.4248620867729187,0.7718859910964966,-0.07230377942323685,0.4381159543991089,0.7940096855163574,-0.06146303936839104,brake
0.47509437799453735,0.9011679291725159,7.879168606450548e-07,0.5222722887992859,0.8642154932022095,-0.027939561754465103,0.5538303256034851,0.8103289604187012,-0.04365053400397301,0.5357422232627869,0.7640453577041626,-0.060032524168491364,0.5077264904975891,0.7279723286628723,-0.07397739589214325,0.5329108834266663,0.6737305521965027,-0.029769960790872574,0.5585601925849915,0.5658591389656067,-0.05897302180528641,0.5732122659683228,0.5025464296340942,-0.07354382425546646,0.5807024240493774,0.4511718153953552,-0.07807943969964981,0.4852030277252197,0.6710510849952698,-0.034363940358161926,0.4865071177482605,0.5590998530387878,-0.06667370349168777,0.4860336482524872,0.4838795065879822,-0.08429453521966934,0.4811628460884094,0.42662790417671204,-0.08827734738588333,0.44376885890960693,0.6938205361366272,-0.041781969368457794,0.46622219681739807,0.700506329536438,-0.08125828206539154,0.4856918454170227,0.7421548366546631,-0.09062232077121735,0.49446097016334534,0.7720848321914673,-0.08237608522176743,0.4088481366634369,0.7316497564315796,-0.05133761093020439,0.43745043873786926,0.7487883567810059,-0.07415246218442917,0.4604986906051636,0.7792357802391052,-0.07096364349126816,0.4731646478176117,0.8002341389656067,-0.059364981949329376,brake
0.4853402078151703,0.903038740158081,8.248852054748568e-07,0.5304172039031982,0.8615728616714478,-0.028464633971452713,0.5573420524597168,0.7999956607818604,-0.04381145164370537,0.5399232506752014,0.7532985210418701,-0.05977503955364227,0.517238199710846,0.71511310338974,-0.07262909412384033,0.5381015539169312,0.6658989191055298,-0.028292205184698105,0.5647138953208923,0.5598099827766418,-0.05890824273228645,0.5822473764419556,0.4974190294742584,-0.0737866461277008,0.5920462608337402,0.4483907222747803,-0.07817238569259644,0.4897790253162384,0.6637489199638367,-0.03322850167751312,0.4898914694786072,0.5523810982704163,-0.06740189343690872,0.49234363436698914,0.47753193974494934,-0.08468928933143616,0.490005761384964,0.4187745451927185,-0.08732076734304428,0.44804680347442627,0.6884943246841431,-0.041679747402668,0.47228991985321045,0.7038289904594421,-0.08451510965824127,0.49323296546936035,0.7517979145050049,-0.09397987276315689,0.5014336705207825,0.7819870710372925,-0.0840049758553505,0.4140145480632782,0.7291179895401001,-0.05235333368182182,0.44626384973526,0.7575660943984985,-0.07728994637727737,0.4699917733669281,0.7902156114578247,-0.07538465410470963,0.48145025968551636,0.8079922795295715,-0.06386813521385193,brake
0.47618094086647034,0.9068343639373779,8.335150596394669e-07,0.5210997462272644,0.8664188385009766,-0.02991669811308384,0.5478540062904358,0.8070035576820374,-0.046441033482551575,0.5308533906936646,0.7598428130149841,-0.06323182582855225,0.5044837594032288,0.7194070219993591,-0.07676177471876144,0.5310957431793213,0.6682246923446655,-0.030267154797911644,0.5577215552330017,0.5605986714363098,-0.060474030673503876,0.5751480460166931,0.49839216470718384,-0.07476741820573807,0.5840747952461243,0.448417603969574,-0.07888224720954895,0.4825674891471863,0.6647990345954895,-0.03470127284526825,0.48109766840934753,0.5511776804924011,-0.06877925246953964,0.48258310556411743,0.4760649800300598,-0.0857803151011467,0.47894394397735596,0.4167387783527374,-0.08819354325532913,0.4401615858078003,0.6894726753234863,-0.042534008622169495,0.4651147127151489,0.7037620544433594,-0.08548208326101303,0.48798999190330505,0.7515224814414978,-0.09474710375070572,0.4969654679298401,0.7807255983352661,-0.08456079661846161,0.4057031571865082,0.7291150689125061,-0.05262471362948418,0.4399328827857971,0.7579998970031738,-0.0772474929690361,0.46278756856918335,0.7915679216384888,-0.07471978664398193,0.4725160002708435,0.8091135621070862,-0.0628579631447792,brake
0.4741796851158142,0.905887246131897,8.06795867447363e-07,0.517677903175354,0.866376519203186,-0.03020359016954899,0.5435037612915039,0.8071871995925903,-0.04642312973737717,0.5268180966377258,0.7611567378044128,-0.06273927539587021,0.5014060735702515,0.7212193608283997,-0.07573212683200836,0.5265424251556396,0.6695255041122437,-0.030559834092855453,0.5523473620414734,0.5613288283348083,-0.060014758259058,0.569337010383606,0.5003958940505981,-0.07349302619695663,0.5783607959747314,0.452467143535614,-0.07692509889602661,0.4781022369861603,0.6668088436126709,-0.03470323234796524,0.4716545343399048,0.5482203960418701,-0.06841082870960236,0.47247302532196045,0.47358468174934387,-0.08488406240940094,0.4690214991569519,0.41678982973098755,-0.08676984161138535,0.4365752935409546,0.6912734508514404,-0.04223911836743355,0.4621458649635315,0.701223611831665,-0.08518695086240768,0.48566535115242004,0.7477871179580688,-0.09483058750629425,0.49429914355278015,0.776854395866394,-0.08483506739139557,0.40404924750328064,0.7292330861091614,-0.05191987380385399,0.44022148847579956,0.7539489269256592,-0.07627557218074799,0.46156176924705505,0.7881484627723694,-0.0736360251903534,0.4686514139175415,0.80704265832901,-0.06182355433702469,brake
0.4479537904262543,0.9061976075172424,7.719386871940515e-07,0.4946153461933136,0.8663808703422546,-0.03254561126232147,0.5171365737915039,0.8061803579330444,-0.04937953129410744,0.4950636327266693,0.7564772367477417,-0.06496560573577881,0.4685138463973999,0.7132692337036133,-0.07770530134439468,0.5057307481765747,0.6735250949859619,-0.035562824457883835,0.5325279831886292,0.5636918544769287,-0.06501445919275284,0.5479081869125366,0.49973708391189575,-0.0803195908665657,0.5544757843017578,0.44771796464920044,-0.08638577908277512,0.45932039618492126,0.6705273389816284,-0.038115352392196655,0.4582991302013397,0.5527294874191284,-0.07083095610141754,0.45897433161735535,0.47669968008995056,-0.08928191661834717,0.45583561062812805,0.41921621561050415,-0.09474305808544159,0.4184492230415344,0.69521564245224,-0.043784260749816895,0.4354914426803589,0.6864621043205261,-0.08403144776821136,0.46196067333221436,0.7130607962608337,-0.09636851400136948,0.4778826832771301,0.732848584651947,-0.09163680672645569,0.3848310112953186,0.7350687980651855,-0.05172691121697426,0.4096243381500244,0.7457650303840637,-0.07834360748529434,0.4332265853881836,0.7716720104217529,-0.07906709611415863,0.4467832148075104,0.7904497385025024,-0.07100271433591843,brake
0.40657901763916016,0.9012296795845032,7.87761223364214e-07,0.45099201798439026,0.8612987995147705,-0.030544107779860497,0.47152507305145264,0.7978082299232483,-0.04598785564303398,0.44599658250808716,0.7505329847335815,-0.06112558767199516,0.4098075032234192,0.7153674960136414,-0.07372681051492691,0.4586193263530731,0.6622692942619324,-0.02888519875705242,0.48751550912857056,0.5609638690948486,-0.05860884487628937,0.5022229552268982,0.5004507303237915,-0.07442186772823334,0.5071559548377991,0.45082253217697144,-0.0807223692536354,0.413719117641449,0.6592068672180176,-0.03329116478562355,0.41189950704574585,0.54295414686203,-0.06625150144100189,0.4120735228061676,0.4696885347366333,-0.08448589593172073,0.40706688165664673,0.412123441696167,-0.08922547847032547,0.3729076683521271,0.6861243844032288,-0.04120507091283798,0.3875926733016968,0.6850985288619995,-0.08364728838205338,0.408652663230896,0.7300066351890564,-0.09424159675836563,0.4172508716583252,0.759677529335022,-0.08637501299381256,0.33972638845443726,0.7271524667739868,-0.05128410458564758,0.364609956741333,0.7401992678642273,-0.077809177339077,0.38513314723968506,0.7731266021728516,-0.07652647793292999,0.3942921757698059,0.7953087687492371,-0.06632570922374725,brake
0.33626359701156616,0.8715991973876953,7.759342111057776e-07,0.3770733177661896,0.8216435313224792,-0.034412190318107605,0.3831995129585266,0.7470206618309021,-0.049555808305740356,0.3427306115627289,0.6972246766090393,-0.06429275870323181,0.30096620321273804,0.6626504063606262,-0.0760798454284668,0.3746160566806793,0.621273934841156,-0.02152979001402855,0.3946274518966675,0.5200483798980713,-0.04844435304403305,0.40676188468933105,0.45680567622184753,-0.06350363790988922,0.4118189215660095,0.40666285157203674,-0.0698106437921524,0.33228960633277893,0.625111997127533,-0.023248976096510887,0.31615450978279114,0.5113857388496399,-0.054551925510168076,0.3105016350746155,0.4395636320114136,-0.0716545358300209,0.3045347332954407,0.3839714825153351,-0.07577606290578842,0.29678061604499817,0.657318115234375,-0.029598016291856766,0.29404911398887634,0.6449452042579651,-0.07454381138086319,0.31482580304145813,0.6975874304771423,-0.08391591161489487,0.32638198137283325,0.7340562343597412,-0.07374325394630432,0.2685628831386566,0.7014349102973938,-0.0383019857108593,0.27470147609710693,0.6934927701950073,-0.06839573383331299,0.2952616512775421,0.7311925888061523,-0.06628554314374924,0.30752861499786377,0.7596443295478821,-0.05442346632480621,brake
0.3288727104663849,0.8633530139923096,7.490947950827831e-07,0.37270864844322205,0.8128482103347778,-0.031086957082152367,0.37994512915611267,0.7401488423347473,-0.04522702842950821,0.34312400221824646,0.6929046511650085,-0.05959736555814743,0.30459433794021606,0.6555261015892029,-0.07105511426925659,0.3679828643798828,0.6119481325149536,-0.01892477087676525,0.38775932788848877,0.5107858180999756,-0.04406866058707237,0.3996945023536682,0.4487721025943756,-0.058557379990816116,0.4056638777256012,0.39995911717414856,-0.06487535685300827,0.3246750831604004,0.6150989532470703,-0.022085024043917656,0.30854278802871704,0.5008829832077026,-0.05137007310986519,0.30232617259025574,0.42974191904067993,-0.06812476366758347,0.2967320382595062,0.37519484758377075,-0.07282145321369171,0.2886548638343811,0.6472389101982117,-0.02942834235727787,0.28785377740859985,0.6263930201530457,-0.07216407358646393,0.3083893358707428,0.6804347038269043,-0.08002379536628723,0.31938260793685913,0.7199795246124268,-0.06972266733646393,0.2606436312198639,0.6928590536117554,-0.03892114758491516,0.2686285078525543,0.6748864054679871,-0.06824365258216858,0.2901906371116638,0.7122097015380859,-0.06487870216369629,0.3032875657081604,0.7433692216873169,-0.05231478065252304,brake
0.323186993598938,0.8563289642333984,7.382676585621084e-07,0.3645777106285095,0.8094781637191772,-0.03415168076753616,0.37070968747138977,0.7380142211914062,-0.05009658634662628,0.3337983787059784,0.6889434456825256,-0.06560550630092621,0.29658055305480957,0.6476664543151855,-0.0779118612408638,0.3625738024711609,0.6081430912017822,-0.022918695583939552,0.38093826174736023,0.5068243741989136,-0.05052422359585762,0.39280572533607483,0.44449734687805176,-0.0663900300860405,0.3990049958229065,0.3941360116004944,-0.0734253078699112,0.3192276358604431,0.6094833612442017,-0.024909518659114838,0.3025881052017212,0.4972308874130249,-0.056864842772483826,0.2965014576911926,0.4275915026664734,-0.07468805462121964,0.29161015152931213,0.3712828457355499,-0.07953260838985443,0.2828720808029175,0.6393929123878479,-0.03133104369044304,0.28193628787994385,0.6267286539077759,-0.07606986165046692,0.3005152940750122,0.6826716065406799,-0.08427558094263077,0.3107811212539673,0.7195953726768494,-0.07367508858442307,0.25424936413764954,0.6828056573867798,-0.04015352949500084,0.26121142506599426,0.672854483127594,-0.06977128982543945,0.28107592463493347,0.7110958099365234,-0.06656049191951752,0.2934369444847107,0.7384161949157715,-0.05405699461698532,brake
0.3078349530696869,0.8368103504180908,7.297063007172255e-07,0.3493322730064392,0.7829205989837646,-0.02973129414021969,0.3524946868419647,0.7076963186264038,-0.04430080205202103,0.3118940591812134,0.6577178239822388,-0.05926337465643883,0.2712465226650238,0.6202507615089417,-0.07179323583841324,0.34347084164619446,0.5861618518829346,-0.019750287756323814,0.3615472614765167,0.4844762682914734,-0.04667679965496063,0.37435945868492126,0.42154377698898315,-0.0632023960351944,0.3829219937324524,0.37063276767730713,-0.07121644914150238,0.3020095229148865,0.5895258188247681,-0.023350441828370094,0.2869469225406647,0.47444984316825867,-0.05324247479438782,0.2812160551548004,0.40077465772628784,-0.07073049992322922,0.27734050154685974,0.3426186144351959,-0.07685388624668121,0.2659822106361389,0.6221387386322021,-0.031003082171082497,0.2592736482620239,0.5893734097480774,-0.07396607100963593,0.27791741490364075,0.6397789120674133,-0.0824102833867073,0.28946593403816223,0.6793164014816284,-0.07340790331363678,0.23860076069831848,0.6688154935836792,-0.0405634306371212,0.2408381998538971,0.6485496163368225,-0.0715172290802002,0.2622542381286621,0.6841237545013428,-0.06977395713329315,0.2764831781387329,0.7155095338821411,-0.05870576947927475,brake
0.3017793297767639,0.7902463674545288,7.308286740226322e-07,0.3414191007614136,0.7359094619750977,-0.03090544417500496,0.3420112133026123,0.6550454497337341,-0.04466681927442551,0.29803016781806946,0.6023539900779724,-0.058507490903139114,0.2551884651184082,0.5639430284500122,-0.06956227868795395,0.3360629677772522,0.5315771102905273,-0.017070995643734932,0.3565073013305664,0.42911678552627563,-0.042005546391010284,0.3688749074935913,0.36652153730392456,-0.05702320486307144,0.37655967473983765,0.31660813093185425,-0.06424176692962646,0.2938760817050934,0.5366593599319458,-0.020179374143481255,0.27728918194770813,0.41888847947120667,-0.04918987303972244,0.27329257130622864,0.3464476764202118,-0.06604236364364624,0.27042222023010254,0.2894728183746338,-0.07137744873762131,0.257995069026947,0.5718499422073364,-0.02755962312221527,0.2471218705177307,0.5390255451202393,-0.0717696025967598,0.2667049169540405,0.5904624462127686,-0.08063057065010071,0.27843207120895386,0.6303952932357788,-0.07125385105609894,0.23080380260944366,0.6204966902732849,-0.036802589893341064,0.23141606152057648,0.5973031520843506,-0.06964817643165588,0.25252142548561096,0.6364924311637878,-0.06792204082012177,0.26587358117103577,0.6704865097999573,-0.056352268904447556,brake
0.2897378206253052,0.755129337310791,8.183020554497489e-07,0.32937514781951904,0.70240718126297,-0.03301792964339256,0.33072230219841003,0.6211556196212769,-0.04629606753587723,0.28725922107696533,0.5638574957847595,-0.057209234684705734,0.24391025304794312,0.5202150940895081,-0.06707024574279785,0.3305457532405853,0.49079829454421997,-0.022952262312173843,0.35423117876052856,0.3884851634502411,-0.04318142682313919,0.36632612347602844,0.32626873254776,-0.057713139802217484,0.3717648386955261,0.27202898263931274,-0.06719235330820084,0.28363820910453796,0.4914275109767914,-0.02443563938140869,0.2765406370162964,0.36904317140579224,-0.04327135533094406,0.26865124702453613,0.2948353588581085,-0.058526817709207535,0.2592833936214447,0.23229217529296875,-0.06694135069847107,0.2459782361984253,0.5241957902908325,-0.02989969588816166,0.2119588553905487,0.4529123604297638,-0.05947147309780121,0.19536583125591278,0.43011903762817383,-0.07462393492460251,0.1817871481180191,0.4086551070213318,-0.08019164204597473,0.21844208240509033,0.575944721698761,-0.03785370662808418,0.21378205716609955,0.5458123683929443,-0.06663914769887924,0.23129677772521973,0.5766652822494507,-0.07012877613306046,0.24630029499530792,0.6044244170188904,-0.06761455535888672,brake
0.27954503893852234,0.7264173030853271,8.469514227726904e-07,0.3233824670314789,0.6702978014945984,-0.03147432208061218,0.32595109939575195,0.5875368118286133,-0.04421280696988106,0.28192707896232605,0.5315617918968201,-0.055687226355075836,0.23911046981811523,0.4895225763320923,-0.06525828689336777,0.3235947787761688,0.4641404151916504,-0.019868070259690285,0.3481128215789795,0.3616740107536316,-0.04262632876634598,0.36316490173339844,0.2978525757789612,-0.05632355809211731,0.3720506429672241,0.24555924534797668,-0.06353607773780823,0.27771562337875366,0.46638861298561096,-0.02132882922887802,0.27098628878593445,0.34479767084121704,-0.04702422395348549,0.26475197076797485,0.26602083444595337,-0.06453700363636017,0.2580512464046478,0.20158329606056213,-0.07223314046859741,0.24143432080745697,0.49875640869140625,-0.02690483070909977,0.2152571976184845,0.4499943256378174,-0.06635201722383499,0.2107732594013214,0.47017794847488403,-0.08245661854743958,0.20663894712924957,0.485757976770401,-0.08257396519184113,0.21580077707767487,0.5468429327011108,-0.03411928936839104,0.21297430992126465,0.5226346254348755,-0.06537993997335434,0.2316155731678009,0.558064341545105,-0.06937102973461151,0.24672524631023407,0.5862645506858826,-0.06492649763822556,brake
0.2808995842933655,0.7198423743247986,8.433726179646328e-07,0.3213996887207031,0.6663712859153748,-0.03327610343694687,0.3231388032436371,0.5816829800605774,-0.04557147994637489,0.27943238615989685,0.5199389457702637,-0.05579051002860069,0.23483721911907196,0.4760408103466034,-0.06459059566259384,0.325746089220047,0.45472121238708496,-0.019642462953925133,0.35102030634880066,0.35388365387916565,-0.04000367224216461,0.3653982877731323,0.29068318009376526,-0.05386079475283623,0.37346112728118896,0.23830682039260864,-0.06232805550098419,0.2784174680709839,0.456182062625885,-0.020562157034873962,0.27360495924949646,0.333581805229187,-0.042108651250600815,0.2681252360343933,0.2571250796318054,-0.05841032788157463,0.2607465386390686,0.19676446914672852,-0.06653138250112534,0.2414819747209549,0.4917430579662323,-0.025706155225634575,0.21043214201927185,0.42188042402267456,-0.06194383278489113,0.19708110392093658,0.42145299911499023,-0.0784929171204567,0.18610912561416626,0.4229455590248108,-0.08141151815652847,0.21546974778175354,0.545735776424408,-0.032715246081352234,0.2123684585094452,0.5099079608917236,-0.06667321175336838,0.2300439178943634,0.5422484874725342,-0.07222753763198853,0.244554340839386,0.5717151165008545,-0.0692996084690094,brake
0.27475443482398987,0.7089621424674988,7.726789590378758e-07,0.31734731793403625,0.6545631289482117,-0.03457169979810715,0.3202497363090515,0.5666321516036987,-0.04768994450569153,0.2739049792289734,0.5042631030082703,-0.060156483203172684,0.2290925532579422,0.45930245518684387,-0.07001341879367828,0.3198317289352417,0.44572776556015015,-0.015831442549824715,0.3443416357040405,0.3421640396118164,-0.04084239900112152,0.3598032593727112,0.27689316868782043,-0.0560138076543808,0.3701437711715698,0.2257193624973297,-0.0631592646241188,0.2751295566558838,0.4473748505115509,-0.017024816945195198,0.2629440426826477,0.3237956166267395,-0.046128254383802414,0.25987541675567627,0.2470461130142212,-0.06365706771612167,0.25797271728515625,0.18748575448989868,-0.0693296566605568,0.23773404955863953,0.48069095611572266,-0.023331286385655403,0.2250499576330185,0.4414907395839691,-0.06964124739170074,0.2378041297197342,0.4924011528491974,-0.0820373073220253,0.2448694109916687,0.5297624468803406,-0.07478667795658112,0.20887231826782227,0.5280085206031799,-0.03152056410908699,0.20689934492111206,0.4981749355792999,-0.0667031928896904,0.22706550359725952,0.5365842580795288,-0.06758277118206024,0.24170199036598206,0.5673383474349976,-0.05798925831913948,brake
0.26688429713249207,0.6807200908660889,7.746277788100997e-07,0.30766382813453674,0.6222387552261353,-0.031249597668647766,0.3070341646671295,0.5319768786430359,-0.04271816089749336,0.2620629072189331,0.4692193269729614,-0.053676895797252655,0.21669411659240723,0.42599034309387207,-0.06240209937095642,0.3122807741165161,0.4164736270904541,-0.01320744026452303,0.3369728922843933,0.3160803020000458,-0.03630718216300011,0.352936714887619,0.2520104944705963,-0.050870828330516815,0.3630400002002716,0.20169967412948608,-0.05825740098953247,0.2680360972881317,0.41989803314208984,-0.015442844480276108,0.25778666138648987,0.29715269804000854,-0.041981291025877,0.25530484318733215,0.22225961089134216,-0.05936528369784355,0.25228065252304077,0.16242408752441406,-0.0659608244895935,0.23199093341827393,0.4556051194667816,-0.022383784875273705,0.20979440212249756,0.4090796709060669,-0.06724390387535095,0.21562714874744415,0.4522363543510437,-0.08165349066257477,0.21794113516807556,0.485661119222641,-0.07699847966432571,0.20528218150138855,0.506087601184845,-0.03070996142923832,0.1979835033416748,0.4698549509048462,-0.06678728759288788,0.21674145758152008,0.5082310438156128,-0.06944787502288818,0.2317960262298584,0.5410658717155457,-0.06170061603188515,brake
0.26263561844825745,0.6367799639701843,7.850393899389019e-07,0.3043879270553589,0.5834159851074219,-0.03759726136922836,0.30817946791648865,0.49364912509918213,-0.05129348486661911,0.2632988393306732,0.4296811521053314,-0.06379261612892151,0.22036504745483398,0.3818363845348358,-0.07285619527101517,0.31510916352272034,0.37720760703086853,-0.016444295644760132,0.3405050039291382,0.2727935314178467,-0.04369257763028145,0.35712501406669617,0.20841661095619202,-0.059287793934345245,0.3672894835472107,0.15927734971046448,-0.06586851179599762,0.2698683440685272,0.37695032358169556,-0.01671578362584114,0.2589377760887146,0.25011515617370605,-0.04885593429207802,0.25714436173439026,0.17418578267097473,-0.06650282442569733,0.254732221364975,0.11467379331588745,-0.07028529047966003,0.2319619059562683,0.4070776104927063,-0.022749364376068115,0.21602703630924225,0.37738633155822754,-0.07364130765199661,0.23360466957092285,0.4360518753528595,-0.08503152430057526,0.2454858273267746,0.47528523206710815,-0.07425249367952347,0.20189416408538818,0.4502308964729309,-0.03090674802660942,0.19632235169410706,0.4256190061569214,-0.06846782565116882,0.21556466817855835,0.4706950783729553,-0.0681643858551979,0.23003464937210083,0.5033822059631348,-0.05610649660229683,brake
0.2632844150066376,0.6289080381393433,7.363307759078452e-07,0.3069554269313812,0.5746611952781677,-0.03680753335356712,0.31197646260261536,0.48575952649116516,-0.05031142383813858,0.26783454418182373,0.42076265811920166,-0.06269508600234985,0.22551485896110535,0.37350571155548096,-0.07203643023967743,0.3175014555454254,0.36802926659584045,-0.0162160973995924,0.342926561832428,0.26576122641563416,-0.04253598675131798,0.3594019412994385,0.20228073000907898,-0.05831683427095413,0.3700849413871765,0.15325219929218292,-0.0654437243938446,0.2728005647659302,0.3680882751941681,-0.016627268865704536,0.26306432485580444,0.24349656701087952,-0.04740072786808014,0.2607623040676117,0.16775956749916077,-0.0651056095957756,0.2585371732711792,0.10869410634040833,-0.06971727311611176,0.23491665720939636,0.39902064204216003,-0.0225457064807415,0.21843072772026062,0.3646599054336548,-0.07215419411659241,0.23409658670425415,0.42262357473373413,-0.08337537944316864,0.24501532316207886,0.4632189869880676,-0.07321857661008835,0.20443694293498993,0.44346803426742554,-0.030507506802678108,0.19510683417320251,0.4105331003665924,-0.06810823827981949,0.21292532980442047,0.4556831419467926,-0.06760276108980179,0.22759748995304108,0.491383820772171,-0.0555821917951107,brake
0.2713400721549988,0.5998098850250244,7.392565635200299e-07,0.31133711338043213,0.545495867729187,-0.03877299278974533,0.3162682354450226,0.4622848331928253,-0.053494591265916824,0.27755478024482727,0.39360499382019043,-0.06624939292669296,0.23965182900428772,0.34273386001586914,-0.07594940811395645,0.3275500237941742,0.3508443534374237,-0.018130864948034286,0.35429686307907104,0.2550816535949707,-0.045787788927555084,0.37256932258605957,0.1938168853521347,-0.06284710019826889,0.3837555944919586,0.14610429108142853,-0.0705900564789772,0.2845906913280487,0.3488050699234009,-0.01621602475643158,0.2773546576499939,0.22985726594924927,-0.04509243741631508,0.2751257121562958,0.15960179269313812,-0.06130007281899452,0.27118921279907227,0.10175049304962158,-0.06533575057983398,0.24687279760837555,0.376568466424942,-0.02019692026078701,0.22942128777503967,0.3495903015136719,-0.06536328047513962,0.24364079535007477,0.39991873502731323,-0.07663245499134064,0.2538158893585205,0.4329221844673157,-0.06829444319009781,0.2165871411561966,0.4175677001476288,-0.026767322793602943,0.2066650092601776,0.4037541151046753,-0.0596533939242363,0.22083276510238647,0.44270947575569153,-0.060401756316423416,0.23104681074619293,0.46978726983070374,-0.05086250603199005,brake
0.28786492347717285,0.5860347747802734,6.80527193708258e-07,0.33107325434684753,0.533729076385498,-0.031038161367177963,0.33790791034698486,0.4484894275665283,-0.0421292670071125,0.30358216166496277,0.38089585304260254,-0.05291818827390671,0.26620128750801086,0.3335791230201721,-0.06138954311609268,0.3481655418872833,0.34952405095100403,-0.013272098265588284,0.3762664496898651,0.2562190890312195,-0.037386901676654816,0.39311355352401733,0.19810843467712402,-0.05203307792544365,0.40361201763153076,0.15234865248203278,-0.05907489359378815,0.30676373839378357,0.34922295808792114,-0.014975353144109249,0.30400410294532776,0.23194876313209534,-0.04329069331288338,0.30573007464408875,0.16167892515659332,-0.05929534509778023,0.3054112493991852,0.1058788001537323,-0.06387654691934586,0.2689027488231659,0.37690600752830505,-0.021509170532226562,0.2576308846473694,0.33816012740135193,-0.06642792373895645,0.27243971824645996,0.3912549316883087,-0.07571735978126526,0.28197482228279114,0.42781317234039307,-0.06647342443466187,0.23702064156532288,0.41730183362960815,-0.029715869575738907,0.23559878766536713,0.3864170014858246,-0.0634385198354721,0.2514401376247406,0.4271045923233032,-0.06260430067777634,0.2632400691509247,0.4574049413204193,-0.0520893894135952,brake
0.30524271726608276,0.594803512096405,6.907852139192983e-07,0.34609559178352356,0.5461549758911133,-0.03206893801689148,0.35402047634124756,0.46508923172950745,-0.04398156702518463,0.32303673028945923,0.39826536178588867,-0.055058229714632034,0.2882065773010254,0.35020726919174194,-0.06391776353120804,0.3645525872707367,0.3658579885959625,-0.015271567739546299,0.39398059248924255,0.2800833582878113,-0.03934085741639137,0.4117220640182495,0.22588703036308289,-0.0539158396422863,0.42365673184394836,0.1835920810699463,-0.060821790248155594,0.3235304355621338,0.3638332784175873,-0.01620672084391117,0.3244421184062958,0.2537112832069397,-0.044133592396974564,0.3277204930782318,0.18746380507946014,-0.05967605859041214,0.32880571484565735,0.1353604793548584,-0.0638105720281601,0.2855289578437805,0.39119625091552734,-0.021911857649683952,0.2734515964984894,0.3558935523033142,-0.0672878548502922,0.2868768572807312,0.4097219407558441,-0.07736727595329285,0.2963641881942749,0.4484291672706604,-0.06858453154563904,0.2534422278404236,0.4326733350753784,-0.029172178357839584,0.2508982717990875,0.4078558683395386,-0.06435684859752655,0.26519179344177246,0.44919878244400024,-0.0648677870631218,0.2765178680419922,0.4807373583316803,-0.05494922399520874,brake
0.2943994700908661,0.602698802947998,6.252680577745195e-07,0.33676496148109436,0.5554608106613159,-0.027611343190073967,0.34601908922195435,0.47705012559890747,-0.03776177018880844,0.3169246315956116,0.41548699140548706,-0.04803111404180527,0.2836739718914032,0.37227460741996765,-0.05649480223655701,0.34769490361213684,0.38066065311431885,-0.013137513771653175,0.37427911162376404,0.2950226366519928,-0.0356704480946064,0.39043474197387695,0.24062223732471466,-0.049243103712797165,0.401895672082901,0.1971881240606308,-0.05572311952710152,0.30923131108283997,0.37691614031791687,-0.01564027927815914,0.3065222501754761,0.2690058946609497,-0.04144899547100067,0.308205246925354,0.20216387510299683,-0.056276433169841766,0.30844926834106445,0.1483531892299652,-0.06075887754559517,0.2734110355377197,0.40225401520729065,-0.022235002368688583,0.26408806443214417,0.3650047481060028,-0.06405680626630783,0.2797292470932007,0.4180692136287689,-0.0723491683602333,0.28956934809684753,0.4574500322341919,-0.06352498382329941,0.24286676943302155,0.44181546568870544,-0.03021303005516529,0.2372734248638153,0.41438060998916626,-0.06194636970758438,0.2530307173728943,0.4514831602573395,-0.06112831085920334,0.2649601995944977,0.48230665922164917,-0.05113073065876961,brake
0.2902466952800751,0.6290860176086426,5.598699885922542e-07,0.32975640892982483,0.5859826803207397,-0.030441859737038612,0.3372732698917389,0.5027942061424255,-0.04103925824165344,0.3037242293357849,0.43856167793273926,-0.051047373563051224,0.26988485455513,0.3931809067726135,-0.05848527327179909,0.34172892570495605,0.4053763151168823,-0.012410901486873627,0.3653414845466614,0.31853970885276794,-0.03461256995797157,0.3809232711791992,0.2660520374774933,-0.04789083078503609,0.3917461931705475,0.22488747537136078,-0.05400687828660011,0.3031531870365143,0.40466272830963135,-0.013955674134194851,0.29580873250961304,0.29322880506515503,-0.03986533358693123,0.2982464134693146,0.2308274209499359,-0.05433447286486626,0.2993459105491638,0.18135182559490204,-0.05792034789919853,0.2683682441711426,0.4323265552520752,-0.02018369361758232,0.2635672688484192,0.3953811824321747,-0.06347163766622543,0.27854788303375244,0.44844669103622437,-0.0724051222205162,0.2852344512939453,0.48229098320007324,-0.06320878118276596,0.23873063921928406,0.47195926308631897,-0.02787899412214756,0.24128125607967377,0.44229134917259216,-0.06059768795967102,0.25753358006477356,0.47988176345825195,-0.05964145064353943,0.26535463333129883,0.5070925951004028,-0.04916423186659813,brake
0.2794937789440155,0.6293435096740723,5.910297886657645e-07,0.31991592049598694,0.5833783149719238,-0.027910439297556877,0.32797300815582275,0.5036236643791199,-0.03728484362363815,0.2943090796470642,0.44451186060905457,-0.046194251626729965,0.2591525912284851,0.40619486570358276,-0.05256866291165352,0.33217525482177734,0.41050469875335693,-0.012049577198922634,0.35802140831947327,0.3243270516395569,-0.03207771107554436,0.3737030029296875,0.26971158385276794,-0.04340096563100815,0.38367199897766113,0.22862522304058075,-0.04767629876732826,0.2945078909397125,0.40681618452072144,-0.012807073071599007,0.2902653217315674,0.30142098665237427,-0.036404747515916824,0.29070714116096497,0.23606011271476746,-0.050084710121154785,0.2886967360973358,0.18467777967453003,-0.053426556289196014,0.2613600492477417,0.43013447523117065,-0.01787802018225193,0.24750930070877075,0.3914637565612793,-0.057066310197114944,0.257598340511322,0.43669039011001587,-0.0675632581114769,0.26263755559921265,0.4711954891681671,-0.060409680008888245,0.23483777046203613,0.46429747343063354,-0.024312211200594902,0.2281944304704666,0.42486077547073364,-0.05192481353878975,0.22803252935409546,0.4352516233921051,-0.052995067089796066,0.22174403071403503,0.44423413276672363,-0.045483317226171494,brake
0.28072261810302734,0.6535089612007141,5.932841418143653e-07,0.31982117891311646,0.6129392385482788,-0.030651966109871864,0.32669657468795776,0.5361130237579346,-0.04104948043823242,0.29352810978889465,0.47607773542404175,-0.0502796545624733,0.25969526171684265,0.4333505928516388,-0.05682831630110741,0.33600595593452454,0.4350058138370514,-0.014913618564605713,0.3614259362220764,0.349885493516922,-0.0352320559322834,0.37621521949768066,0.29649296402931213,-0.046699006110429764,0.3854920566082001,0.25473302602767944,-0.05155196040868759,0.29778599739074707,0.4302845597267151,-0.014696270227432251,0.29245278239250183,0.3250473141670227,-0.03866056725382805,0.29314613342285156,0.26247674226760864,-0.05208517611026764,0.2932108938694,0.21368755400180817,-0.05535406619310379,0.26410311460494995,0.4535609185695648,-0.01889730617403984,0.24879837036132812,0.4235944449901581,-0.06000238656997681,0.25827479362487793,0.4721618592739105,-0.07129643857479095,0.26407983899116516,0.5075679421424866,-0.06436892598867416,0.2356635183095932,0.48853567242622375,-0.02456403523683548,0.23086273670196533,0.4636452794075012,-0.05645493045449257,0.244401752948761,0.4983689486980438,-0.05871690809726715,0.25400957465171814,0.5263454914093018,-0.05084816738963127,brake
0.2991071343421936,0.6970914602279663,6.34347827599413e-07,0.3403371572494507,0.649808406829834,-0.026513390243053436,0.3450445830821991,0.5722270011901855,-0.03664666414260864,0.3114567697048187,0.5156358480453491,-0.0470266230404377,0.27613353729248047,0.47639545798301697,-0.05534952133893967,0.3468128740787506,0.4677343964576721,-0.012393038719892502,0.37138697504997253,0.3801211416721344,-0.03232208639383316,0.3848736882209778,0.32545357942581177,-0.04491995647549629,0.3929152488708496,0.2810002267360687,-0.05168431997299194,0.30748051404953003,0.4695349931716919,-0.015780029818415642,0.29990488290786743,0.36157655715942383,-0.04005969688296318,0.30037006735801697,0.29615727066993713,-0.05496589094400406,0.29980233311653137,0.24281932413578033,-0.060299091041088104,0.2728691101074219,0.5003202557563782,-0.022853216156363487,0.2662781774997711,0.45967918634414673,-0.06268760561943054,0.28122150897979736,0.5083433985710144,-0.07099588215351105,0.2881593406200409,0.5442957878112793,-0.06322605907917023,0.24475836753845215,0.5437431335449219,-0.03132835775613785,0.24810642004013062,0.5127795934677124,-0.06361275911331177,0.2665933668613434,0.5494871139526367,-0.06317251175642014,0.277614951133728,0.5810221433639526,-0.05354107916355133,brake
0.30983516573905945,0.7201906442642212,6.704433985760261e-07,0.3521597385406494,0.6736487150192261,-0.027174632996320724,0.36011940240859985,0.6010722517967224,-0.0391436330974102,0.33032819628715515,0.5510202646255493,-0.05168379843235016,0.29894694685935974,0.5094335675239563,-0.06193511188030243,0.3537241816520691,0.4885134696960449,-0.0169311985373497,0.3768899440765381,0.39836934208869934,-0.04008408635854721,0.3894953727722168,0.34167325496673584,-0.053994398564100266,0.3975648581981659,0.29518598318099976,-0.06109492853283882,0.3143661320209503,0.4892255663871765,-0.021264346316456795,0.3077864646911621,0.3814656734466553,-0.048773664981126785,0.30698567628860474,0.3142422139644623,-0.06494829058647156,0.3063502311706543,0.25923335552215576,-0.07066602259874344,0.27837902307510376,0.5185871124267578,-0.029192917048931122,0.27799928188323975,0.4806416928768158,-0.07077100872993469,0.29375380277633667,0.5374701619148254,-0.07704231142997742,0.30145561695098877,0.5770573019981384,-0.06736135482788086,0.2486087679862976,0.5617828369140625,-0.03877308592200279,0.25395527482032776,0.5375916361808777,-0.07059996575117111,0.2731052041053772,0.5759417414665222,-0.06858979910612106,0.2847723364830017,0.6055936813354492,-0.05767276510596275,brake
0.3215009868144989,0.7407349348068237,6.33203967481677e-07,0.35841941833496094,0.6924518346786499,-0.027904009446501732,0.36277496814727783,0.6213573813438416,-0.039946191012859344,0.33052346110343933,0.5743276476860046,-0.05213496834039688,0.29761242866516113,0.5368318557739258,-0.06168128922581673,0.3528285026550293,0.5089132189750671,-0.016854798421263695,0.3712208569049835,0.41710925102233887,-0.038401756435632706,0.38013380765914917,0.3610488772392273,-0.050937019288539886,0.3847275376319885,0.3156702518463135,-0.05681224167346954,0.31329119205474854,0.5115397572517395,-0.019721899181604385,0.30013784766197205,0.40621769428253174,-0.04613340273499489,0.29517847299575806,0.34021735191345215,-0.0619344562292099,0.29139581322669983,0.28743717074394226,-0.06713046133518219,0.2792019844055176,0.5407928824424744,-0.026156160980463028,0.2777196764945984,0.5120464563369751,-0.06624741107225418,0.2932184934616089,0.5643754005432129,-0.07429800182580948,0.3002505302429199,0.6020227670669556,-0.06575057655572891,0.25164535641670227,0.5819022059440613,-0.03420618548989296,0.2564752995967865,0.5608047246932983,-0.06376773864030838,0.27557358145713806,0.5959524512290955,-0.062267642468214035,0.2872792184352875,0.6251314878463745,-0.051853254437446594,brake
0.3302701711654663,0.7629904747009277,6.688006237709487e-07,0.3665301501750946,0.7121089696884155,-0.028049109503626823,0.37031087279319763,0.6418320536613464,-0.04051058366894722,0.339211106300354,0.5947361588478088,-0.053112249821424484,0.3048352599143982,0.5593698024749756,-0.06311593949794769,0.3529623746871948,0.5271155834197998,-0.019054509699344635,0.3689289391040802,0.4321882724761963,-0.04233241453766823,0.3768506944179535,0.37477099895477295,-0.05558514967560768,0.38011112809181213,0.3295820951461792,-0.06151203066110611,0.31180131435394287,0.5338122248649597,-0.022962281480431557,0.29522642493247986,0.4249132573604584,-0.049626316875219345,0.2911730110645294,0.3591742515563965,-0.06453796476125717,0.2875831723213196,0.3080529570579529,-0.0688299909234047,0.27757829427719116,0.5688725709915161,-0.030568066984415054,0.2833305895328522,0.5408514738082886,-0.07000894099473953,0.305329829454422,0.5888869166374207,-0.07752158492803574,0.31556808948516846,0.6238317489624023,-0.06886032968759537,0.2506908178329468,0.6159520745277405,-0.03997417166829109,0.2629019618034363,0.6010168790817261,-0.06840184330940247,0.2850372791290283,0.6292740106582642,-0.06688129156827927,0.29660624265670776,0.6516600251197815,-0.05683424323797226,brake
0.3260941207408905,0.7823957204818726,7.045490519885789e-07,0.36264216899871826,0.7307364344596863,-0.028284698724746704,0.36634334921836853,0.6637232899665833,-0.042243052273988724,0.333539217710495,0.6209025382995605,-0.05639767646789551,0.29624930024147034,0.5888912081718445,-0.0682515799999237,0.34451431035995483,0.5436033606529236,-0.021689128130674362,0.35855168104171753,0.4452173709869385,-0.04631083086133003,0.3651546537876129,0.38535287976264954,-0.06050524860620499,0.36723247170448303,0.33750689029693604,-0.0665387362241745,0.30320295691490173,0.5513894557952881,-0.02531306818127632,0.28204166889190674,0.4428007900714874,-0.05254232883453369,0.27484750747680664,0.3755447268486023,-0.06796316802501678,0.2692733407020569,0.3215259611606598,-0.0724426880478859,0.2702915072441101,0.5869569182395935,-0.03234754875302315,0.27056506276130676,0.5656490921974182,-0.0722261443734169,0.29089272022247314,0.6131811141967773,-0.08061505109071732,0.30131059885025024,0.6485588550567627,-0.0721510499715805,0.24600374698638916,0.6352786421775818,-0.0410798080265522,0.25309598445892334,0.6196282505989075,-0.06917870044708252,0.2768934965133667,0.6489056944847107,-0.06676875054836273,0.29269930720329285,0.6745117902755737,-0.055637553334236145,brake
0.31796735525131226,0.7972224950790405,7.131659458536888e-07,0.35710474848747253,0.745905339717865,-0.029154138639569283,0.363254189491272,0.6764997243881226,-0.04297205060720444,0.32944557070732117,0.6332767009735107,-0.05672980099916458,0.2906562387943268,0.6024473309516907,-0.06803077459335327,0.34303608536720276,0.5559535622596741,-0.021406395360827446,0.35799893736839294,0.45712029933929443,-0.046190205961465836,0.36579808592796326,0.39673665165901184,-0.06007383018732071,0.36879587173461914,0.3493611812591553,-0.06560911983251572,0.3010585606098175,0.5629908442497253,-0.024943765252828598,0.2814099192619324,0.4508233070373535,-0.05301706865429878,0.2756791412830353,0.3824799358844757,-0.068738654255867,0.27044278383255005,0.32912346720695496,-0.07270326465368271,0.26657700538635254,0.5981490612030029,-0.03208122402429581,0.27363353967666626,0.5784739255905151,-0.07314638048410416,0.2963334619998932,0.6269984841346741,-0.0815391018986702,0.3060758411884308,0.6618213653564453,-0.07215096801519394,0.2400064766407013,0.6450718641281128,-0.04091113433241844,0.2535340487957001,0.6270899772644043,-0.06821035593748093,0.27645111083984375,0.6580374836921692,-0.06445612013339996,0.28803640604019165,0.6841169595718384,-0.052216533571481705,brake
0.3082205057144165,0.7990872263908386,7.023015200502414e-07,0.3491220474243164,0.7488489747047424,-0.02969510853290558,0.35619643330574036,0.6757721304893494,-0.04254838451743126,0.3210359811782837,0.6284587979316711,-0.05534576252102852,0.28253933787345886,0.5931291580200195,-0.06553131341934204,0.3400057554244995,0.5572115182876587,-0.019418463110923767,0.3568311333656311,0.4570227861404419,-0.043207354843616486,0.3651537299156189,0.39758920669555664,-0.05608416721224785,0.36820095777511597,0.35013192892074585,-0.061206918209791183,0.29815807938575745,0.5616021156311035,-0.02227909117937088,0.28127628564834595,0.4477752447128296,-0.050038859248161316,0.2767409682273865,0.3792538642883301,-0.0651407241821289,0.27259591221809387,0.3262118697166443,-0.06879182159900665,0.2631005644798279,0.5944494009017944,-0.029029643163084984,0.26546749472618103,0.5730223655700684,-0.07119132578372955,0.28749069571495056,0.6237791776657104,-0.08023432642221451,0.2981451153755188,0.6603522300720215,-0.07119491696357727,0.2352195382118225,0.639621376991272,-0.03741894289851189,0.24733184278011322,0.6252857446670532,-0.06750056147575378,0.2711949944496155,0.6601289510726929,-0.06586255133152008,0.2839723229408264,0.6880213618278503,-0.05487598106265068,brake
0.28311097621917725,0.828471302986145,7.119069209693407e-07,0.32402026653289795,0.7786412239074707,-0.031303174793720245,0.3326053321361542,0.7080402374267578,-0.04545603692531586,0.29991498589515686,0.658479630947113,-0.05961356684565544,0.26315075159072876,0.6222327947616577,-0.07163146138191223,0.32562610507011414,0.5851855278015137,-0.019564876332879066,0.34751540422439575,0.4877726137638092,-0.04630788415670395,0.3599945306777954,0.42586493492126465,-0.062361687421798706,0.36722469329833984,0.37681496143341064,-0.06903135031461716,0.28470441699028015,0.5872284770011902,-0.021894102916121483,0.2736062705516815,0.4753304123878479,-0.0520402267575264,0.2724495828151703,0.40418803691864014,-0.06905238330364227,0.2719927132129669,0.34982186555862427,-0.0733351781964302,0.24932968616485596,0.6176286339759827,-0.02851363644003868,0.25124114751815796,0.5997222661972046,-0.07214994728565216,0.26530513167381287,0.6488138437271118,-0.08185653388500214,0.27086007595062256,0.6833634376525879,-0.07239186763763428,0.22130078077316284,0.6603938937187195,-0.03702443838119507,0.23108218610286713,0.6431576609611511,-0.06672611832618713,0.24930238723754883,0.6790693998336792,-0.06387080997228622,0.25793564319610596,0.7087939977645874,-0.05140536651015282,brake
0.27953001856803894,0.8606708645820618,7.064211899887596e-07,0.32098162174224854,0.8131848573684692,-0.03363621234893799,0.3302408456802368,0.7429476380348206,-0.04976291581988335,0.2944580018520355,0.691851019859314,-0.0652237981557846,0.25676819682121277,0.6511622667312622,-0.0774800032377243,0.32488077878952026,0.6193358898162842,-0.024035774171352386,0.343792200088501,0.5209502577781677,-0.051632530987262726,0.3559439182281494,0.46094274520874023,-0.06724225729703903,0.36245834827423096,0.41254597902297974,-0.07418287545442581,0.2821946442127228,0.618626058101654,-0.02585654892027378,0.27014702558517456,0.5062997937202454,-0.057309988886117935,0.2666230797767639,0.4387001395225525,-0.07424032688140869,0.26317235827445984,0.3852754831314087,-0.07865187525749207,0.24498003721237183,0.646216094493866,-0.03200345113873482,0.2454565465450287,0.6294804811477661,-0.07557928562164307,0.2628258466720581,0.6855261325836182,-0.08307833969593048,0.27151769399642944,0.7224391102790833,-0.0725971907377243,0.21459296345710754,0.6863759160041809,-0.04050739109516144,0.22384439408779144,0.6772785782814026,-0.06959163397550583,0.24210910499095917,0.7157638072967529,-0.0668138861656189,0.2517682909965515,0.7425941824913025,-0.05497555807232857,brake
0.2828262150287628,0.8592225909233093,7.117869813555444e-07,0.3234364688396454,0.8114314675331116,-0.030993221327662468,0.33165258169174194,0.741836667060852,-0.04595839977264404,0.2960437536239624,0.6930825710296631,-0.060838375240564346,0.259756475687027,0.6554276347160339,-0.07255812734365463,0.32614314556121826,0.6196696162223816,-0.021289722993969917,0.3473396599292755,0.5242306590080261,-0.047776106745004654,0.3613516092300415,0.46619051694869995,-0.0628051683306694,0.3691435158252716,0.420116662979126,-0.06935453414916992,0.28470268845558167,0.6187208890914917,-0.024129146710038185,0.27385005354881287,0.5091169476509094,-0.05451791733503342,0.27075618505477905,0.4416629672050476,-0.07121434807777405,0.26707082986831665,0.3893205523490906,-0.0757085382938385,0.24846798181533813,0.6458476185798645,-0.031189031898975372,0.2488212138414383,0.631862461566925,-0.07300720363855362,0.2651938796043396,0.6851481795310974,-0.08090899884700775,0.2732444703578949,0.7210029363632202,-0.07121019065380096,0.2190847396850586,0.6857921481132507,-0.04052506759762764,0.22845767438411713,0.6770826578140259,-0.06781017780303955,0.24639582633972168,0.712617039680481,-0.06529848277568817,0.2564910650253296,0.7376154065132141,-0.05414877086877823,brake
0.27757561206817627,0.8528200387954712,7.063742941681994e-07,0.31996381282806396,0.8080860376358032,-0.03355449438095093,0.3315698504447937,0.7419694066047668,-0.04973927140235901,0.2989148497581482,0.694534420967102,-0.06514717638492584,0.26333627104759216,0.6551163792610168,-0.07744551450014114,0.32405519485473633,0.6145977973937988,-0.025512665510177612,0.34458446502685547,0.5175126194953918,-0.053053177893161774,0.357688307762146,0.45905500650405884,-0.06824924796819687,0.3643989562988281,0.4114832878112793,-0.07467968016862869,0.2805805504322052,0.6124987602233887,-0.027385029941797256,0.2677241861820221,0.5023646950721741,-0.058313507586717606,0.2652730345726013,0.43715959787368774,-0.07451100647449493,0.26243799924850464,0.38538414239883423,-0.07823839783668518,0.2428486943244934,0.6391183137893677,-0.03359246253967285,0.2467397153377533,0.6309765577316284,-0.07634515315294266,0.2627231776714325,0.6857571601867676,-0.08470721542835236,0.26964887976646423,0.7194404006004333,-0.07503635436296463,0.21268236637115479,0.6785253286361694,-0.04219480976462364,0.2252119481563568,0.677739143371582,-0.0697895884513855,0.24225902557373047,0.7143162488937378,-0.06757228821516037,0.2503458857536316,0.7370052337646484,-0.056577373296022415,brake
0.27070412039756775,0.8411705493927002,6.986010703258216e-07,0.31297990679740906,0.799657940864563,-0.032893333584070206,0.3266553282737732,0.7325294613838196,-0.048050664365291595,0.29374271631240845,0.6831917762756348,-0.06245463341474533,0.25842759013175964,0.6434515714645386,-0.07390661537647247,0.3190964162349701,0.6063276529312134,-0.024637063965201378,0.3411269783973694,0.5087202787399292,-0.0521559976041317,0.3540953993797302,0.4505739212036133,-0.06684008985757828,0.360747367143631,0.4034325182437897,-0.07256611436605453,0.2755506634712219,0.6035007238388062,-0.026565153151750565,0.26478710770606995,0.4927366375923157,-0.0579821839928627,0.26141154766082764,0.42728397250175476,-0.07465913891792297,0.2571679353713989,0.3757820725440979,-0.0782134160399437,0.23834958672523499,0.629187285900116,-0.032664474099874496,0.24093817174434662,0.6254296898841858,-0.07670068740844727,0.25583958625793457,0.6802746653556824,-0.08616969734430313,0.26257026195526123,0.7147751450538635,-0.07643114030361176,0.20841467380523682,0.668039083480835,-0.040878284722566605,0.2197638601064682,0.6689659953117371,-0.0700247660279274,0.23758965730667114,0.7067914605140686,-0.06835541874170303,0.2472308725118637,0.731385350227356,-0.05692785978317261,brake
0.2721550762653351,0.8480969071388245,7.464540772161854e-07,0.31142452359199524,0.8031560778617859,-0.03312951326370239,0.32240819931030273,0.7373824715614319,-0.04923539608716965,0.2885514199733734,0.6947781443595886,-0.06474619358778,0.2533314824104309,0.6577189564704895,-0.07735495269298553,0.30874311923980713,0.612192690372467,-0.027305418625473976,0.3278522491455078,0.5131696462631226,-0.05572390556335449,0.34068819880485535,0.4527430236339569,-0.07116910815238953,0.3462314009666443,0.4042927026748657,-0.07729138433933258,0.26543474197387695,0.6140591502189636,-0.029574628919363022,0.25223401188850403,0.5039442777633667,-0.061780184507369995,0.24429349601268768,0.436498761177063,-0.07935286313295364,0.23505865037441254,0.3826025724411011,-0.08358324319124222,0.22871460020542145,0.6438808441162109,-0.03573698177933693,0.233545184135437,0.6393870115280151,-0.07984300702810287,0.2522159516811371,0.6945856213569641,-0.08798597007989883,0.2611302435398102,0.7273916602134705,-0.07733409106731415,0.19902940094470978,0.6855900287628174,-0.044069286435842514,0.2121555656194687,0.680702269077301,-0.07199512422084808,0.23213864862918854,0.7178421020507812,-0.06788148730993271,0.24313119053840637,0.7415278553962708,-0.05490849167108536,brake
0.28301966190338135,0.8511536717414856,7.469047318409139e-07,0.321026086807251,0.8054710626602173,-0.030192207545042038,0.33237504959106445,0.7400173544883728,-0.04586958512663841,0.2981053292751312,0.6990949511528015,-0.06117788702249527,0.26105090975761414,0.6669620275497437,-0.07371644675731659,0.3163878917694092,0.616668164730072,-0.02703174203634262,0.33670830726623535,0.517798662185669,-0.05508796125650406,0.3495027720928192,0.4579463601112366,-0.07048209756612778,0.3550319969654083,0.4091953933238983,-0.07682103663682938,0.27350378036499023,0.6173921823501587,-0.03020474500954151,0.263126015663147,0.5099776387214661,-0.060979027301073074,0.25827929377555847,0.4433540999889374,-0.07814164459705353,0.25128963589668274,0.3891405463218689,-0.08283795416355133,0.23768407106399536,0.6453074216842651,-0.036755919456481934,0.24618829786777496,0.6427825689315796,-0.07681931555271149,0.2652113437652588,0.6909899711608887,-0.08459890633821487,0.27268001437187195,0.7217226624488831,-0.07556084543466568,0.20912371575832367,0.6860772967338562,-0.04558404162526131,0.22705575823783875,0.6901755928993225,-0.07041846215724945,0.2463400661945343,0.7223490476608276,-0.06693169474601746,0.25511473417282104,0.7433903813362122,-0.055502694100141525,brake
0.2843916118144989,0.8472447991371155,7.374464416898263e-07,0.32303696870803833,0.8007120490074158,-0.03124065138399601,0.33253806829452515,0.7330310344696045,-0.0460936576128006,0.30092018842697144,0.6867027282714844,-0.0605587475001812,0.2670489251613617,0.6474728584289551,-0.07202614843845367,0.32155805826187134,0.609319806098938,-0.024905620142817497,0.34162279963493347,0.5099186897277832,-0.0522809736430645,0.353444904088974,0.4498337507247925,-0.06690515577793121,0.35819053649902344,0.4018823504447937,-0.07253510504961014,0.2781650424003601,0.6110932230949402,-0.027638446539640427,0.26490962505340576,0.5001636743545532,-0.058933619409799576,0.2590106427669525,0.4323560893535614,-0.07575314491987228,0.2523975074291229,0.37900862097740173,-0.07959523797035217,0.24104557931423187,0.6402592062950134,-0.03416900709271431,0.2484627068042755,0.6343472599983215,-0.07746078073978424,0.2667553424835205,0.686757504940033,-0.08621033281087875,0.2740214169025421,0.7210291624069214,-0.07628277689218521,0.21158158779144287,0.6816272139549255,-0.042768556624650955,0.22817422449588776,0.6813378930091858,-0.07169874012470245,0.24880066514015198,0.7190005779266357,-0.06946851313114166,0.25899916887283325,0.7459542155265808,-0.05763803422451019,brake
0.2791118919849396,0.8482574224472046,7.143727316361037e-07,0.3186199367046356,0.8009584546089172,-0.03248462826013565,0.3290053904056549,0.7325224876403809,-0.047835368663072586,0.29573163390159607,0.687175989151001,-0.06276796013116837,0.25985443592071533,0.6500678658485413,-0.07469671219587326,0.31423383951187134,0.6070641875267029,-0.024308690801262856,0.33243435621261597,0.5067346692085266,-0.05102163553237915,0.3433813154697418,0.4462888240814209,-0.06567811965942383,0.347639262676239,0.39766740798950195,-0.07162979990243912,0.27054110169410706,0.6094149351119995,-0.026659201830625534,0.2549129128456116,0.4978611469268799,-0.057262495160102844,0.24706262350082397,0.43117013573646545,-0.0741989016532898,0.23813918232917786,0.37823477387428284,-0.07838323712348938,0.23403704166412354,0.6402954459190369,-0.03295435756444931,0.24090361595153809,0.6317636966705322,-0.0760444775223732,0.2613432705402374,0.6860835552215576,-0.08419380336999893,0.2699395716190338,0.7205238938331604,-0.07395969331264496,0.20504608750343323,0.6834244728088379,-0.04143539071083069,0.21964776515960693,0.676275372505188,-0.0692751556634903,0.24025464057922363,0.7115529179573059,-0.06570816785097122,0.2502824068069458,0.7363427877426147,-0.05333985388278961,brake
0.2826526463031769,0.8565687537193298,7.250462203955976e-07,0.3204297721385956,0.8092864751815796,-0.032446276396512985,0.32911211252212524,0.7408985495567322,-0.04814372584223747,0.2959953546524048,0.696578860282898,-0.06335743516683578,0.2589516043663025,0.6610978245735168,-0.07556339353322983,0.31483185291290283,0.6147549748420715,-0.02586367167532444,0.33210813999176025,0.5135510563850403,-0.053884562104940414,0.3424147069454193,0.45218944549560547,-0.06896750628948212,0.345863938331604,0.40374428033828735,-0.07479895651340485,0.27064162492752075,0.6182807087898254,-0.02870873175561428,0.2553158402442932,0.5059452056884766,-0.060476936399936676,0.2478114515542984,0.4390462636947632,-0.07745993137359619,0.23902952671051025,0.3868250250816345,-0.08106572180986404,0.23341673612594604,0.6496698260307312,-0.03552138805389404,0.24017013609409332,0.6441418528556824,-0.07946185022592545,0.2609388828277588,0.6978789567947388,-0.08799009025096893,0.27001264691352844,0.7314293384552002,-0.07743702828884125,0.20359383523464203,0.6927081346511841,-0.04447852820158005,0.21929284930229187,0.6899749040603638,-0.07235051691532135,0.24037976562976837,0.7247377634048462,-0.06890375912189484,0.250633180141449,0.7478383183479309,-0.05632556974887848,brake
0.2704543471336365,0.8418599367141724,7.536753514614247e-07,0.30824756622314453,0.7916440963745117,-0.029951995238661766,0.31421443819999695,0.7212598919868469,-0.04402650520205498,0.2772446274757385,0.6794782876968384,-0.058208875358104706,0.23921799659729004,0.6490934491157532,-0.0696633830666542,0.29956772923469543,0.5993977785110474,-0.02259064093232155,0.3167058229446411,0.49639326333999634,-0.05004166439175606,0.3272717297077179,0.43431317806243896,-0.06486592441797256,0.3309023976325989,0.38550156354904175,-0.07069142907857895,0.2562846839427948,0.6042065024375916,-0.026425909250974655,0.23708906769752502,0.49029770493507385,-0.057892605662345886,0.22864332795143127,0.4202935993671417,-0.07549168169498444,0.21924613416194916,0.36546918749809265,-0.07983160018920898,0.22017349302768707,0.6370387673377991,-0.034099891781806946,0.222530335187912,0.631320595741272,-0.07760267704725266,0.24192701280117035,0.6808633208274841,-0.08748182654380798,0.25039276480674744,0.7127262949943542,-0.07817370444536209,0.1913335770368576,0.6815059185028076,-0.04366162419319153,0.20493146777153015,0.6808799505233765,-0.0718129426240921,0.2259954810142517,0.7154179215431213,-0.06942442804574966,0.23656003177165985,0.7387635707855225,-0.057779937982559204,brake
0.24459174275398254,0.8402267694473267,7.435095312757767e-07,0.2827548682689667,0.7905024290084839,-0.032747428864240646,0.2894532382488251,0.7200542688369751,-0.048400431871414185,0.2531545162200928,0.6740292310714722,-0.06368471682071686,0.2132803201675415,0.6426411271095276,-0.07650754600763321,0.27160561084747314,0.59669029712677,-0.0258015189319849,0.290757417678833,0.4953877925872803,-0.05332130566239357,0.30103906989097595,0.43179941177368164,-0.06904257833957672,0.3060179054737091,0.3816538453102112,-0.07555040717124939,0.22816504538059235,0.6024587154388428,-0.028349926695227623,0.20975393056869507,0.489834189414978,-0.06015026196837425,0.2029673308134079,0.4180431365966797,-0.07820884883403778,0.19692933559417725,0.3611593246459961,-0.08319919556379318,0.19230599701404572,0.6361499428749084,-0.03466231748461723,0.19792497158050537,0.6192011833190918,-0.08001953363418579,0.21942825615406036,0.6709628701210022,-0.08932223170995712,0.22969970107078552,0.7073623538017273,-0.07911249995231628,0.16413797438144684,0.6811563968658447,-0.04287887364625931,0.17518748342990875,0.6629681587219238,-0.07343155145645142,0.19779710471630096,0.6963269710540771,-0.07012335956096649,0.21085196733474731,0.7247973084449768,-0.05714041367173195,brake
0.23487228155136108,0.8369307518005371,7.865441489229852e-07,0.27390989661216736,0.7902592420578003,-0.034726377576589584,0.28223076462745667,0.7202823162078857,-0.051247384399175644,0.24442046880722046,0.6751691102981567,-0.06698040664196014,0.2044447362422943,0.6405013799667358,-0.0798564925789833,0.26416805386543274,0.5931485295295715,-0.0270881075412035,0.28099045157432556,0.4897293448448181,-0.05650478973984718,0.29244425892829895,0.4265475273132324,-0.07249220460653305,0.29790711402893066,0.37684425711631775,-0.0785723477602005,0.22003494203090668,0.5967726707458496,-0.02903994917869568,0.20169410109519958,0.4824855923652649,-0.062442611902952194,0.19412387907505035,0.4114559292793274,-0.0805911049246788,0.18648754060268402,0.3545951247215271,-0.08476166427135468,0.1836663782596588,0.6298007965087891,-0.03518281131982803,0.18896453082561493,0.6220301389694214,-0.08202264457941055,0.21054604649543762,0.6754367351531982,-0.09166805446147919,0.22122851014137268,0.7094982266426086,-0.08099173754453659,0.1547510027885437,0.674811601638794,-0.04338345304131508,0.1681402623653412,0.6668503880500793,-0.07392097264528275,0.19123028218746185,0.7014824151992798,-0.07068636268377304,0.20422089099884033,0.7255855798721313,-0.05759470537304878,brake
0.23516926169395447,0.8309126496315002,7.693994916735392e-07,0.273154616355896,0.7804301977157593,-0.033104199916124344,0.2796023488044739,0.7121006846427917,-0.04929663613438606,0.24334096908569336,0.668020486831665,-0.06489565968513489,0.2054625004529953,0.6324048638343811,-0.07766158133745193,0.26275166869163513,0.584943413734436,-0.026128944009542465,0.28081369400024414,0.4840562045574188,-0.05419829487800598,0.29283076524734497,0.4213980436325073,-0.07020173221826553,0.2988576292991638,0.37171244621276855,-0.07668356597423553,0.21926358342170715,0.5884884595870972,-0.02840280532836914,0.20044006407260895,0.4763835668563843,-0.05960701406002045,0.19334913790225983,0.40600472688674927,-0.07697639614343643,0.1869501769542694,0.35055986046791077,-0.08144955337047577,0.18345889449119568,0.6212074160575867,-0.034667789936065674,0.18827266991138458,0.6084263324737549,-0.07809009402990341,0.20693433284759521,0.6611119508743286,-0.08652520179748535,0.21525324881076813,0.6961392760276794,-0.07634275406599045,0.15570279955863953,0.6660858988761902,-0.04307626187801361,0.1684596836566925,0.6529262065887451,-0.07087242603302002,0.18844735622406006,0.6860772371292114,-0.0667644739151001,0.19904951751232147,0.7103856801986694,-0.05389333516359329,brake
0.2535448968410492,0.8361382484436035,7.47057015360042e-07,0.29019975662231445,0.7839611768722534,-0.030080076307058334,0.29451921582221985,0.7151395082473755,-0.044297583401203156,0.25766828656196594,0.671944797039032,-0.05851200968027115,0.2193017601966858,0.6395654082298279,-0.0700487345457077,0.28051450848579407,0.5952240228652954,-0.020227942615747452,0.29841238260269165,0.49769890308380127,-0.04534207656979561,0.310727596282959,0.43696925044059753,-0.06009967625141144,0.3172483444213867,0.38918864727020264,-0.0662292018532753,0.23969022929668427,0.6002526879310608,-0.022916579619050026,0.22170047461986542,0.4909602403640747,-0.0513652078807354,0.21491608023643494,0.4216206967830658,-0.06802154332399368,0.20886246860027313,0.36783793568611145,-0.07273199409246445,0.20553520321846008,0.6329242587089539,-0.029554078355431557,0.20789273083209991,0.618265688419342,-0.07047930359840393,0.22613929212093353,0.667951226234436,-0.07923126965761185,0.23454689979553223,0.7024129033088684,-0.07004018872976303,0.17875389754772186,0.6768131256103516,-0.03813173621892929,0.1885359138250351,0.6599514484405518,-0.06471726298332214,0.20842422544956207,0.6916393041610718,-0.06110121309757233,0.2197583168745041,0.717069685459137,-0.04910880699753761,brake
0.24851350486278534,0.8291874527931213,7.334427323257842e-07,0.28657135367393494,0.7776083946228027,-0.029255658388137817,0.2912132441997528,0.7075738906860352,-0.042891260236501694,0.25537651777267456,0.6640995740890503,-0.0568426176905632,0.2185499519109726,0.629665195941925,-0.06807488203048706,0.27945420145988464,0.5862323045730591,-0.018830468878149986,0.2980656027793884,0.4890391528606415,-0.04414001852273941,0.31138285994529724,0.4291418194770813,-0.058948490768671036,0.31905969977378845,0.38213473558425903,-0.06531021744012833,0.23873189091682434,0.5913740396499634,-0.02225510962307453,0.22299127280712128,0.48071128129959106,-0.05067078024148941,0.21740508079528809,0.4115535318851471,-0.0671989694237709,0.2122354507446289,0.3584359288215637,-0.07203799486160278,0.2035936713218689,0.6241756081581116,-0.02968834526836872,0.2048141211271286,0.6038339138031006,-0.0704435259103775,0.22421962022781372,0.654924213886261,-0.07812726497650146,0.23377996683120728,0.6904798150062561,-0.06849930435419083,0.17549768090248108,0.6686135530471802,-0.0390704870223999,0.18510951101779938,0.6514667272567749,-0.06586585193872452,0.20493535697460175,0.6864824295043945,-0.061901625245809555,0.21525081992149353,0.7137354612350464,-0.04976275935769081,brake
0.20885911583900452,0.843161940574646,8.433653988504375e-07,0.24776595830917358,0.7921034693717957,-0.031117571517825127,0.2526250183582306,0.7212877869606018,-0.045257192105054855,0.21162541210651398,0.6783135533332825,-0.059497956186532974,0.17218844592571259,0.6452696919441223,-0.07107505202293396,0.24729301035404205,0.5981889367103577,-0.02033189870417118,0.2700788080692291,0.49761438369750977,-0.04875282198190689,0.28499308228492737,0.4336376190185547,-0.06502023339271545,0.2929304242134094,0.38331902027130127,-0.07161469757556915,0.2048654854297638,0.5997940897941589,-0.023525593802332878,0.19198164343833923,0.48687148094177246,-0.05438211187720299,0.18722926080226898,0.4124242663383484,-0.07157190144062042,0.1809411197900772,0.3544604778289795,-0.0757170021533966,0.16975224018096924,0.6305709481239319,-0.031253717839717865,0.1645587682723999,0.6255719065666199,-0.07393031567335129,0.17952841520309448,0.6746676564216614,-0.08325288444757462,0.18677455186843872,0.7075664401054382,-0.07359007745981216,0.14148235321044922,0.6737998127937317,-0.04124627262353897,0.14775553345680237,0.6776175498962402,-0.06839006394147873,0.1647515743970871,0.7128400802612305,-0.06571256369352341,0.17311695218086243,0.7371819615364075,-0.053945593535900116,brake
0.1988452672958374,0.8540046215057373,8.017885306799144e-07,0.23750358819961548,0.8007863759994507,-0.03183533996343613,0.24194550514221191,0.7313152551651001,-0.048310305923223495,0.2029644101858139,0.6879346370697021,-0.06496338546276093,0.1621185541152954,0.6550657153129578,-0.07890723645687103,0.23177427053451538,0.6011267900466919,-0.02400975674390793,0.2530120313167572,0.5017701387405396,-0.05374528840184212,0.267469197511673,0.4376787543296814,-0.07130926102399826,0.2752986550331116,0.3868059813976288,-0.07883872836828232,0.18829791247844696,0.604995846748352,-0.027613556012511253,0.17432408034801483,0.4921865463256836,-0.0604664571583271,0.16763845086097717,0.4189107120037079,-0.07912526279687881,0.16056044399738312,0.3603685796260834,-0.08431237190961838,0.1510656625032425,0.637654721736908,-0.03530564904212952,0.15098246932029724,0.6254335045814514,-0.08020637184381485,0.17138957977294922,0.6799446940422058,-0.08862999826669693,0.18221276998519897,0.7160522937774658,-0.07784716784954071,0.1213219091296196,0.6829898357391357,-0.04512332007288933,0.12994273006916046,0.670300304889679,-0.07337743043899536,0.15049025416374207,0.7081907987594604,-0.06833331286907196,0.16244745254516602,0.7364217042922974,-0.05442928895354271,brake
0.16554881632328033,0.8261528015136719,8.580716439610114e-07,0.20913416147232056,0.7742747664451599,-0.03240590542554855,0.21611164510250092,0.6991627812385559,-0.047014109790325165,0.1739436686038971,0.6520823836326599,-0.06155257672071457,0.1332516223192215,0.6182794570922852,-0.07327469438314438,0.2121366560459137,0.5753936767578125,-0.02120830863714218,0.23996460437774658,0.4752710461616516,-0.049009714275598526,0.25745126605033875,0.41251832246780396,-0.0642189085483551,0.26699283719062805,0.36360928416252136,-0.07023175060749054,0.16841013729572296,0.57611483335495,-0.0236970167607069,0.16015513241291046,0.4604488015174866,-0.0563410148024559,0.15686723589897156,0.3850036561489105,-0.07412721961736679,0.15213213860988617,0.3263997435569763,-0.07834461331367493,0.12998592853546143,0.6057666540145874,-0.03058144450187683,0.12866756319999695,0.5918250679969788,-0.07608265429735184,0.14568932354450226,0.6459056735038757,-0.08554189652204514,0.1543186902999878,0.6830432415008545,-0.07511041313409805,0.09842216968536377,0.6472164392471313,-0.03954216465353966,0.10820355266332626,0.6429309248924255,-0.06970866024494171,0.1263943761587143,0.6833721995353699,-0.0673210546374321,0.1360403299331665,0.7122291922569275,-0.055030807852745056,brake
0.14860112965106964,0.8141807317733765,8.082325848590699e-07,0.19358204305171967,0.7647510766983032,-0.03162159025669098,0.20207151770591736,0.6900001764297485,-0.045834776014089584,0.16261817514896393,0.6401690244674683,-0.060327354818582535,0.12294605374336243,0.6025111675262451,-0.07202023267745972,0.20320071280002594,0.5643380284309387,-0.018438559025526047,0.2328595221042633,0.46639710664749146,-0.04486219957470894,0.2509184777736664,0.40522658824920654,-0.05973299592733383,0.2614380717277527,0.3559979796409607,-0.0662364736199379,0.1603136956691742,0.56268709897995,-0.021463800221681595,0.15403202176094055,0.450153112411499,-0.052910905331373215,0.152994766831398,0.3763648569583893,-0.07062120735645294,0.15089131891727448,0.31800439953804016,-0.07557238638401031,0.12175032496452332,0.5910571217536926,-0.029013289138674736,0.11986949294805527,0.5740478038787842,-0.07414332777261734,0.13468942046165466,0.63140869140625,-0.08338482677936554,0.14158006012439728,0.6699582934379578,-0.07325632870197296,0.09001605212688446,0.6325621008872986,-0.038618218153715134,0.09702669829130173,0.6232291460037231,-0.06956130266189575,0.11363820731639862,0.6651198863983154,-0.06753604859113693,0.12206345051527023,0.6953474879264832,-0.0556890144944191,brake
0.15356343984603882,0.8003630638122559,7.665505563636543e-07,0.1977979838848114,0.7510477900505066,-0.03135787323117256,0.20495671033859253,0.6760179400444031,-0.04503202065825462,0.16650061309337616,0.6239842772483826,-0.05885908007621765,0.1275310218334198,0.5856910347938538,-0.07020111382007599,0.20919698476791382,0.5563920736312866,-0.01768077164888382,0.23796069622039795,0.4608990550041199,-0.043078865855932236,0.25666648149490356,0.40048742294311523,-0.05820983275771141,0.26915836334228516,0.3526753783226013,-0.06500602513551712,0.1674891859292984,0.5555084347724915,-0.02005743235349655,0.1610504388809204,0.44425052404403687,-0.05039702355861664,0.1605759710073471,0.3703506588935852,-0.06844960153102875,0.16022872924804688,0.311456561088562,-0.07421693950891495,0.12961524724960327,0.5834434032440186,-0.026841189712285995,0.12170150876045227,0.5582119822502136,-0.07202880084514618,0.1345519870519638,0.6143664121627808,-0.0821354016661644,0.14228929579257965,0.6534664630889893,-0.0728311613202095,0.09841160476207733,0.6240342855453491,-0.03537780046463013,0.0991068035364151,0.6001541614532471,-0.0672827810049057,0.11516501009464264,0.6408705711364746,-0.06535540521144867,0.12616224586963654,0.67318195104599,-0.05361757054924965,brake
0.17140349745750427,0.8064661622047424,7.618318704771809e-07,0.21191507577896118,0.7594141960144043,-0.03211988881230354,0.21789956092834473,0.6854904890060425,-0.04626123234629631,0.18050913512706757,0.6338363885879517,-0.06017421558499336,0.14394649863243103,0.5914385914802551,-0.07130812853574753,0.2198244333267212,0.5587329268455505,-0.019204894080758095,0.24612697958946228,0.46235567331314087,-0.04524916782975197,0.26385727524757385,0.40169960260391235,-0.06123638153076172,0.27560052275657654,0.3529607057571411,-0.06873269379138947,0.17802481353282928,0.5587093234062195,-0.02154376171529293,0.17019695043563843,0.44501379132270813,-0.05126171559095383,0.16927948594093323,0.37207838892936707,-0.06898848712444305,0.16800768673419952,0.31288906931877136,-0.07471693307161331,0.14081043004989624,0.5886716246604919,-0.028260406106710434,0.13420726358890533,0.5615620613098145,-0.07206613570451736,0.14864864945411682,0.6179211735725403,-0.08072590082883835,0.1565762460231781,0.6566901803016663,-0.07108991593122482,0.11053366959095001,0.6322464346885681,-0.03701956570148468,0.11279886960983276,0.6103338599205017,-0.06836606562137604,0.12944632768630981,0.6502143740653992,-0.06572768837213516,0.13978134095668793,0.6805366277694702,-0.053682394325733185,brake
0.17765796184539795,0.8221640586853027,7.466963438673702e-07,0.22011235356330872,0.7697761654853821,-0.031812217086553574,0.22790898382663727,0.6924526691436768,-0.0447765551507473,0.19174322485923767,0.6361173391342163,-0.057654183357954025,0.15542243421077728,0.5927907824516296,-0.0677604228258133,0.2347647100687027,0.5677580237388611,-0.01648692786693573,0.26320314407348633,0.4696231782436371,-0.0411236397922039,0.2824608087539673,0.40791186690330505,-0.056442487984895706,0.29515427350997925,0.3589879274368286,-0.06317175179719925,0.19280849397182465,0.5652771592140198,-0.01841070130467415,0.18713317811489105,0.4481372535228729,-0.0464935339987278,0.18693973124027252,0.37366148829460144,-0.06352290511131287,0.18675804138183594,0.3160642683506012,-0.06853983551263809,0.15460151433944702,0.5934393405914307,-0.02484036795794964,0.14625951647758484,0.5683777928352356,-0.0676732286810875,0.15899580717086792,0.6252962350845337,-0.07704740762710571,0.16701917350292206,0.66612708568573,-0.06745675206184387,0.12216585874557495,0.6346758604049683,-0.03329339995980263,0.12073207646608353,0.6081943511962891,-0.06305260956287384,0.1371200680732727,0.6486960649490356,-0.05985723063349724,0.14911538362503052,0.682500422000885,-0.04732046648859978,brake
0.18479742109775543,0.8186246156692505,7.788497669025674e-07,0.23044714331626892,0.7678959369659424,-0.02987678535282612,0.239484041929245,0.6849178075790405,-0.040795810520648956,0.20000682771205902,0.6281104683876038,-0.05230963975191116,0.16100794076919556,0.5856900811195374,-0.06102997064590454,0.24511274695396423,0.5629091858863831,-0.011304471641778946,0.2765218913555145,0.46476489305496216,-0.034156326204538345,0.29476669430732727,0.40342003107070923,-0.04773030802607536,0.30654677748680115,0.3549247980117798,-0.05384664982557297,0.20265743136405945,0.5603323578834534,-0.01473500207066536,0.20160050690174103,0.4422629773616791,-0.04285934939980507,0.204191192984581,0.366425096988678,-0.059969332069158554,0.2059982270002365,0.3088947832584381,-0.06513450294733047,0.16380073130130768,0.5885903239250183,-0.02281935326755047,0.1557503193616867,0.5593807101249695,-0.06701433658599854,0.16780616343021393,0.6179025769233704,-0.07617202401161194,0.17462897300720215,0.6601083278656006,-0.06610941141843796,0.1308128982782364,0.6303815245628357,-0.03273831680417061,0.13197016716003418,0.6038528680801392,-0.06466115266084671,0.1470029354095459,0.6472765207290649,-0.06221969425678253,0.15636511147022247,0.6822104454040527,-0.04997468739748001,brake
0.19306516647338867,0.7743507623672485,7.974813343025744e-07,0.23797132074832916,0.7174794673919678,-0.03039279766380787,0.2463548630475998,0.6340200304985046,-0.04380621016025543,0.2044849991798401,0.5759759545326233,-0.057671744376420975,0.1618785858154297,0.5347182750701904,-0.06910373270511627,0.24764886498451233,0.5160771012306213,-0.014705618843436241,0.2758031487464905,0.4174554944038391,-0.04110603407025337,0.2944451868534088,0.35700374841690063,-0.057129230350255966,0.3065723776817322,0.31002283096313477,-0.06419162452220917,0.2038758546113968,0.5152297616004944,-0.018174011260271072,0.19803938269615173,0.3932487964630127,-0.04776180163025856,0.20003850758075714,0.317767858505249,-0.0651526227593422,0.20165078341960907,0.2582453191280365,-0.07031992822885513,0.16455517709255219,0.5440820455551147,-0.026403719559311867,0.16043677926063538,0.5124915838241577,-0.0707947313785553,0.17478595674037933,0.5653753280639648,-0.08096987009048462,0.18181608617305756,0.6031607985496521,-0.07198790460824966,0.13218221068382263,0.5869913101196289,-0.03638143837451935,0.13462185859680176,0.5618539452552795,-0.06675495952367783,0.15253958106040955,0.6010478138923645,-0.06409211456775665,0.16329236328601837,0.6330859065055847,-0.05220470577478409,brake
0.1954226940870285,0.7570797801017761,7.726063699919905e-07,0.23986637592315674,0.7016982436180115,-0.03071022406220436,0.2446410208940506,0.6166905164718628,-0.04305996373295784,0.20136481523513794,0.5598857402801514,-0.055741917341947556,0.16009581089019775,0.5196376442909241,-0.06586427241563797,0.24765390157699585,0.49450403451919556,-0.015747778117656708,0.2766503691673279,0.39257168769836426,-0.041075676679611206,0.2941201627254486,0.32934319972991943,-0.05593312904238701,0.3052225708961487,0.279222697019577,-0.06268031895160675,0.20405875146389008,0.49338263273239136,-0.019190488383173943,0.19728338718414307,0.3729509115219116,-0.04980853572487831,0.1974812000989914,0.29715001583099365,-0.06805595755577087,0.19774064421653748,0.23802655935287476,-0.07373207807540894,0.16446568071842194,0.5238590240478516,-0.027059432119131088,0.16019825637340546,0.4950414299964905,-0.07298818230628967,0.17504452168941498,0.5520317554473877,-0.08324727416038513,0.18228363990783691,0.5922446250915527,-0.07387009263038635,0.13186587393283844,0.567973792552948,-0.036643605679273605,0.13523033261299133,0.5432806611061096,-0.06929167360067368,0.1532687544822693,0.5855017900466919,-0.06732141226530075,0.16393442451953888,0.6188107132911682,-0.05539212375879288,brake
0.19140267372131348,0.7486510872840881,8.069154660006461e-07,0.23540037870407104,0.693583607673645,-0.03363819420337677,0.24056009948253632,0.6081315875053406,-0.04668404906988144,0.1957513689994812,0.5503877997398376,-0.05951765924692154,0.15426358580589294,0.5076686143875122,-0.06964639574289322,0.2434369921684265,0.484084814786911,-0.017617693170905113,0.27280521392822266,0.38027238845825195,-0.04364432021975517,0.29078903794288635,0.31555336713790894,-0.05865065008401871,0.30194205045700073,0.2640208601951599,-0.0652199313044548,0.20016111433506012,0.483108788728714,-0.01960938423871994,0.19460119307041168,0.36066460609436035,-0.05108450725674629,0.19417984783649445,0.2830166220664978,-0.06944103538990021,0.1938425451517105,0.22271239757537842,-0.07471670210361481,0.16110683977603912,0.5137483477592468,-0.02636875957250595,0.15291659533977509,0.48540744185447693,-0.07419286668300629,0.1673857420682907,0.5452604293823242,-0.08494225144386292,0.17635972797870636,0.5863606929779053,-0.07494811713695526,0.12883108854293823,0.5576003193855286,-0.03496905043721199,0.12808862328529358,0.5330114960670471,-0.06935764104127884,0.14629143476486206,0.5776353478431702,-0.06784027814865112,0.15918487310409546,0.6116267442703247,-0.05560119450092316,brake
0.19090087711811066,0.7188196778297424,8.66433026658342e-07,0.23535692691802979,0.6637477874755859,-0.037296362221241,0.2379150688648224,0.5768189430236816,-0.05176056548953056,0.19094306230545044,0.5180358290672302,-0.06551442295312881,0.1479111611843109,0.47304803133010864,-0.07614856958389282,0.24292682111263275,0.44175636768341064,-0.017890464514493942,0.27220940589904785,0.33535802364349365,-0.045433953404426575,0.2911680042743683,0.26723843812942505,-0.06226690113544464,0.30325233936309814,0.21343347430229187,-0.06992931663990021,0.19781239330768585,0.441311776638031,-0.01934584230184555,0.1910356730222702,0.3130149245262146,-0.05214768648147583,0.1904178410768509,0.230134978890419,-0.07166531682014465,0.18994343280792236,0.16432654857635498,-0.0773078054189682,0.15808804333209991,0.4754929840564728,-0.026185400784015656,0.1464085876941681,0.4420566260814667,-0.07685110718011856,0.16081248223781586,0.503210723400116,-0.08800341188907623,0.16985325515270233,0.545380711555481,-0.07700197398662567,0.12573009729385376,0.5241470336914062,-0.035090237855911255,0.12225709855556488,0.49004465341567993,-0.07159584015607834,0.1404312700033188,0.5361504554748535,-0.06901849806308746,0.15308988094329834,0.5723397135734558,-0.05517027527093887,brake
0.20150627195835114,0.7602622509002686,9.036358505909448e-07,0.24629376828670502,0.7071300148963928,-0.038495127111673355,0.25445300340652466,0.6215572357177734,-0.05578578636050224,0.20549508929252625,0.5617608428001404,-0.0726243332028389,0.16037771105766296,0.5155908465385437,-0.08579632639884949,0.2573936879634857,0.4771213233470917,-0.023507321253418922,0.2901547849178314,0.3664681613445282,-0.05532432720065117,0.31002673506736755,0.29617756605148315,-0.07356683164834976,0.3222312033176422,0.24046340584754944,-0.0818234235048294,0.20963695645332336,0.4729650318622589,-0.02628379315137863,0.20511062443256378,0.34192049503326416,-0.06300778687000275,0.20505627989768982,0.2589118182659149,-0.08325731754302979,0.20320014655590057,0.19268250465393066,-0.08869414776563644,0.16786864399909973,0.503315806388855,-0.034519363194704056,0.1584266573190689,0.4812450706958771,-0.08677390217781067,0.17563292384147644,0.5471553802490234,-0.09698902070522308,0.18530070781707764,0.5907660126686096,-0.08535126596689224,0.1331615149974823,0.5493447184562683,-0.04549489915370941,0.1355540156364441,0.5413062572479248,-0.08214597404003143,0.15428602695465088,0.5904282331466675,-0.08057871460914612,0.1655193269252777,0.6239062547683716,-0.06747060269117355,brake
0.1915263533592224,0.7587755918502808,9.823856998991687e-07,0.23580674827098846,0.706232488155365,-0.042518407106399536,0.23949745297431946,0.6227871179580688,-0.06289435923099518,0.18622522056102753,0.5650041103363037,-0.0820569321513176,0.13758663833141327,0.5190659165382385,-0.09756166487932205,0.24108408391475677,0.4750243127346039,-0.02982514351606369,0.2733256220817566,0.3632199168205261,-0.06547792255878448,0.2943200469017029,0.28996604681015015,-0.08630215376615524,0.30776914954185486,0.23250102996826172,-0.09591124951839447,0.19337046146392822,0.473145991563797,-0.03145522251725197,0.18290649354457855,0.34100836515426636,-0.07163084298372269,0.18018187582492828,0.25498420000076294,-0.09365636110305786,0.1764049381017685,0.18524140119552612,-0.09985042363405228,0.1534719467163086,0.5065947771072388,-0.0387759692966938,0.13459031283855438,0.4889388978481293,-0.09490641206502914,0.1526384949684143,0.5540953874588013,-0.10622357577085495,0.16530564427375793,0.5972129702568054,-0.09423334896564484,0.12245896458625793,0.5555492043495178,-0.04895918443799019,0.1156768873333931,0.5462733507156372,-0.08827671408653259,0.13457469642162323,0.5954450964927673,-0.08688659220933914,0.14910170435905457,0.6291341781616211,-0.07319112867116928,brake
0.18811936676502228,0.7574800252914429,1.0169668485104921e-06,0.23213604092597961,0.7027367353439331,-0.04486897215247154,0.2347995489835739,0.6202031373977661,-0.06592337787151337,0.18025492131710052,0.5646304488182068,-0.08510244637727737,0.13011890649795532,0.5205158591270447,-0.10043072700500488,0.23553591966629028,0.46498164534568787,-0.03175759315490723,0.26835036277770996,0.35111096501350403,-0.06745003908872604,0.28926557302474976,0.2761196792125702,-0.08810821920633316,0.3015267252922058,0.21729126572608948,-0.09734345972537994,0.18632544577121735,0.46252238750457764,-0.03189026936888695,0.1761247217655182,0.32929182052612305,-0.07174336910247803,0.17330996692180634,0.243001788854599,-0.09342274814844131,0.16829761862754822,0.17257294058799744,-0.09901414811611176,0.14562922716140747,0.4962768852710724,-0.03793353587388992,0.12860873341560364,0.48536235094070435,-0.09341488778591156,0.14765319228172302,0.5504984855651855,-0.10572784394025803,0.15956515073776245,0.591694712638855,-0.09418252110481262,0.1141359731554985,0.5453671216964722,-0.04710209369659424,0.10976434499025345,0.5407004356384277,-0.08482353389263153,0.12912043929100037,0.5896380543708801,-0.08372636884450912,0.14321967959403992,0.6217485070228577,-0.07035382837057114,brake
0.18379345536231995,0.7452161908149719,1.0198143627349054e-06,0.22539052367210388,0.6913937926292419,-0.04684154689311981,0.22587138414382935,0.6079586148262024,-0.06928778439760208,0.16905328631401062,0.5512962937355042,-0.08965601027011871,0.1164267510175705,0.5069171786308289,-0.10624005645513535,0.22548224031925201,0.45293623208999634,-0.03440156951546669,0.2543448805809021,0.33789628744125366,-0.07232771813869476,0.27485185861587524,0.2616080045700073,-0.09486020356416702,0.2878749370574951,0.2003529965877533,-0.10519003868103027,0.17529679834842682,0.4522256553173065,-0.0345592275261879,0.1602421998977661,0.31705746054649353,-0.07612036168575287,0.1554306149482727,0.23006179928779602,-0.09869014471769333,0.1499978005886078,0.15810951590538025,-0.1046331375837326,0.13532879948616028,0.48895585536956787,-0.04073692113161087,0.11470499634742737,0.4786589741706848,-0.09945300221443176,0.13564303517341614,0.5442942976951599,-0.1121639832854271,0.15039004385471344,0.5864449739456177,-0.09993669390678406,0.10525434464216232,0.5414329767227173,-0.050001684576272964,0.09832575172185898,0.5352985262870789,-0.09046540409326553,0.12058858573436737,0.5845840573310852,-0.08913897722959518,0.13829457759857178,0.6181051135063171,-0.07494443655014038,brake
0.1719609647989273,0.7327853441238403,1.0309222489013337e-06,0.21447008848190308,0.6831082701683044,-0.05544908717274666,0.21141329407691956,0.5966941118240356,-0.08033359795808792,0.1493801772594452,0.5367408990859985,-0.1009487733244896,0.09396222978830338,0.4905535876750946,-0.11714538186788559,0.21107567846775055,0.4339436888694763,-0.04143940657377243,0.23773276805877686,0.3099527359008789,-0.07881323248147964,0.2550763785839081,0.23055106401443481,-0.10053794831037521,0.26503926515579224,0.16594254970550537,-0.11044763028621674,0.15938928723335266,0.4325266182422638,-0.03684568032622337,0.1420632302761078,0.2927912473678589,-0.07853257656097412,0.13351160287857056,0.20422351360321045,-0.100975401699543,0.12522055208683014,0.12930762767791748,-0.10669711232185364,0.1187404915690422,0.467928409576416,-0.03868723288178444,0.09786326438188553,0.4550073742866516,-0.09769043326377869,0.11641557514667511,0.5223795175552368,-0.10951599478721619,0.12943191826343536,0.5639765858650208,-0.0962555930018425,0.08840252459049225,0.5184032917022705,-0.04433133080601692,0.07459809631109238,0.5035668611526489,-0.08432424068450928,0.09402644634246826,0.5512454509735107,-0.08171433955430984,0.11018632352352142,0.5843299627304077,-0.0664573684334755,brake
0.16879194974899292,0.7674151659011841,9.849079560808605e-07,0.21012723445892334,0.7114729285240173,-0.052686188369989395,0.2056259661912918,0.6241950988769531,-0.07647257298231125,0.14538069069385529,0.5664672255516052,-0.09680032730102539,0.09192273765802383,0.5185297131538391,-0.11297883838415146,0.20790554583072662,0.4597223103046417,-0.036811355501413345,0.23481924831867218,0.3393552899360657,-0.07391194254159927,0.2515941560268402,0.26062434911727905,-0.09665727615356445,0.26136690378189087,0.19638046622276306,-0.1075577363371849,0.15682880580425262,0.4589545726776123,-0.03427024558186531,0.13709662854671478,0.31737589836120605,-0.07489166408777237,0.1283845454454422,0.23014840483665466,-0.09751441329717636,0.12095707654953003,0.15591469407081604,-0.10372378677129745,0.11602973192930222,0.4968307316303253,-0.0382339209318161,0.0925801694393158,0.47856923937797546,-0.0964089035987854,0.11117492616176605,0.5453609824180603,-0.10865189135074615,0.12489646673202515,0.5876380205154419,-0.09624416381120682,0.08558785170316696,0.5509337186813354,-0.045875433832407,0.07034963369369507,0.5372398495674133,-0.08536838740110397,0.08903364837169647,0.5843814611434937,-0.08309774100780487,0.1049409955739975,0.6163809299468994,-0.06852462142705917,brake
0.1713515818119049,0.8161424994468689,8.998028420137416e-07,0.2106267511844635,0.7565279603004456,-0.04745165631175041,0.20512709021568298,0.6728695034980774,-0.06923291087150574,0.15083160996437073,0.6147471070289612,-0.08837082237005234,0.10315069556236267,0.564217209815979,-0.10404304414987564,0.21068570017814636,0.5160358548164368,-0.03309033438563347,0.24221403896808624,0.4033447504043579,-0.06791409850120544,0.26172393560409546,0.3280414938926697,-0.08985326439142227,0.2743189334869385,0.2668951153755188,-0.10036131739616394,0.16459661722183228,0.5139067769050598,-0.031138069927692413,0.1521233171224594,0.3809256851673126,-0.0682232528924942,0.14795537292957306,0.301339328289032,-0.08887627720832825,0.14385829865932465,0.23418721556663513,-0.09488284587860107,0.12575531005859375,0.5483335256576538,-0.03528856486082077,0.10308140516281128,0.5202626585960388,-0.08906549960374832,0.1201825961470604,0.5846644639968872,-0.10047677159309387,0.13331946730613708,0.6280494332313538,-0.08929561078548431,0.09654626250267029,0.5989346504211426,-0.04263904318213463,0.08123495429754257,0.5712378025054932,-0.0788244679570198,0.09811495989561081,0.6127799153327942,-0.07634908705949783,0.11355061829090118,0.6444224715232849,-0.06280725449323654,brake
0.18800455331802368,0.8527743816375732,8.951805625656561e-07,0.2276616245508194,0.7990741729736328,-0.04217828810214996,0.2275770753622055,0.7176984548568726,-0.0621085949242115,0.1766941100358963,0.6621997356414795,-0.08045776188373566,0.12989655137062073,0.614665150642395,-0.09537260979413986,0.23264071345329285,0.5751581192016602,-0.028858739882707596,0.26208075881004333,0.46800094842910767,-0.062402475625276566,0.28381994366645813,0.3984677195549011,-0.08295606076717377,0.2980102598667145,0.3424356281757355,-0.09275519102811813,0.18814848363399506,0.5720160603523254,-0.029373774304986,0.1774357110261917,0.44338470697402954,-0.06569498032331467,0.17358002066612244,0.36364954710006714,-0.08615721017122269,0.16831006109714508,0.2959789037704468,-0.09214841574430466,0.15117837488651276,0.6047601699829102,-0.03548107296228409,0.13272243738174438,0.5827471613883972,-0.08763717859983444,0.1495787799358368,0.6460744142532349,-0.09823404252529144,0.16086140275001526,0.6852083206176758,-0.08709187805652618,0.12350426614284515,0.6534522175788879,-0.04449589550495148,0.11290330439805984,0.6361239552497864,-0.08042363822460175,0.13165001571178436,0.6812084913253784,-0.07831636071205139,0.14755816757678986,0.7117297649383545,-0.06518831104040146,brake
0.20269379019737244,0.8606607913970947,8.5724241216667e-07,0.2446833848953247,0.8116733431816101,-0.041718803346157074,0.2495684027671814,0.7354166507720947,-0.06027158722281456,0.20300985872745514,0.6818668842315674,-0.07679726928472519,0.16081967949867249,0.6372417211532593,-0.08977106213569641,0.2541869282722473,0.5989151000976562,-0.028102684766054153,0.28281038999557495,0.4940323531627655,-0.05955199897289276,0.30229729413986206,0.42781513929367065,-0.07773705571889877,0.31395742297172546,0.3743555545806885,-0.08570694923400879,0.210068017244339,0.5946950316429138,-0.027287062257528305,0.2049258053302765,0.4718555212020874,-0.061906490474939346,0.20186205208301544,0.39623135328292847,-0.08052051812410355,0.197594553232193,0.33481958508491516,-0.08481153100728989,0.17230887711048126,0.6220076084136963,-0.032024774700403214,0.15888763964176178,0.609690248966217,-0.0811859667301178,0.17309604585170746,0.6710254549980164,-0.09167243540287018,0.18407799303531647,0.7078503966331482,-0.08092813938856125,0.1421000361442566,0.6631232500076294,-0.03973354771733284,0.13763853907585144,0.6597654819488525,-0.07316624373197556,0.153982013463974,0.7062350511550903,-0.07164556533098221,0.16789737343788147,0.7348821759223938,-0.05931517854332924,brake
0.21086734533309937,0.8670114278793335,8.776403319643578e-07,0.2527456283569336,0.8182709813117981,-0.03876879811286926,0.2596149742603302,0.7407615184783936,-0.05666045472025871,0.21049828827381134,0.6879668831825256,-0.07333336025476456,0.16671697795391083,0.6448726654052734,-0.08655495941638947,0.26015999913215637,0.6045940518379211,-0.0251521747559309,0.287691205739975,0.500289797782898,-0.05615861341357231,0.30527228116989136,0.4343307614326477,-0.07429751008749008,0.3155067265033722,0.38062551617622375,-0.08280982822179794,0.2161281257867813,0.6018576622009277,-0.02636049874126911,0.2100626528263092,0.4801848530769348,-0.0619390495121479,0.2084154635667801,0.4011596441268921,-0.08211424201726913,0.20557107031345367,0.3354080319404602,-0.08790947496891022,0.1787363588809967,0.6306809186935425,-0.03279793635010719,0.16814133524894714,0.6145142912864685,-0.08286931365728378,0.1849435269832611,0.6755533814430237,-0.09346421808004379,0.1953505277633667,0.7140935063362122,-0.08299557864665985,0.1486283540725708,0.6737829446792603,-0.041925013065338135,0.14811336994171143,0.6688442826271057,-0.07709810882806778,0.16587436199188232,0.715082049369812,-0.07621198147535324,0.17799581587314606,0.7452243566513062,-0.06419919431209564,brake
0.2148936241865158,0.8713449835777283,8.801232525001979e-07,0.256132572889328,0.8221424221992493,-0.03954102471470833,0.26187145709991455,0.7448045611381531,-0.05768170207738876,0.21197985112667084,0.6943137049674988,-0.07437706738710403,0.16906291246414185,0.651093065738678,-0.08750960975885391,0.2595800757408142,0.6090469360351562,-0.026246126741170883,0.28701597452163696,0.5051230192184448,-0.057472143322229385,0.3042237460613251,0.4394751489162445,-0.0753515213727951,0.3139650821685791,0.38659223914146423,-0.08352170884609222,0.2156675159931183,0.6071600914001465,-0.027079489082098007,0.20770147442817688,0.48597994446754456,-0.06252796202898026,0.20530658960342407,0.40825825929641724,-0.08192155510187149,0.20175407826900482,0.3436315655708313,-0.08706949651241302,0.17883335053920746,0.6365228295326233,-0.033323969691991806,0.16984081268310547,0.6231915354728699,-0.08271858096122742,0.1874130219221115,0.6834700107574463,-0.09299346059560776,0.19778577983379364,0.7209740877151489,-0.082547627389431,0.14936544001102448,0.6797682046890259,-0.042434222996234894,0.1493174135684967,0.6800171136856079,-0.07662257552146912,0.1676248013973236,0.7247536182403564,-0.07596544176340103,0.1795842945575714,0.7523671388626099,-0.06444405764341354,brake
0.22579385340213776,0.8884092569351196,8.232914296968374e-07,0.26660531759262085,0.8374224305152893,-0.03622368350625038,0.2739146649837494,0.7647902965545654,-0.053724344819784164,0.22907331585884094,0.7167788743972778,-0.07057217508554459,0.18442079424858093,0.6799321174621582,-0.08441388607025146,0.2682284712791443,0.627271294593811,-0.025260264053940773,0.2927761673927307,0.5210592746734619,-0.05539030581712723,0.3090997338294983,0.4539423882961273,-0.072965607047081,0.3181191682815552,0.40094926953315735,-0.080467090010643,0.22308270633220673,0.6267830729484558,-0.02717248536646366,0.21328318119049072,0.5069183707237244,-0.05996125563979149,0.2090226113796234,0.4315716028213501,-0.0784069299697876,0.2036748081445694,0.37146246433258057,-0.08311125636100769,0.18530794978141785,0.6568140387535095,-0.03387322649359703,0.17790718376636505,0.6462143659591675,-0.07973470538854599,0.19578446447849274,0.7050945162773132,-0.08918396383523941,0.20649613440036774,0.7419880032539368,-0.07861336320638657,0.15536019206047058,0.7003766894340515,-0.043190985918045044,0.15678620338439941,0.6904409527778625,-0.07267722487449646,0.1755003035068512,0.7321733236312866,-0.06881067156791687,0.18867644667625427,0.7616108655929565,-0.055377986282110214,brake
0.2440115064382553,0.8884475231170654,8.649708433949854e-07,0.28740590810775757,0.839721143245697,-0.03664272651076317,0.29720115661621094,0.7666893601417542,-0.05466971918940544,0.2521277070045471,0.718571126461029,-0.07208692282438278,0.20852790772914886,0.6816067695617676,-0.08640318363904953,0.29266357421875,0.6284617185592651,-0.02585344761610031,0.3191848397254944,0.5235514640808105,-0.056808631867170334,0.335708349943161,0.4570457935333252,-0.07492996007204056,0.3452661335468292,0.4039352536201477,-0.08315252512693405,0.24711333215236664,0.6270498037338257,-0.028376230970025063,0.23968976736068726,0.5070932507514954,-0.06364713609218597,0.2371542900800705,0.43007636070251465,-0.08404560387134552,0.23439142107963562,0.3664701581001282,-0.09000345319509506,0.20821398496627808,0.656272828578949,-0.035595208406448364,0.2019757628440857,0.6429882645606995,-0.08487877249717712,0.2198818027973175,0.7041983008384705,-0.09506868571043015,0.23145699501037598,0.7434297800064087,-0.08440660685300827,0.17610645294189453,0.6997923254966736,-0.04529793933033943,0.17845112085342407,0.6906949877738953,-0.0790429636836052,0.1984582543373108,0.7358025312423706,-0.07643371820449829,0.21295501291751862,0.7671816945075989,-0.06314986199140549,brake
0.2575150728225708,0.881659984588623,8.597777991781186e-07,0.29825130105018616,0.8338803052902222,-0.038153864443302155,0.3075835108757019,0.7643839120864868,-0.05756749212741852,0.26578208804130554,0.7169212102890015,-0.0759398564696312,0.22354701161384583,0.6774961352348328,-0.09084710478782654,0.30139705538749695,0.6238928437232971,-0.02995072305202484,0.32565754652023315,0.516939103603363,-0.062145449221134186,0.34221315383911133,0.451200008392334,-0.08011675626039505,0.35060805082321167,0.39787185192108154,-0.08778034150600433,0.25565364956855774,0.621811032295227,-0.031693000346422195,0.2465800642967224,0.5016912221908569,-0.06714609265327454,0.24303068220615387,0.42655572295188904,-0.08642953634262085,0.23750191926956177,0.36340904235839844,-0.09115711599588394,0.21681293845176697,0.6501383185386658,-0.03817255049943924,0.21605463325977325,0.6484375,-0.08479994535446167,0.23370711505413055,0.7072100639343262,-0.09393775463104248,0.24300363659858704,0.7394567131996155,-0.08321234583854675,0.18583989143371582,0.6925377249717712,-0.04756913334131241,0.19376139342784882,0.697024941444397,-0.0761386826634407,0.21264636516571045,0.7382499575614929,-0.07226673513650894,0.22455666959285736,0.7615165710449219,-0.059143874794244766,brake
0.26904821395874023,0.8702605962753296,8.490590062137926e-07,0.31255829334259033,0.818728506565094,-0.03650461137294769,0.32105860114097595,0.7443505525588989,-0.054323047399520874,0.27590885758399963,0.6948155760765076,-0.07134829461574554,0.2338089942932129,0.6549370288848877,-0.08483675867319107,0.3161976933479309,0.6084718108177185,-0.026207497343420982,0.34105047583580017,0.5026494264602661,-0.056994225829839706,0.3579629063606262,0.4376530945301056,-0.07447998225688934,0.3659713566303253,0.3856657147407532,-0.08210952579975128,0.27073031663894653,0.6075842380523682,-0.028276493772864342,0.2597752809524536,0.4877474308013916,-0.06320338696241379,0.2560579776763916,0.4115193486213684,-0.08278799057006836,0.2503321170806885,0.34785300493240356,-0.08810050040483475,0.23162153363227844,0.6374585032463074,-0.03502758592367172,0.23108913004398346,0.6305222511291504,-0.0808400809764862,0.24992237985134125,0.6879070997238159,-0.08948008716106415,0.25923797488212585,0.7213338017463684,-0.0788123682141304,0.20016667246818542,0.6810587644577026,-0.044557616114616394,0.2078390121459961,0.681560218334198,-0.07269183546304703,0.2275455892086029,0.720392107963562,-0.06876007467508316,0.23912586271762848,0.7428604960441589,-0.05594675615429878,brake
0.2790845036506653,0.8525899052619934,8.379303721994802e-07,0.3216381371021271,0.8024764060974121,-0.03522301837801933,0.33111363649368286,0.7307173013687134,-0.053166087716817856,0.28868645429611206,0.682658851146698,-0.07050828635692596,0.2456827461719513,0.6459893584251404,-0.08463550359010696,0.3239956796169281,0.595148503780365,-0.02673524059355259,0.34810900688171387,0.48966073989868164,-0.05738220736384392,0.3644745945930481,0.42522382736206055,-0.07521134614944458,0.37297323346138,0.3733871281147003,-0.08294975012540817,0.278425395488739,0.5945085883140564,-0.02910480462014675,0.2680037021636963,0.47499382495880127,-0.06253375113010406,0.26381152868270874,0.39946067333221436,-0.0815289318561554,0.25764498114585876,0.33673402667045593,-0.08673771470785141,0.24030563235282898,0.6233720779418945,-0.035790782421827316,0.23889686167240143,0.6183607578277588,-0.07971678674221039,0.25710511207580566,0.6730390787124634,-0.08802753686904907,0.26625481247901917,0.7068433165550232,-0.07758627086877823,0.2095637023448944,0.6663925051689148,-0.04521100968122482,0.2178209275007248,0.6675580143928528,-0.07192795723676682,0.23645873367786407,0.7064122557640076,-0.06706015765666962,0.24682404100894928,0.7314692735671997,-0.05365369841456413,brake
0.33522242307662964,0.8293827772140503,7.531405685767822e-07,0.3810786306858063,0.7840917706489563,-0.033852800726890564,0.3947141766548157,0.7170436382293701,-0.049270350486040115,0.3567969799041748,0.671298623085022,-0.06419706344604492,0.3182310461997986,0.6355512738227844,-0.07643425464630127,0.3884974718093872,0.5902633666992188,-0.026057319715619087,0.4147445261478424,0.4869440793991089,-0.054912254214286804,0.43102630972862244,0.4235285520553589,-0.07102720439434052,0.4385427236557007,0.3706384003162384,-0.07746328413486481,0.34544771909713745,0.5852086544036865,-0.027508337050676346,0.3375876843929291,0.46938586235046387,-0.058568697422742844,0.333840012550354,0.395715594291687,-0.07624301314353943,0.327360063791275,0.336031049489975,-0.08072057366371155,0.3079838752746582,0.609360933303833,-0.0331399068236351,0.3062964379787445,0.6106200218200684,-0.07491789013147354,0.3232061266899109,0.6637182831764221,-0.08438516408205032,0.3323897421360016,0.6970859169960022,-0.07498694956302643,0.27654027938842773,0.6471762657165527,-0.04136662185192108,0.2843867540359497,0.6503174304962158,-0.06591842323541641,0.30341190099716187,0.6881712675094604,-0.06186765432357788,0.31506890058517456,0.7149168848991394,-0.04955461993813515,brake
0.4072118103504181,0.8343707919120789,7.64625156080001e-07,0.4539845585823059,0.7917008996009827,-0.029587972909212112,0.4751143157482147,0.7256231307983398,-0.04509351775050163,0.44311144948005676,0.679854154586792,-0.06105479598045349,0.4041779637336731,0.6498095989227295,-0.07454957067966461,0.4574037194252014,0.5977165699005127,-0.02654303051531315,0.4837340712547302,0.49558329582214355,-0.05741645023226738,0.5000786781311035,0.4342082738876343,-0.0739278644323349,0.5094670653343201,0.3846081495285034,-0.08059573173522949,0.41004833579063416,0.5947499871253967,-0.03221661597490311,0.4038836658000946,0.4757721424102783,-0.06680130213499069,0.4025159776210785,0.40219324827194214,-0.08529998362064362,0.3970034122467041,0.3424314558506012,-0.0898340716958046,0.3693986237049103,0.6226720809936523,-0.04146028310060501,0.38529127836227417,0.615227460861206,-0.08612317591905594,0.40629875659942627,0.6642041206359863,-0.09490082412958145,0.41521358489990234,0.6935152411460876,-0.08532331138849258,0.3360273241996765,0.665855884552002,-0.05269169434905052,0.361659437417984,0.6712425947189331,-0.07893510907888412,0.38401806354522705,0.7059590220451355,-0.0743345245718956,0.39441153407096863,0.726620614528656,-0.061914753168821335,brake
0.4402526915073395,0.8313857316970825,8.11312986570556e-07,0.48490655422210693,0.7917505502700806,-0.0321405790746212,0.5090337991714478,0.7341866493225098,-0.04994487017393112,0.48546940088272095,0.6937662363052368,-0.06755059212446213,0.45193108916282654,0.6602413058280945,-0.08255854994058609,0.4912412762641907,0.598822832107544,-0.03501750901341438,0.5179330110549927,0.4892560839653015,-0.06645607203245163,0.534155011177063,0.42591017484664917,-0.08244471251964569,0.5425216555595398,0.37429744005203247,-0.08807408064603806,0.4442391097545624,0.5969947576522827,-0.03857285529375076,0.43671876192092896,0.4782228171825409,-0.0729384571313858,0.43692854046821594,0.4043554961681366,-0.0905829444527626,0.43441060185432434,0.3449037969112396,-0.0944269448518753,0.4034123718738556,0.6224923133850098,-0.045450158417224884,0.4201186001300812,0.6232962608337402,-0.08842103183269501,0.4401700496673584,0.6695119142532349,-0.09683627635240555,0.4474294185638428,0.697760283946991,-0.0868573933839798,0.37190231680870056,0.6619051098823547,-0.054689593613147736,0.39708709716796875,0.6697866916656494,-0.07932711392641068,0.4185165464878082,0.7006210684776306,-0.07481814175844193,0.4278850853443146,0.7204084992408752,-0.062131498008966446,brake
0.45969992876052856,0.8258191347122192,8.632360390947724e-07,0.5079323053359985,0.7902547717094421,-0.0314200259745121,0.5329418182373047,0.7361516952514648,-0.05082748085260391,0.5135563611984253,0.6882662177085876,-0.07054470479488373,0.4810783267021179,0.6493600606918335,-0.08797180652618408,0.5175951719284058,0.5973469018936157,-0.03860940784215927,0.5464774370193481,0.4858936071395874,-0.07279370725154877,0.5615206360816956,0.41965389251708984,-0.09072133898735046,0.5674937963485718,0.3633940517902374,-0.09759097546339035,0.4684910178184509,0.5903753638267517,-0.04319966211915016,0.4722672402858734,0.47269684076309204,-0.08116154372692108,0.4735623598098755,0.3935314416885376,-0.10176747292280197,0.46967604756355286,0.3284826874732971,-0.10746083408594131,0.42481204867362976,0.6122252941131592,-0.050338778644800186,0.45077839493751526,0.6107751131057739,-0.0951092466711998,0.4741734564304352,0.6549732685089111,-0.10404752939939499,0.4847576916217804,0.6856427788734436,-0.09459022432565689,0.38929465413093567,0.6500735878944397,-0.05979682877659798,0.42254480719566345,0.6642965078353882,-0.08645941317081451,0.4474659860134125,0.6980735659599304,-0.08233179152011871,0.46048852801322937,0.7227798104286194,-0.06930743902921677,brake
0.4686320424079895,0.8346600532531738,8.534153153050283e-07,0.5212201476097107,0.795628547668457,-0.03277873247861862,0.5512975454330444,0.7347657680511475,-0.05274132266640663,0.5313631892204285,0.6849929690361023,-0.07207242399454117,0.5030653476715088,0.6439073085784912,-0.08827126026153564,0.5332728624343872,0.5973230004310608,-0.04338658228516579,0.5602587461471558,0.48348337411880493,-0.07837512344121933,0.5780190229415894,0.41840213537216187,-0.09573816508054733,0.5866683721542358,0.36291489005088806,-0.1020093634724617,0.48132526874542236,0.5919467210769653,-0.047301482409238815,0.48433542251586914,0.4717457890510559,-0.08627995103597641,0.48826178908348083,0.39180701971054077,-0.10521355271339417,0.48569104075431824,0.32776719331741333,-0.10909201204776764,0.43732669949531555,0.6148368120193481,-0.05395442619919777,0.4678775668144226,0.6230863928794861,-0.09844344109296799,0.49296581745147705,0.6681973338127136,-0.10587388277053833,0.5026000142097473,0.6970416903495789,-0.09518802165985107,0.4036563038825989,0.6555148363113403,-0.06320682168006897,0.4437033236026764,0.6803684830665588,-0.08715054392814636,0.4658700227737427,0.7116715312004089,-0.08267203718423843,0.47301390767097473,0.7277683019638062,-0.07019264250993729,brake
0.470360666513443,0.8304522633552551,8.725210136617534e-07,0.5228442549705505,0.7935267090797424,-0.036282457411289215,0.5558551549911499,0.7351253628730774,-0.058354832231998444,0.5368332862854004,0.6874139904975891,-0.07936671376228333,0.5083744525909424,0.6464886665344238,-0.09733376652002335,0.537869930267334,0.5965983271598816,-0.048011988401412964,0.5669481754302979,0.48169171810150146,-0.08462675660848618,0.5861214995384216,0.41514092683792114,-0.10305570065975189,0.5952550172805786,0.35697320103645325,-0.11049497127532959,0.4849238395690918,0.5898796319961548,-0.05126963555812836,0.48886165022850037,0.47113659977912903,-0.09266079217195511,0.4924747943878174,0.39422714710235596,-0.11266033351421356,0.4885765314102173,0.32820117473602295,-0.11728931963443756,0.4399511218070984,0.6127464175224304,-0.05746672302484512,0.471629798412323,0.6282216906547546,-0.10451938211917877,0.49441829323768616,0.6794928312301636,-0.11144654452800751,0.5010316967964172,0.7068820595741272,-0.10015598684549332,0.4051938056945801,0.6531991362571716,-0.06665906310081482,0.4439007639884949,0.6800090074539185,-0.09231807291507721,0.46605104207992554,0.713895857334137,-0.08750789612531662,0.47326260805130005,0.7294408082962036,-0.07480253279209137,brake
0.47234034538269043,0.8336760401725769,8.478772883790953e-07,0.5237175822257996,0.7951427102088928,-0.032472606748342514,0.5576735734939575,0.7343980073928833,-0.05133870989084244,0.5402390360832214,0.68651282787323,-0.06976740062236786,0.5114909410476685,0.6499706506729126,-0.08519583195447922,0.5377776622772217,0.5969282984733582,-0.04045197367668152,0.5674391388893127,0.4787819981575012,-0.07431147992610931,0.5874248147010803,0.40927398204803467,-0.09063360095024109,0.597485363483429,0.35097524523735046,-0.09632769972085953,0.4850804805755615,0.5915465950965881,-0.04484963417053223,0.48761826753616333,0.4696142375469208,-0.08292129635810852,0.4926040768623352,0.3917309045791626,-0.10142365097999573,0.4901663362979889,0.329179972410202,-0.10488691180944443,0.44118884205818176,0.6143319606781006,-0.0522330068051815,0.47443175315856934,0.6275205016136169,-0.09706290811300278,0.49961981177330017,0.6735915541648865,-0.10552790015935898,0.508411705493927,0.700807511806488,-0.09534918516874313,0.40756163001060486,0.654552698135376,-0.06216854602098465,0.4485923945903778,0.6812639236450195,-0.08615774661302567,0.4702710807323456,0.7147035002708435,-0.0819634273648262,0.4763879179954529,0.7313277721405029,-0.06978926062583923,brake
0.4736216068267822,0.8314865231513977,8.257991908067197e-07,0.5282529592514038,0.7936419248580933,-0.03343407064676285,0.5621369481086731,0.7373893857002258,-0.054147351533174515,0.5433767437934875,0.6901076436042786,-0.07458265125751495,0.5114589929580688,0.6512603759765625,-0.09250424057245255,0.5422622561454773,0.5940815806388855,-0.04341752082109451,0.5704522728919983,0.4781642556190491,-0.07943110913038254,0.5896967649459839,0.4119933545589447,-0.09815432876348495,0.5992714762687683,0.3554615080356598,-0.10566260665655136,0.4888001084327698,0.5895503163337708,-0.04809114709496498,0.49354076385498047,0.47637808322906494,-0.08702751249074936,0.5003727674484253,0.4046732187271118,-0.10608860105276108,0.5000988245010376,0.34741345047950745,-0.11028958857059479,0.44357287883758545,0.6130543351173401,-0.05597223341464996,0.47553932666778564,0.6305656433105469,-0.10111836344003677,0.5009995102882385,0.6756861209869385,-0.10996906459331512,0.5111653804779053,0.701429009437561,-0.10064307600259781,0.40908142924308777,0.6551426649093628,-0.06659813970327377,0.45014914870262146,0.6860335469245911,-0.09182760119438171,0.4731295704841614,0.720638632774353,-0.0885554701089859,0.48159879446029663,0.7388234734535217,-0.07698793709278107,brake
0.48181623220443726,0.8189644813537598,8.021302733141056e-07,0.5344604849815369,0.7799434661865234,-0.031176475808024406,0.5666905045509338,0.7185370326042175,-0.04927516356110573,0.5454103350639343,0.6672552824020386,-0.06719281524419785,0.5175676345825195,0.6260241866111755,-0.08204225450754166,0.5520902872085571,0.5799378156661987,-0.03680764138698578,0.5778794884681702,0.47095540165901184,-0.06895548105239868,0.5938860774040222,0.40799862146377563,-0.08492539077997208,0.6020150780677795,0.353570818901062,-0.09090910851955414,0.4994226396083832,0.5724179148674011,-0.042111460119485855,0.4988088607788086,0.4489099383354187,-0.07876776158809662,0.5013524889945984,0.3725489377975464,-0.09693267941474915,0.4985458552837372,0.31163692474365234,-0.10045728087425232,0.4542323350906372,0.5960886478424072,-0.05038035660982132,0.48410966992378235,0.601151704788208,-0.09667405486106873,0.5074556469917297,0.6534143686294556,-0.10561498254537582,0.5156132578849792,0.6875279545783997,-0.09505228698253632,0.4185502529144287,0.6379746794700623,-0.06082022935152054,0.4593545198440552,0.656490683555603,-0.08769937604665756,0.48216450214385986,0.6944870948791504,-0.0843486338853836,0.4900667071342468,0.7173928618431091,-0.0720248594880104,brake
0.46165409684181213,0.8250513076782227,8.552908639103407e-07,0.515680193901062,0.7865235805511475,-0.030721766874194145,0.5445743799209595,0.7343874573707581,-0.050688084214925766,0.5327363014221191,0.6913211345672607,-0.07120168209075928,0.5074551701545715,0.6559915542602539,-0.08967586606740952,0.5261250734329224,0.5882765650749207,-0.04134537652134895,0.5561761856079102,0.47231990098953247,-0.0767119899392128,0.5759518146514893,0.40457645058631897,-0.09658575803041458,0.5870518684387207,0.3482528626918793,-0.10513710230588913,0.4750600755214691,0.5849745273590088,-0.047969792038202286,0.475159615278244,0.4642261862754822,-0.08434630930423737,0.47953706979751587,0.3859784007072449,-0.1045524999499321,0.4780517518520355,0.32259050011634827,-0.11113063246011734,0.42908596992492676,0.6100272536277771,-0.057462260127067566,0.4562496840953827,0.6170306205749512,-0.09927743673324585,0.4841221570968628,0.6537191867828369,-0.10898244380950928,0.4964839518070221,0.6776398420333862,-0.10223154723644257,0.3924684524536133,0.6539104580879211,-0.06968408077955246,0.42691510915756226,0.6698592305183411,-0.09314531087875366,0.4542343020439148,0.6979816555976868,-0.08945781737565994,0.4681544601917267,0.7175162434577942,-0.07881741225719452,brake
0.3612188696861267,0.8370437026023865,7.597455464747327e-07,0.41528958082199097,0.7952414751052856,-0.03149107098579407,0.43234360218048096,0.7309407591819763,-0.049356210976839066,0.4031297266483307,0.6870518922805786,-0.06762173771858215,0.3652230501174927,0.6521762013435364,-0.0843224748969078,0.4163059592247009,0.5940530896186829,-0.03704702481627464,0.4444369673728943,0.4792121648788452,-0.06999091058969498,0.45898017287254333,0.40954214334487915,-0.08838053047657013,0.46610838174819946,0.3503040671348572,-0.09698060899972916,0.37252870202064514,0.5962803363800049,-0.0427897572517395,0.36668965220451355,0.4703296422958374,-0.07920686155557632,0.35961130261421204,0.3954532742500305,-0.09815996885299683,0.3484593629837036,0.33523067831993103,-0.10404429584741592,0.3337384760379791,0.6268845796585083,-0.05162586271762848,0.32901981472969055,0.6128386855125427,-0.09703809022903442,0.34788256883621216,0.6630497574806213,-0.10233994573354721,0.3601611256599426,0.6994521617889404,-0.09123615175485611,0.3025059700012207,0.6745957732200623,-0.06292720139026642,0.30771976709365845,0.665363609790802,-0.08921759575605392,0.3262176513671875,0.6901869773864746,-0.08232414722442627,0.33815550804138184,0.7097388505935669,-0.0689854547381401,brake
0.30256593227386475,0.825741171836853,9.572651151756872e-07,0.3509270250797272,0.7760105729103088,-0.042064372450113297,0.35754716396331787,0.6975816488265991,-0.06312430649995804,0.3050916790962219,0.6522213220596313,-0.08269199728965759,0.2564152479171753,0.618135929107666,-0.09980079531669617,0.3402627110481262,0.5622398257255554,-0.038230836391448975,0.3664714992046356,0.449295312166214,-0.07417676597833633,0.38120320439338684,0.3757762610912323,-0.09532344341278076,0.38743653893470764,0.3148520588874817,-0.10532737523317337,0.291692852973938,0.5683146715164185,-0.039258360862731934,0.27851879596710205,0.4461202621459961,-0.08023594319820404,0.2682892084121704,0.3649730086326599,-0.10349316149950027,0.2555457353591919,0.2964705526828766,-0.11138569563627243,0.2525160610675812,0.6033852696418762,-0.04481477662920952,0.246019184589386,0.5892753005027771,-0.09866803884506226,0.271740198135376,0.6482352018356323,-0.10805735737085342,0.2885821461677551,0.6864144802093506,-0.09597384184598923,0.22304588556289673,0.6513490080833435,-0.05303238704800606,0.22595688700675964,0.6276937127113342,-0.08787686377763748,0.2518220543861389,0.6683844923973083,-0.08275634050369263,0.2707160413265228,0.7006107568740845,-0.06738083064556122,brake
0.24559801816940308,0.8077717423439026,9.343617080048716e-07,0.2860219180583954,0.7532640695571899,-0.04245823994278908,0.28238505125045776,0.6737562417984009,-0.06095276027917862,0.2295207679271698,0.6243331432342529,-0.07791124284267426,0.18169522285461426,0.5855394601821899,-0.09162762761116028,0.27282899618148804,0.5372774600982666,-0.02991018071770668,0.29585331678390503,0.4245505928993225,-0.06310442835092545,0.30998608469963074,0.351265549659729,-0.08203352242708206,0.3169684112071991,0.29372045397758484,-0.09049122035503387,0.2281997799873352,0.5406699776649475,-0.029145337641239166,0.20985382795333862,0.4183274507522583,-0.06684544682502747,0.19828391075134277,0.3388042449951172,-0.08750246465206146,0.18570254743099213,0.27494338154792786,-0.09339182823896408,0.1933390498161316,0.5760655999183655,-0.03375493735074997,0.17465299367904663,0.5631226897239685,-0.08500982075929642,0.19708263874053955,0.6188398599624634,-0.09493996202945709,0.21410953998565674,0.6538963913917542,-0.08341281861066818,0.16799932718276978,0.6253385543823242,-0.0412667877972126,0.1571740210056305,0.6180142164230347,-0.07580657303333282,0.17949673533439636,0.6579555869102478,-0.07390758395195007,0.19841086864471436,0.6854102611541748,-0.06095078960061073,brake
0.23292458057403564,0.8087232708930969,9.67859023148776e-07,0.26838919520378113,0.7560065388679504,-0.04375169053673744,0.26306965947151184,0.6769247651100159,-0.06376271694898605,0.20771852135658264,0.62662273645401,-0.08206330239772797,0.15824544429779053,0.5843906402587891,-0.09644326567649841,0.25361379981040955,0.5290257930755615,-0.028994474560022354,0.2736314535140991,0.4159335494041443,-0.06274943053722382,0.2861354351043701,0.343083918094635,-0.0822119489312172,0.2916129529476166,0.28558552265167236,-0.09089735895395279,0.2087194323539734,0.5342220067977905,-0.028594382107257843,0.1898338943719864,0.410196453332901,-0.06681323051452637,0.1767369508743286,0.3296908736228943,-0.08778515458106995,0.16259075701236725,0.2654420733451843,-0.09318896383047104,0.17418411374092102,0.5728639960289001,-0.03399107605218887,0.15331503748893738,0.5638356804847717,-0.08809114247560501,0.1753811538219452,0.6219954490661621,-0.09978475421667099,0.19139066338539124,0.6602995991706848,-0.08824146538972855,0.1491701304912567,0.6253716349601746,-0.04230765625834465,0.14153653383255005,0.6230116486549377,-0.08052373677492142,0.16467562317848206,0.6672970056533813,-0.08018327504396439,0.18244224786758423,0.6980078220367432,-0.0672554299235344,brake
0.21798992156982422,0.8027114272117615,9.339603934677143e-07,0.2554970383644104,0.7505436539649963,-0.047652117908000946,0.24948915839195251,0.6722344756126404,-0.0692046582698822,0.19304421544075012,0.6218883991241455,-0.08821022510528564,0.14479748904705048,0.5757074952125549,-0.10306346416473389,0.24159395694732666,0.5227025747299194,-0.03094920702278614,0.2621914744377136,0.41192519664764404,-0.06601006537675858,0.27469658851623535,0.33947086334228516,-0.08668498694896698,0.28026777505874634,0.28105032444000244,-0.09655118733644485,0.19659073650836945,0.5262163877487183,-0.02909964509308338,0.177265003323555,0.4016072750091553,-0.06867989897727966,0.16421037912368774,0.32399576902389526,-0.09002106636762619,0.15042023360729218,0.25930100679397583,-0.09576281160116196,0.16199903190135956,0.5638849139213562,-0.03366265818476677,0.14007721841335297,0.551112174987793,-0.08943036943674088,0.16063666343688965,0.611329972743988,-0.10009140521287918,0.17499777674674988,0.6475450396537781,-0.08776228874921799,0.13681191205978394,0.6154948472976685,-0.04152226820588112,0.12435658276081085,0.6035348773002625,-0.08013110607862473,0.1465042680501938,0.6468961834907532,-0.0785711258649826,0.1639295071363449,0.6745618581771851,-0.06512890011072159,brake
0.21882027387619019,0.7923542261123657,9.419526918463816e-07,0.2552339434623718,0.7397667765617371,-0.043985895812511444,0.24962720274925232,0.6608019471168518,-0.06463823467493057,0.19367003440856934,0.6102721095085144,-0.08351798355579376,0.144089013338089,0.5669371485710144,-0.09842944890260696,0.24086785316467285,0.512876570224762,-0.029767679050564766,0.26110100746154785,0.4022117853164673,-0.06429543346166611,0.2738852798938751,0.33025604486465454,-0.0849606916308403,0.280536949634552,0.27216264605522156,-0.09502661228179932,0.19535525143146515,0.5167031288146973,-0.029564697295427322,0.17708218097686768,0.3926716446876526,-0.06804250180721283,0.16384746134281158,0.3122350573539734,-0.08940024673938751,0.14997154474258423,0.2471928894519806,-0.09578419476747513,0.16010504961013794,0.5544140934944153,-0.03517484292387962,0.13662666082382202,0.5382230281829834,-0.08841025829315186,0.1585037261247635,0.5947229266166687,-0.09892238676548004,0.174749493598938,0.6333191990852356,-0.08772699534893036,0.13526716828346252,0.6069356203079224,-0.04398836940526962,0.12615540623664856,0.601681649684906,-0.08230845630168915,0.14929799735546112,0.6451297998428345,-0.08190083503723145,0.1672060340642929,0.6755113005638123,-0.06949134171009064,brake
0.20962604880332947,0.7763403058052063,9.10720359570405e-07,0.2480766475200653,0.7216183543205261,-0.04346785694360733,0.24083589017391205,0.6402394771575928,-0.06236344203352928,0.18481168150901794,0.5886800289154053,-0.07974746823310852,0.13670538365840912,0.542824923992157,-0.09332900494337082,0.2374422699213028,0.49521154165267944,-0.02378871850669384,0.2579367160797119,0.38660508394241333,-0.05680593475699425,0.2720243036746979,0.3143002390861511,-0.07712989300489426,0.2793847322463989,0.2562897503376007,-0.08694719523191452,0.19187693297863007,0.4986145496368408,-0.023915870115160942,0.1721002608537674,0.37366366386413574,-0.061459288001060486,0.16123038530349731,0.29488563537597656,-0.08269812166690826,0.14992380142211914,0.23036009073257446,-0.0886404812335968,0.15598413348197937,0.5370261669158936,-0.030215924605727196,0.13244402408599854,0.5194427371025085,-0.08556722104549408,0.15434381365776062,0.580513596534729,-0.09638439863920212,0.1697942167520523,0.6197396516799927,-0.08393853902816772,0.12971290946006775,0.5904179811477661,-0.039346322417259216,0.1165633350610733,0.5723420977592468,-0.0784006118774414,0.13961324095726013,0.6176725625991821,-0.07617529481649399,0.1578773707151413,0.6497619152069092,-0.061923593282699585,brake
0.18435326218605042,0.7178207635879517,9.174373758469301e-07,0.22488190233707428,0.6606930494308472,-0.04326756298542023,0.22267155349254608,0.577286422252655,-0.061024945229291916,0.17282116413116455,0.5207269787788391,-0.07639139145612717,0.12819835543632507,0.4738191068172455,-0.08810511976480484,0.22650101780891418,0.43840986490249634,-0.02591797709465027,0.2530253529548645,0.32716798782348633,-0.057304419577121735,0.27191126346588135,0.25852856040000916,-0.07555394619703293,0.283153235912323,0.2054145336151123,-0.08290495723485947,0.1801639348268509,0.4402606189250946,-0.023572154343128204,0.16461002826690674,0.3107031583786011,-0.057388052344322205,0.1588476598262787,0.2313384711742401,-0.07541993260383606,0.15309591591358185,0.16719824075698853,-0.07906144857406616,0.14163431525230408,0.47414153814315796,-0.02726077474653721,0.12747351825237274,0.4516716003417969,-0.076980821788311,0.14390087127685547,0.5085458159446716,-0.08801712095737457,0.15462040901184082,0.5460045337677002,-0.07685451209545135,0.11332129687070847,0.5204246044158936,-0.03372582420706749,0.10589339584112167,0.5072166323661804,-0.06710132956504822,0.12179598212242126,0.5488460063934326,-0.0651620626449585,0.13297247886657715,0.577987015247345,-0.05213286727666855,brake
0.19347447156906128,0.684235692024231,8.911699751479318e-07,0.234172061085701,0.6272993087768555,-0.04349508509039879,0.2307361662387848,0.5430034399032593,-0.05992531403899193,0.1804792433977127,0.4882432520389557,-0.07403823733329773,0.13709190487861633,0.44315841794013977,-0.08466414362192154,0.2371481955051422,0.40457838773727417,-0.023305857554078102,0.26406002044677734,0.2969270944595337,-0.05245117098093033,0.2814265191555023,0.2262488156557083,-0.07029762864112854,0.2925169765949249,0.1705094575881958,-0.07843667268753052,0.19127389788627625,0.40421152114868164,-0.020925920456647873,0.17830131947994232,0.276719331741333,-0.05352737382054329,0.1740005910396576,0.1942053735256195,-0.07253539562225342,0.1715230643749237,0.12840503454208374,-0.07794596254825592,0.1526755839586258,0.4380052983760834,-0.024772845208644867,0.13292759656906128,0.4112240970134735,-0.07485684007406235,0.14405457675457,0.46810200810432434,-0.08874166011810303,0.152769073843956,0.5085151195526123,-0.0799715518951416,0.12297579646110535,0.48499244451522827,-0.03138912096619606,0.11198011785745621,0.46687233448028564,-0.0674678385257721,0.1277185082435608,0.509764552116394,-0.0689270868897438,0.1412677764892578,0.5420485734939575,-0.05853407829999924,brake
0.20760653913021088,0.6606631278991699,8.666805229040619e-07,0.24580985307693481,0.604125440120697,-0.045523930341005325,0.2426985651254654,0.5187897682189941,-0.06320720911026001,0.19442717730998993,0.4555586576461792,-0.07853575050830841,0.15007932484149933,0.4057392179965973,-0.0902976542711258,0.25241413712501526,0.37843185663223267,-0.02246909961104393,0.2770349383354187,0.2728503346443176,-0.05312196537852287,0.2949501574039459,0.20318445563316345,-0.07288163155317307,0.3072664737701416,0.148156076669693,-0.08257657289505005,0.2064489871263504,0.38056033849716187,-0.02057028003036976,0.1927105337381363,0.25207599997520447,-0.05507699027657509,0.18902820348739624,0.17183896899223328,-0.07534421235322952,0.18676254153251648,0.1081356406211853,-0.08111999183893204,0.16776317358016968,0.4183724522590637,-0.025190632790327072,0.14986728131771088,0.3865898847579956,-0.07978162914514542,0.16656675934791565,0.4482836425304413,-0.09337993711233139,0.17878983914852142,0.48971685767173767,-0.08326457440853119,0.13875916600227356,0.470793753862381,-0.03255373239517212,0.1308640092611313,0.442399263381958,-0.07443200051784515,0.15001024305820465,0.49212580919265747,-0.07532447576522827,0.16504009068012238,0.5283778309822083,-0.06315267831087112,brake
0.20957356691360474,0.6588268280029297,8.939574627220281e-07,0.24811016023159027,0.6041543483734131,-0.04739801213145256,0.2463032305240631,0.5220167636871338,-0.06634139269590378,0.19717293977737427,0.4599009156227112,-0.08232507109642029,0.1525917798280716,0.4099538028240204,-0.09497146308422089,0.2555118501186371,0.3804703652858734,-0.025478767231106758,0.2807636260986328,0.2765897214412689,-0.05626164376735687,0.2985815107822418,0.20783957839012146,-0.07609856873750687,0.3110310435295105,0.15330862998962402,-0.08593267947435379,0.20940768718719482,0.38149601221084595,-0.02236250601708889,0.19807323813438416,0.25332221388816833,-0.05639266222715378,0.19523677229881287,0.1733066290616989,-0.07639233022928238,0.1939079761505127,0.11035826802253723,-0.08223951607942581,0.17013601958751678,0.4188189208507538,-0.02587166056036949,0.15211640298366547,0.3839428424835205,-0.08028735965490341,0.16619905829429626,0.44431257247924805,-0.09524153172969818,0.17692972719669342,0.4864221215248108,-0.08642043173313141,0.14025628566741943,0.4709809422492981,-0.03210349380970001,0.13247913122177124,0.4463904798030853,-0.07459196448326111,0.15020892024040222,0.49593815207481384,-0.07735802233219147,0.16452229022979736,0.53231281042099,-0.06674547493457794,brake
0.21088898181915283,0.6737850904464722,9.076240985450568e-07,0.251008003950119,0.6228888630867004,-0.04527414217591286,0.250241219997406,0.5414602160453796,-0.06399969756603241,0.1998554915189743,0.4828222095966339,-0.08031269162893295,0.1532469242811203,0.43567758798599243,-0.09329917281866074,0.253007709980011,0.3960880935192108,-0.02693445235490799,0.2800517976284027,0.28947713971138,-0.05808607488870621,0.2964504361152649,0.2194439023733139,-0.07736150920391083,0.30699294805526733,0.16328302025794983,-0.08680399507284164,0.20577464997768402,0.3969133198261261,-0.025323815643787384,0.19405147433280945,0.26915135979652405,-0.060544662177562714,0.19090910255908966,0.1873714029788971,-0.08124387264251709,0.1888493299484253,0.12369561195373535,-0.08778964728116989,0.16623693704605103,0.4340256154537201,-0.029783932492136955,0.14951466023921967,0.4045795798301697,-0.08385655283927917,0.1644151657819748,0.4617382884025574,-0.09834861010313034,0.17470432817935944,0.5028738975524902,-0.08963514864444733,0.13633063435554504,0.48521751165390015,-0.0369390994310379,0.1303357183933258,0.46619558334350586,-0.07819098234176636,0.14890176057815552,0.5130061507225037,-0.0803985595703125,0.1631222665309906,0.5488200187683105,-0.0696805864572525,brake
0.212148055434227,0.6726778149604797,8.786907983449055e-07,0.2513619363307953,0.6186164021492004,-0.0445694625377655,0.25031778216362,0.5362198352813721,-0.062462035566568375,0.20049817860126495,0.47511908411979675,-0.07820632308721542,0.15389439463615417,0.4280516803264618,-0.09064026921987534,0.25502172112464905,0.39404603838920593,-0.02313799224793911,0.28039315342903137,0.28887414932250977,-0.05269861966371536,0.2964431345462799,0.2195187509059906,-0.07132595777511597,0.3068076968193054,0.16492143273353577,-0.08049515634775162,0.20932671427726746,0.39598584175109863,-0.021677156910300255,0.1971026062965393,0.26961570978164673,-0.05562460422515869,0.19356128573417664,0.1893513947725296,-0.0758330374956131,0.19135282933712006,0.1265718936920166,-0.0820026770234108,0.17080678045749664,0.43415212631225586,-0.02642623893916607,0.15416871011257172,0.4017581343650818,-0.08032698184251785,0.16980917751789093,0.4618103504180908,-0.09444741904735565,0.1812950223684311,0.5038571357727051,-0.08514893054962158,0.14140033721923828,0.4864538013935089,-0.03372836858034134,0.13411378860473633,0.460062712430954,-0.07511768490076065,0.1533530205488205,0.5071030855178833,-0.07683872431516647,0.16914592683315277,0.5429182052612305,-0.06555488705635071,brake
0.2169443964958191,0.6737332344055176,8.449454753645114e-07,0.2568141520023346,0.6222009658813477,-0.04026642441749573,0.25806835293769836,0.5423654317855835,-0.05724191293120384,0.21232911944389343,0.48400235176086426,-0.0728670209646225,0.16859634220600128,0.4385659694671631,-0.08542457967996597,0.2605845332145691,0.4034850597381592,-0.02255900762975216,0.2854800224304199,0.2990056276321411,-0.051203060895204544,0.3008440136909485,0.23148468136787415,-0.06933178752660751,0.31129202246665955,0.1764136254787445,-0.0785096064209938,0.21640780568122864,0.40311557054519653,-0.022782238200306892,0.20498129725456238,0.2782457768917084,-0.055259205400943756,0.2011195719242096,0.1986028552055359,-0.07466283440589905,0.19953852891921997,0.13648071885108948,-0.08109751343727112,0.1785438358783722,0.4379667043685913,-0.028493110090494156,0.16599878668785095,0.4033740758895874,-0.07841642946004868,0.17921285331249237,0.46105316281318665,-0.09049965441226959,0.1882013976573944,0.5039374828338623,-0.08155861496925354,0.1492016315460205,0.48742449283599854,-0.03673670068383217,0.14498862624168396,0.4672955870628357,-0.07519841194152832,0.16315320134162903,0.512503981590271,-0.07634414732456207,0.1770305633544922,0.5481224060058594,-0.06555023044347763,brake
0.2140188366174698,0.6894030570983887,8.409506904172304e-07,0.254101425409317,0.6383161544799805,-0.038893651217222214,0.25353118777275085,0.5564382672309875,-0.054405227303504944,0.2053193747997284,0.5029956698417664,-0.06862311065196991,0.1633872389793396,0.4587535858154297,-0.07985220849514008,0.25789034366607666,0.41830119490623474,-0.021237585693597794,0.28383809328079224,0.3120499849319458,-0.04990904778242111,0.30022233724594116,0.2436089664697647,-0.06735697388648987,0.309693306684494,0.18959739804267883,-0.07521878927946091,0.2135082483291626,0.41872167587280273,-0.021029289811849594,0.2024036943912506,0.2935643792152405,-0.05374189093708992,0.19906625151634216,0.2144835740327835,-0.0728665441274643,0.19622273743152618,0.151638925075531,-0.0781770870089531,0.1758793443441391,0.45135122537612915,-0.026276040822267532,0.1619246006011963,0.4250355362892151,-0.07540547102689743,0.17520180344581604,0.4805501699447632,-0.08807241171598434,0.18336352705955505,0.5194262266159058,-0.07878058403730392,0.14647376537322998,0.4968816936016083,-0.033863697201013565,0.1411220133304596,0.4817824065685272,-0.06936804950237274,0.15795783698558807,0.5258861780166626,-0.06941291689872742,0.16996507346630096,0.559715747833252,-0.05777430161833763,brake
0.21686673164367676,0.7259554266929626,8.580138910474489e-07,0.2584860622882843,0.6760635375976562,-0.04464370757341385,0.2576774060726166,0.5994555354118347,-0.0645894929766655,0.2069067806005478,0.5442429780960083,-0.08177105337381363,0.1624709665775299,0.4966949224472046,-0.0954313576221466,0.2571592926979065,0.4549826383590698,-0.030564475804567337,0.28480398654937744,0.34639298915863037,-0.062023989856243134,0.3013356924057007,0.278644323348999,-0.08093038946390152,0.31116625666618347,0.22463172674179077,-0.08989998698234558,0.21220728754997253,0.45338383316993713,-0.027868187054991722,0.20013883709907532,0.3277992606163025,-0.061484213918447495,0.19675171375274658,0.25204992294311523,-0.07985783368349075,0.19423770904541016,0.19139856100082397,-0.08518505096435547,0.17502453923225403,0.4852842688560486,-0.03104369528591633,0.162703275680542,0.45345690846443176,-0.07980075478553772,0.17840208113193512,0.5067337155342102,-0.0915130227804184,0.18896791338920593,0.5445753931999207,-0.08272022753953934,0.14834007620811462,0.5318255424499512,-0.03711796551942825,0.14067110419273376,0.5128915905952454,-0.07235030084848404,0.15741446614265442,0.5530366897583008,-0.07304218411445618,0.17045742273330688,0.5837531089782715,-0.06255484372377396,brake
0.2603965699672699,0.8141530156135559,8.034988354665984e-07,0.30455130338668823,0.7724345922470093,-0.045359063893556595,0.3179185688495636,0.7083561420440674,-0.06841135770082474,0.2728663980960846,0.6592417359352112,-0.08927979320287704,0.22930042445659637,0.6151614785194397,-0.10711159557104111,0.30973339080810547,0.5624613761901855,-0.03917364031076431,0.3334837257862091,0.45488467812538147,-0.07489752769470215,0.35007601976394653,0.388033390045166,-0.09538935869932175,0.35948288440704346,0.3334868550300598,-0.10413675010204315,0.2638050615787506,0.5621138215065002,-0.03770831599831581,0.25274768471717834,0.44389450550079346,-0.07568159699440002,0.2466716468334198,0.36974310874938965,-0.09580942988395691,0.23910291492938995,0.3097640872001648,-0.10106170177459717,0.22605836391448975,0.5907332897186279,-0.04157869890332222,0.22046023607254028,0.5936901569366455,-0.09205641597509384,0.2388611137866974,0.653329610824585,-0.1024140864610672,0.2506294846534729,0.6879630088806152,-0.09157870709896088,0.1963154822587967,0.6320414543151855,-0.04874054342508316,0.19806131720542908,0.6329458951950073,-0.07985422015190125,0.2164289951324463,0.6749517321586609,-0.07650521397590637,0.22997403144836426,0.7031063437461853,-0.06332288682460785,brake
0.27303627133369446,0.8352496027946472,8.249576808339043e-07,0.3138754963874817,0.7957690358161926,-0.039019446820020676,0.32651132345199585,0.7318044304847717,-0.05815950036048889,0.2839685380458832,0.6871398091316223,-0.07569054514169693,0.24334654211997986,0.6488100290298462,-0.0902111753821373,0.318691611289978,0.5939985513687134,-0.03266841173171997,0.34445205330848694,0.492428719997406,-0.06578294932842255,0.3603478670120239,0.4282677173614502,-0.08410680294036865,0.3684435486793518,0.37662792205810547,-0.09184359014034271,0.2735399007797241,0.590199887752533,-0.0334075428545475,0.2636222839355469,0.4767988324165344,-0.07010766863822937,0.26002219319343567,0.4049086272716522,-0.08963348716497421,0.25586462020874023,0.344804048538208,-0.09421441704034805,0.2361660599708557,0.6163956522941589,-0.038856830447912216,0.23461133241653442,0.6206619143486023,-0.08705626428127289,0.2509804368019104,0.6781647205352783,-0.09714598208665848,0.26024284958839417,0.7114660739898682,-0.0866798684000969,0.20698164403438568,0.656141459941864,-0.04714227095246315,0.2128063291311264,0.668917179107666,-0.07839998602867126,0.23032957315444946,0.7104527950286865,-0.07671264559030533,0.2415934056043625,0.7349410057067871,-0.06460306793451309,brake
0.26773330569267273,0.8433700799942017,7.680730504944222e-07,0.3064579963684082,0.8047101497650146,-0.03680586814880371,0.31711533665657043,0.7439607381820679,-0.053973276168107986,0.27766546607017517,0.7050647139549255,-0.0695091113448143,0.23894265294075012,0.6716201305389404,-0.08231021463871002,0.31102806329727173,0.6186960339546204,-0.02885797806084156,0.3348846733570099,0.5241418480873108,-0.057874616235494614,0.34936296939849854,0.4639649987220764,-0.07394044101238251,0.35737016797065735,0.4149526357650757,-0.08067850023508072,0.2702721953392029,0.6153452396392822,-0.028396278619766235,0.26105883717536926,0.5124146938323975,-0.06000903621315956,0.25854817032814026,0.44537025690078735,-0.07687821239233017,0.2559712529182434,0.3896248936653137,-0.08093933016061783,0.23659394681453705,0.6391019225120544,-0.032553691416978836,0.231979101896286,0.6426790356636047,-0.07541421055793762,0.2461075782775879,0.6964492201805115,-0.0851583331823349,0.25440919399261475,0.727031409740448,-0.07625175267457962,0.2101101130247116,0.6742340326309204,-0.03949294239282608,0.21206112205982208,0.6847298741340637,-0.06777702271938324,0.22700786590576172,0.7241284847259521,-0.06699031591415405,0.23700712621212006,0.7474415302276611,-0.05672113969922066,brake
0.2648129165172577,0.8361538648605347,7.459125868081173e-07,0.30274277925491333,0.7979260087013245,-0.033801596611738205,0.3128697872161865,0.7383436560630798,-0.049115125089883804,0.27355989813804626,0.7003741264343262,-0.0633612722158432,0.23763859272003174,0.6661246418952942,-0.07492832094430923,0.3085575997829437,0.6178936958312988,-0.023975424468517303,0.33215513825416565,0.5257120132446289,-0.05123256891965866,0.34721335768699646,0.46734651923179626,-0.06635994464159012,0.35545217990875244,0.42130807042121887,-0.07249724864959717,0.26871246099472046,0.615042507648468,-0.02470826543867588,0.2594066262245178,0.5113544464111328,-0.05418115481734276,0.25663959980010986,0.44562530517578125,-0.07034992426633835,0.25358888506889343,0.3925044536590576,-0.07401923835277557,0.2356429398059845,0.6386075615882874,-0.030024690553545952,0.2308543622493744,0.6393418312072754,-0.07090961188077927,0.2448626011610031,0.6902255415916443,-0.08066050708293915,0.2531871497631073,0.7192730903625488,-0.07217138260602951,0.20918095111846924,0.6740038394927979,-0.03784392029047012,0.21047493815422058,0.6813688278198242,-0.06458389014005661,0.22519800066947937,0.7192527651786804,-0.0633401870727539,0.23532991111278534,0.7420143485069275,-0.052997227758169174,brake
0.2546260356903076,0.8433441519737244,7.780116675348836e-07,0.2907058894634247,0.8054186105728149,-0.03642643243074417,0.298689603805542,0.7465337514877319,-0.05378153547644615,0.2580954432487488,0.7099154591560364,-0.06931887567043304,0.2207104116678238,0.6756072044372559,-0.08209766447544098,0.2935645580291748,0.6257933974266052,-0.02914383076131344,0.31674689054489136,0.5322953462600708,-0.05849653109908104,0.33272239565849304,0.47367799282073975,-0.07470040023326874,0.3417902886867523,0.4270436763763428,-0.08128293603658676,0.254310667514801,0.6236135363578796,-0.02845771238207817,0.24401973187923431,0.5210996866226196,-0.06023194640874863,0.24023883044719696,0.4562304615974426,-0.07718513160943985,0.2357553392648697,0.40124231576919556,-0.08106327801942825,0.22212529182434082,0.6474871039390564,-0.03231876716017723,0.21431222558021545,0.6521471738815308,-0.07512640953063965,0.22839954495429993,0.7051429748535156,-0.08429943025112152,0.2376375049352646,0.7326862215995789,-0.07483851164579391,0.19738085567951202,0.6823128461837769,-0.038744546473026276,0.19573450088500977,0.6881429553031921,-0.06605642288923264,0.21090485155582428,0.7270605564117432,-0.0637565404176712,0.22245851159095764,0.7485889196395874,-0.052391503006219864,brake
0.24579954147338867,0.8459445238113403,7.883342050263309e-07,0.2814140021800995,0.8104045391082764,-0.03996549919247627,0.2890811860561371,0.7513709664344788,-0.058910585939884186,0.2464035451412201,0.7116601467132568,-0.07533102482557297,0.20675945281982422,0.6770905256271362,-0.08888168632984161,0.2835737466812134,0.6272193789482117,-0.03305414319038391,0.30552712082862854,0.5334905982017517,-0.06361425668001175,0.32030683755874634,0.47420477867126465,-0.08035232871770859,0.3288787007331848,0.4264264702796936,-0.08732658624649048,0.2427014261484146,0.6254960298538208,-0.031206414103507996,0.23021677136421204,0.5225348472595215,-0.06432834267616272,0.22507841885089874,0.4574064612388611,-0.08138477057218552,0.220212921500206,0.40384727716445923,-0.08502507954835892,0.21030831336975098,0.6501208543777466,-0.034237612038850784,0.2043781578540802,0.6580825448036194,-0.07922617346048355,0.21983906626701355,0.711524486541748,-0.08914605528116226,0.2298545241355896,0.7419227361679077,-0.07957466691732407,0.18573802709579468,0.6857926249504089,-0.040140509605407715,0.18718881905078888,0.695844292640686,-0.06974395364522934,0.20316433906555176,0.7363929748535156,-0.06890562176704407,0.21448110044002533,0.7609418034553528,-0.058100584894418716,brake
0.24504059553146362,0.8465086221694946,8.021038411243353e-07,0.28074389696121216,0.8095254302024841,-0.03849036619067192,0.2873585820198059,0.7505177855491638,-0.05689804628491402,0.24623122811317444,0.7121294736862183,-0.07323591411113739,0.20655806362628937,0.6790162324905396,-0.08681372553110123,0.28250959515571594,0.6262516975402832,-0.032317329198122025,0.30387353897094727,0.5321056842803955,-0.06300038844347,0.3184281587600708,0.4727124571800232,-0.07979593425989151,0.32655447721481323,0.4242400527000427,-0.0867127850651741,0.24212075769901276,0.6236317157745361,-0.031062576919794083,0.23078052699565887,0.5217243432998657,-0.06434733420610428,0.22427555918693542,0.4542461633682251,-0.08175558596849442,0.21792447566986084,0.3999474346637726,-0.08561825752258301,0.20956109464168549,0.6475988626480103,-0.034522999078035355,0.20344580709934235,0.6597962975502014,-0.07937107980251312,0.21861688792705536,0.7135611772537231,-0.08993952721357346,0.22902755439281464,0.7464637756347656,-0.0807463601231575,0.1847899705171585,0.6829947829246521,-0.04083898663520813,0.1868681013584137,0.7001638412475586,-0.07124724239110947,0.2039078176021576,0.7423005700111389,-0.07153914868831635,0.21639341115951538,0.7695037126541138,-0.0612371563911438,brake
0.2447066456079483,0.8465338945388794,8.039880299293145e-07,0.280799925327301,0.8072376251220703,-0.039434030652046204,0.286187082529068,0.746541440486908,-0.05727605149149895,0.24365662038326263,0.71099454164505,-0.0727616548538208,0.20413650572299957,0.6778721809387207,-0.08533322811126709,0.27933481335639954,0.6224654316902161,-0.030229592695832253,0.3012256622314453,0.5279286503791809,-0.05962692201137543,0.3158741593360901,0.4675005078315735,-0.0759177953004837,0.3236059248447418,0.4188442826271057,-0.0828353688120842,0.2391597032546997,0.6216621994972229,-0.02850806526839733,0.22634904086589813,0.5173562169075012,-0.060214195400476456,0.2207459807395935,0.4514947235584259,-0.07695776224136353,0.21488793194293976,0.39661428332328796,-0.08072701096534729,0.20713725686073303,0.6478672027587891,-0.031891122460365295,0.1988373100757599,0.6526466012001038,-0.07591003179550171,0.2138393223285675,0.7049844264984131,-0.0866435170173645,0.22344599664211273,0.7325745224952698,-0.07801023125648499,0.18274275958538055,0.6846967339515686,-0.03811870142817497,0.18166187405586243,0.6929009556770325,-0.06733047962188721,0.1977159082889557,0.7317388653755188,-0.06727122515439987,0.20944522321224213,0.7531102299690247,-0.05742545798420906,brake
0.24646003544330597,0.8483037948608398,7.724286206212128e-07,0.2818503677845001,0.8121854662895203,-0.04005803167819977,0.28847017884254456,0.7554863095283508,-0.059966105967760086,0.24749691784381866,0.7159823179244995,-0.07749542593955994,0.20824065804481506,0.6799119114875793,-0.09212911128997803,0.28286731243133545,0.6262572407722473,-0.03461318463087082,0.30398255586624146,0.5330721735954285,-0.06557311862707138,0.3181690275669098,0.47425153851509094,-0.08300694078207016,0.3270239531993866,0.42678284645080566,-0.0906015932559967,0.2424255609512329,0.6246058940887451,-0.032828785479068756,0.22960810363292694,0.5239737033843994,-0.06620658934116364,0.22321540117263794,0.45694124698638916,-0.08410611748695374,0.21796868741512299,0.4009690284729004,-0.08896735310554504,0.2096201628446579,0.6501272916793823,-0.035753801465034485,0.20397643744945526,0.6548629999160767,-0.07997598499059677,0.21833932399749756,0.7071662545204163,-0.08980742841959,0.2274910807609558,0.7380474209785461,-0.08098308742046356,0.1849518120288849,0.6871975064277649,-0.041617441922426224,0.18570539355278015,0.6953606605529785,-0.07104123383760452,0.20135414600372314,0.7335129380226135,-0.07026869803667068,0.2122751623392105,0.7576538920402527,-0.05986783653497696,brake
0.2562079131603241,0.8579837679862976,7.601539095958287e-07,0.29450899362564087,0.8206409215927124,-0.03497311845421791,0.3046815097332001,0.7628077864646912,-0.05196691304445267,0.26402512192726135,0.724105715751648,-0.06749746948480606,0.2247563898563385,0.6929363012313843,-0.0803259015083313,0.29936718940734863,0.6410272121429443,-0.02811930887401104,0.32277101278305054,0.5465087890625,-0.0568862222135067,0.33800065517425537,0.48710328340530396,-0.07268714159727097,0.34621909260749817,0.4402925670146942,-0.07903324067592621,0.2587553858757019,0.6380913853645325,-0.028143752366304398,0.2480696439743042,0.5345385074615479,-0.059408798813819885,0.2441665083169937,0.46775293350219727,-0.07615601271390915,0.23961453139781952,0.4130766689777374,-0.07993820309638977,0.22536122798919678,0.6612018346786499,-0.0325508676469326,0.2211778610944748,0.6656589508056641,-0.07433043420314789,0.23594093322753906,0.7175347208976746,-0.08367079496383667,0.24490860104560852,0.7476533055305481,-0.07445722818374634,0.1994650661945343,0.6960010528564453,-0.03949691355228424,0.20204046368598938,0.7017045617103577,-0.06536552309989929,0.2169153094291687,0.7390184998512268,-0.06303393095731735,0.2272871732711792,0.762616753578186,-0.05181517452001572,brake
0.28078898787498474,0.8653630614280701,7.419934036079212e-07,0.31999585032463074,0.832314670085907,-0.03465196490287781,0.3341512382030487,0.7760884761810303,-0.05096564069390297,0.29566681385040283,0.7375882863998413,-0.06587955355644226,0.2585740089416504,0.704734742641449,-0.07802630215883255,0.32949844002723694,0.6563525199890137,-0.028280148282647133,0.3552829325199127,0.5631576776504517,-0.05708669498562813,0.37179648876190186,0.5043337345123291,-0.07245391607284546,0.38008028268814087,0.4582483768463135,-0.07847849279642105,0.28792592883110046,0.6513590216636658,-0.02883632853627205,0.2788618206977844,0.5491166114807129,-0.06059974431991577,0.2760861814022064,0.48523032665252686,-0.07708282023668289,0.2718316316604614,0.4316638112068176,-0.08047163486480713,0.2527150511741638,0.6724117398262024,-0.033805396407842636,0.24999776482582092,0.6796000003814697,-0.07593608647584915,0.2651125490665436,0.7332813143730164,-0.08439738303422928,0.27428215742111206,0.7612175345420837,-0.07461457699537277,0.22418737411499023,0.7058624029159546,-0.041301872581243515,0.22776807844638824,0.7109285593032837,-0.06656452268362045,0.24297353625297546,0.7463799715042114,-0.06329075992107391,0.2537297010421753,0.7668653726577759,-0.05171533674001694,brake
0.34367454051971436,0.8926523327827454,7.662773100491904e-07,0.38577619194984436,0.8591722249984741,-0.033954083919525146,0.4060797691345215,0.8037681579589844,-0.051305193454027176,0.3741050660610199,0.7636148929595947,-0.06771071255207062,0.3400897681713104,0.7284176349639893,-0.08160115033388138,0.39595460891723633,0.678856611251831,-0.032154422253370285,0.4228847026824951,0.5832281708717346,-0.06360585987567902,0.4392523765563965,0.5243950486183167,-0.0795413926243782,0.44733503460884094,0.4752391576766968,-0.08503768593072891,0.35376518964767456,0.6732355356216431,-0.03391313925385475,0.35502728819847107,0.5684818625450134,-0.06848416477441788,0.35424286127090454,0.501200258731842,-0.08569265902042389,0.34943699836730957,0.44398167729377747,-0.08827660977840424,0.31692051887512207,0.6930602192878723,-0.0395636186003685,0.32413604855537415,0.7075624465942383,-0.08414565026760101,0.34007975459098816,0.762843906879425,-0.09298832714557648,0.34889429807662964,0.7900140285491943,-0.0822843387722969,0.2858143746852875,0.7247695326805115,-0.04751703515648842,0.3005009591579437,0.7465459704399109,-0.07325351983308792,0.3162018954753876,0.7876510620117188,-0.06935004144906998,0.32495275139808655,0.8069795370101929,-0.056582871824502945,brake
0.3750658929347992,0.9223997592926025,7.486924005206674e-07,0.41694557666778564,0.8841449022293091,-0.028114095330238342,0.4383511543273926,0.8264948725700378,-0.04347432032227516,0.40797853469848633,0.7845198512077332,-0.059086572378873825,0.3738749027252197,0.7521867156028748,-0.07234114408493042,0.42497900128364563,0.7017490267753601,-0.030389079824090004,0.4505106210708618,0.6028234362602234,-0.061132755130529404,0.4670737385749817,0.5434948205947876,-0.07573363184928894,0.474597692489624,0.49406152963638306,-0.08008206635713577,0.3797672688961029,0.6981861591339111,-0.034636642783880234,0.38132715225219727,0.594188928604126,-0.06807248294353485,0.3817962408065796,0.5266740918159485,-0.0838005319237709,0.3769148290157318,0.47164225578308105,-0.08540945500135422,0.34161147475242615,0.7194133996963501,-0.04211408644914627,0.3583243787288666,0.7377732396125793,-0.0839686244726181,0.3771539628505707,0.7881356477737427,-0.09279996901750565,0.3864624500274658,0.8154768347740173,-0.0829385295510292,0.3118116855621338,0.7545565962791443,-0.051669858396053314,0.33905917406082153,0.7878408432006836,-0.07547733187675476,0.3593349754810333,0.8265127539634705,-0.07282651215791702,0.3698282837867737,0.8455884456634521,-0.061227697879076004,brake
0.42257335782051086,0.9443987607955933,6.593534749299579e-07,0.4748528003692627,0.9068760275840759,-0.021778812631964684,0.5043707489967346,0.8576501607894897,-0.03464997187256813,0.48091205954551697,0.822812020778656,-0.04919229447841644,0.4489642083644867,0.7985960841178894,-0.06267016381025314,0.4864761233329773,0.7336328029632568,-0.026637595146894455,0.5146342515945435,0.6329573392868042,-0.05393547937273979,0.5281742811203003,0.5741243958473206,-0.06808632612228394,0.5333107709884644,0.5233030319213867,-0.07382650673389435,0.4403097629547119,0.7302327752113342,-0.03416317328810692,0.4415104389190674,0.6218758225440979,-0.0643693134188652,0.4450314939022064,0.5530742406845093,-0.08226850628852844,0.443326860666275,0.49893128871917725,-0.08793560415506363,0.3998326063156128,0.7508253455162048,-0.04379644617438316,0.41868969798088074,0.7476662397384644,-0.08232661336660385,0.44405317306518555,0.7778973579406738,-0.09474985301494598,0.4573913812637329,0.8004665374755859,-0.09037482738494873,0.3677736520767212,0.7865551114082336,-0.0547671876847744,0.3984490931034088,0.8013471961021423,-0.07828059792518616,0.4234025478363037,0.8284164667129517,-0.07761726528406143,0.43787622451782227,0.8499016165733337,-0.06924670189619064,brake
0.4432242214679718,0.9439917802810669,7.781954423080606e-07,0.5018196105957031,0.9169728755950928,-0.02887492999434471,0.5398317575454712,0.871592104434967,-0.045189838856458664,0.5230569243431091,0.841933012008667,-0.062351878732442856,0.49100828170776367,0.8173355460166931,-0.07779794931411743,0.523912250995636,0.7318462133407593,-0.02954370342195034,0.5576727986335754,0.6260973811149597,-0.059744298458099365,0.5767128467559814,0.56580650806427,-0.0749133974313736,0.5880005359649658,0.5159352421760559,-0.08078145980834961,0.4781557321548462,0.7248773574829102,-0.03481186926364899,0.47955217957496643,0.6132104396820068,-0.06846345216035843,0.4844886064529419,0.5420689582824707,-0.0873757153749466,0.48525965213775635,0.48545536398887634,-0.0927671268582344,0.43743062019348145,0.743337094783783,-0.04350343719124794,0.44731780886650085,0.7406737804412842,-0.08638004213571548,0.4637584984302521,0.7818223237991333,-0.09928446263074875,0.4726538062095642,0.8073353171348572,-0.09409371763467789,0.40534427762031555,0.7798973321914673,-0.0540703609585762,0.4273949861526489,0.8047471046447754,-0.08070869743824005,0.44835638999938965,0.8383397459983826,-0.0815863087773323,0.46172821521759033,0.8575835824012756,-0.0738602802157402,brake
0.4697100520133972,0.9343751072883606,3.286878893504763e-07,0.4614229202270508,0.8620059490203857,-0.027676600962877274,0.4761093854904175,0.799002468585968,-0.045017316937446594,0.513968288898468,0.7808576822280884,-0.06140938773751259,0.5443903207778931,0.7637850046157837,-0.07711444795131683,0.5324690341949463,0.6880680322647095,-0.03515032306313515,0.5660439133644104,0.5862203240394592,-0.06055835261940956,0.5753493905067444,0.5187020897865295,-0.07823609560728073,0.5807821154594421,0.46281692385673523,-0.09083142876625061,0.5459399223327637,0.7146901488304138,-0.04120055213570595,0.5541531443595886,0.595049262046814,-0.0643431693315506,0.5481130480766296,0.5220422744750977,-0.08117521554231644,0.5410521030426025,0.46573522686958313,-0.09225526452064514,0.5520492792129517,0.76630038022995,-0.05008276551961899,0.5543085932731628,0.7002978920936584,-0.0793648213148117,0.5445609092712402,0.6880039572715759,-0.09120292216539383,0.5384426116943359,0.6818167567253113,-0.09616030752658844,0.5536215901374817,0.834647536277771,-0.06112883239984512,0.540744960308075,0.8172911405563354,-0.08748798072338104,0.5243067145347595,0.8206716179847717,-0.09205001592636108,0.513809859752655,0.8282791376113892,-0.09180407971143723,brake
0.540687620639801,0.8972032070159912,9.354700409858197e-07,0.6046068668365479,0.867842435836792,-0.032667823135852814,0.6449883580207825,0.8141645193099976,-0.05237981304526329,0.6277452111244202,0.7737833261489868,-0.07338114082813263,0.5949863791465759,0.7339048385620117,-0.09289287775754929,0.6228262186050415,0.6451205611228943,-0.03461756184697151,0.6585716009140015,0.533133327960968,-0.07115475088357925,0.6788103580474854,0.4669418931007385,-0.09090516716241837,0.6908555030822754,0.40909668803215027,-0.09891801327466965,0.5700746774673462,0.6358699202537537,-0.04119367524981499,0.5798870921134949,0.5135581493377686,-0.08257400989532471,0.587786853313446,0.43348655104637146,-0.10664239525794983,0.5913680791854858,0.3691578507423401,-0.11397597938776016,0.5213322043418884,0.6543842554092407,-0.051321983337402344,0.5360269546508789,0.6507024765014648,-0.10800869017839432,0.556751549243927,0.7129263281822205,-0.12507712841033936,0.5687034726142883,0.758455216884613,-0.1181829422712326,0.4797319173812866,0.6956133842468262,-0.06288640201091766,0.5058712959289551,0.7198143005371094,-0.10206513851881027,0.5342320203781128,0.7728808522224426,-0.10497447848320007,0.5543140172958374,0.8112806081771851,-0.09485351294279099,brake
0.536461591720581,0.8659778833389282,1.0553216043263092e-06,0.6094396114349365,0.8352237343788147,-0.03882789984345436,0.6533489227294922,0.7795961499214172,-0.0647110641002655,0.6351397037506104,0.7294664978981018,-0.09096778184175491,0.6000819802284241,0.6798933744430542,-0.11563776433467865,0.6271292567253113,0.6057394742965698,-0.04787173494696617,0.6705102920532227,0.4894818067550659,-0.09317421913146973,0.6931179761886597,0.41983211040496826,-0.11857996881008148,0.7079945206642151,0.35951194167137146,-0.13052533566951752,0.571223795413971,0.5932492017745972,-0.05495152249932289,0.5832980275154114,0.46540117263793945,-0.10551553964614868,0.5940504670143127,0.38250550627708435,-0.1333409547805786,0.6014884114265442,0.3140200674533844,-0.1429373174905777,0.5190947651863098,0.6132702231407166,-0.06572288274765015,0.5224670171737671,0.6004750728607178,-0.1284056305885315,0.5494534969329834,0.6665915846824646,-0.14210964739322662,0.5708792805671692,0.7139201760292053,-0.13296298682689667,0.474249005317688,0.6596823334693909,-0.07844794541597366,0.4845133423805237,0.676616370677948,-0.12070569396018982,0.5111541152000427,0.7286338806152344,-0.1203082948923111,0.5343250036239624,0.7636480331420898,-0.10780271887779236,brake
0.5599173903465271,0.8511430621147156,1.224239213115652e-06,0.627926230430603,0.8150103092193604,-0.035789694637060165,0.6717365384101868,0.7583205699920654,-0.06237943097949028,0.6586428284645081,0.709477424621582,-0.09077245742082596,0.6198416948318481,0.6644642949104309,-0.1161256805062294,0.6435484886169434,0.5731151700019836,-0.04737211391329765,0.6845465302467346,0.4419216513633728,-0.0936552882194519,0.708218514919281,0.36444127559661865,-0.11683972179889679,0.7193525433540344,0.2960904836654663,-0.12627282738685608,0.5818876624107361,0.5587929487228394,-0.058268945664167404,0.5950284004211426,0.4142799377441406,-0.10963327437639236,0.6053406000137329,0.31985604763031006,-0.13549883663654327,0.604118287563324,0.23982447385787964,-0.1418548971414566,0.5242509245872498,0.5829976797103882,-0.07284115999937057,0.5608950853347778,0.5994226932525635,-0.1351586878299713,0.5818431973457336,0.6658288836479187,-0.14773349463939667,0.5872476696968079,0.6991115808486938,-0.13588419556617737,0.4769033193588257,0.6320186257362366,-0.08978873491287231,0.5279009938240051,0.6745096445083618,-0.12682640552520752,0.555510938167572,0.7217712998390198,-0.12466207146644592,0.5664401650428772,0.7403936982154846,-0.11087781190872192,brake
0.5545791983604431,0.8514031767845154,1.2469866987885325e-06,0.6304731369018555,0.8071037530899048,-0.043322741985321045,0.6813719868659973,0.7350178956985474,-0.07221078127622604,0.6569111347198486,0.6800744533538818,-0.10135407745838165,0.6129224300384521,0.6279094815254211,-0.127461776137352,0.6500373482704163,0.5344645380973816,-0.053094539791345596,0.6955227255821228,0.3974124491214752,-0.10354824364185333,0.7219018936157227,0.31680527329444885,-0.1289106160402298,0.7368531227111816,0.24882107973098755,-0.14005593955516815,0.5792650580406189,0.5270767211914062,-0.06395755708217621,0.5912649631500244,0.3658153712749481,-0.1229204311966896,0.6051404476165771,0.2686111629009247,-0.15385080873966217,0.6081123352050781,0.18713679909706116,-0.16276197135448456,0.5154371857643127,0.5590776801109314,-0.07930540293455124,0.547787606716156,0.568060040473938,-0.1518179476261139,0.5814979672431946,0.6352108120918274,-0.16946902871131897,0.5973347425460815,0.6644320487976074,-0.16006676852703094,0.4633651077747345,0.6177539229393005,-0.0969415009021759,0.5136525630950928,0.6659374237060547,-0.14214079082012177,0.5471898913383484,0.7186540365219116,-0.14283068478107452,0.563173234462738,0.7347110509872437,-0.13092434406280518,brake
0.5487427711486816,0.8896857500076294,1.3892632750867051e-06,0.6366352438926697,0.8429872989654541,-0.05497671663761139,0.6968336701393127,0.7612785696983337,-0.08873856067657471,0.6675450205802917,0.699089765548706,-0.12136940658092499,0.6179370284080505,0.639805793762207,-0.1502944529056549,0.6602331399917603,0.5318242311477661,-0.06416774541139603,0.7156841158866882,0.36849117279052734,-0.12292343378067017,0.7451052665710449,0.26889002323150635,-0.15305370092391968,0.760766327381134,0.18464896082878113,-0.1657707840204239,0.5868775248527527,0.5226982235908508,-0.07345234602689743,0.5959604978561401,0.33253976702690125,-0.14058955013751984,0.6071255803108215,0.2128431797027588,-0.17618754506111145,0.6087287664413452,0.1081148087978363,-0.18609978258609772,0.5212218165397644,0.5586631894111633,-0.08834811300039291,0.5487634539604187,0.5701802968978882,-0.17127130925655365,0.580971896648407,0.6409657001495361,-0.1906026303768158,0.5963442921638489,0.6688453555107117,-0.1778530329465866,0.46824437379837036,0.6232624053955078,-0.10643727332353592,0.5092655420303345,0.6556161642074585,-0.15619859099388123,0.5431616902351379,0.7039974331855774,-0.15361852943897247,0.5601357221603394,0.7197819352149963,-0.13701318204402924,brake
0.5362550020217896,0.9245907068252563,1.3308923598742695e-06,0.62107253074646,0.8829963207244873,-0.057575538754463196,0.6875929236412048,0.8010016679763794,-0.09100983291864395,0.654691755771637,0.729395866394043,-0.1227683424949646,0.5935153961181641,0.6696218252182007,-0.1516091525554657,0.6559441685676575,0.5430091023445129,-0.06626231223344803,0.7071384191513062,0.3720470070838928,-0.12256839126348495,0.7353015542030334,0.26766663789749146,-0.1524321585893631,0.7484599351882935,0.1760781705379486,-0.16667191684246063,0.5719353556632996,0.5259383916854858,-0.07582177966833115,0.5787239074707031,0.33079034090042114,-0.13944369554519653,0.5852320790290833,0.2021734118461609,-0.17669445276260376,0.5816724896430969,0.09302124381065369,-0.19015374779701233,0.4997047781944275,0.5623360872268677,-0.09103873372077942,0.533226490020752,0.5621711015701294,-0.1712578386068344,0.5620168447494507,0.6077412366867065,-0.20153386890888214,0.5713495016098022,0.6183698177337646,-0.20011387765407562,0.4427781403064728,0.6330131888389587,-0.10959188640117645,0.49721527099609375,0.6790295839309692,-0.16430705785751343,0.5353384613990784,0.7350684404373169,-0.17253534495830536,0.5543447732925415,0.7554253339767456,-0.16474884748458862,brake
0.4433813691139221,0.9221996068954468,8.934775337365863e-07,0.4080199599266052,0.7959750890731812,-0.029546979814767838,0.40534982085227966,0.6675071120262146,-0.05796544626355171,0.44616520404815674,0.6194489598274231,-0.09152787923812866,0.49934953451156616,0.5848069190979004,-0.1253870725631714,0.5288638472557068,0.5177028179168701,-0.051780831068754196,0.5571501851081848,0.3393324017524719,-0.09937536716461182,0.5665450096130371,0.23039305210113525,-0.1257971227169037,0.5705353021621704,0.1381697654724121,-0.1395537108182907,0.5688621997833252,0.5569556355476379,-0.07456832379102707,0.5826026201248169,0.35081714391708374,-0.12352409958839417,0.5677991509437561,0.22617107629776,-0.15152207016944885,0.5514645576477051,0.12323790788650513,-0.16270603239536285,0.5934531688690186,0.6327794790267944,-0.10037102550268173,0.5454444885253906,0.5756435990333557,-0.1625528633594513,0.49987825751304626,0.6327742338180542,-0.1748325079679489,0.4827379584312439,0.6674162149429321,-0.16482877731323242,0.5984910130500793,0.7287489175796509,-0.1277722716331482,0.5315210819244385,0.6929593086242676,-0.16603752970695496,0.48694247007369995,0.7285794615745544,-0.15793097019195557,0.47275614738464355,0.7530063986778259,-0.14150463044643402,brake
0.35870036482810974,0.9057889580726624,7.219193776109023e-07,0.3251020312309265,0.7854300141334534,-0.023904036730527878,0.33184704184532166,0.681413471698761,-0.049116719514131546,0.36905598640441895,0.6550076007843018,-0.08028601855039597,0.3925435543060303,0.6134551763534546,-0.11052867025136948,0.4168236553668976,0.5118167400360107,-0.04535714536905289,0.4189571142196655,0.33954837918281555,-0.09711550921201706,0.4130639135837555,0.22887519001960754,-0.12579445540905,0.403475284576416,0.13361912965774536,-0.1403627246618271,0.4757660925388336,0.5551505088806152,-0.06777304410934448,0.5245787501335144,0.37905651330947876,-0.11950166523456573,0.5481162667274475,0.25991547107696533,-0.1482648402452469,0.5632094740867615,0.15767902135849,-0.15953543782234192,0.5077714323997498,0.6381412744522095,-0.09392792731523514,0.4758022427558899,0.5868066549301147,-0.15633437037467957,0.43285074830055237,0.6375617980957031,-0.17089302837848663,0.4064454436302185,0.6704187393188477,-0.16310597956180573,0.5227494239807129,0.7426667213439941,-0.1213928610086441,0.4653266370296478,0.718899130821228,-0.162047877907753,0.40873727202415466,0.7163644433021545,-0.1614341288805008,0.3701096773147583,0.7057204842567444,-0.1506023406982422,brake
0.27372080087661743,0.948712170124054,1.3028227385802893e-06,0.3394508361816406,0.8957768082618713,-0.0595693439245224,0.3642864525318146,0.8068990111351013,-0.08750298619270325,0.2870023548603058,0.7533812522888184,-0.11341183632612228,0.21606391668319702,0.7137255668640137,-0.13563549518585205,0.34327611327171326,0.5902876257896423,-0.05112294480204582,0.3815228343009949,0.4218311309814453,-0.10314018279314041,0.40828800201416016,0.3178909420967102,-0.13028067350387573,0.42005255818367004,0.2310415506362915,-0.14067545533180237,0.2711385190486908,0.5845404863357544,-0.05224868282675743,0.24657592177391052,0.4047822952270508,-0.1080285832285881,0.2339964509010315,0.2944924533367157,-0.13853728771209717,0.21874989569187164,0.20040017366409302,-0.14563272893428802,0.21319670975208282,0.6254827380180359,-0.06031230837106705,0.20055897533893585,0.6499196887016296,-0.1346898376941681,0.22874833643436432,0.7381435036659241,-0.15144915878772736,0.24832496047019958,0.783821165561676,-0.13474875688552856,0.16870194673538208,0.6903209686279297,-0.07224667072296143,0.16952933371067047,0.7161018252372742,-0.1155298724770546,0.19821137189865112,0.7736199498176575,-0.10962531715631485,0.2178216576576233,0.8058559894561768,-0.08865178376436234,brake
0.2719653248786926,0.9550366401672363,1.4120796549832448e-06,0.3295244872570038,0.9079042077064514,-0.06952662765979767,0.3450130522251129,0.813270092010498,-0.10389788448810577,0.264783650636673,0.7579821348190308,-0.13388226926326752,0.18641553819179535,0.7134690284729004,-0.15913733839988708,0.3214929699897766,0.5928436517715454,-0.058085307478904724,0.3562307357788086,0.42807167768478394,-0.11247462779283524,0.37637773156166077,0.3240288197994232,-0.14153730869293213,0.3860301971435547,0.2383979856967926,-0.15396595001220703,0.25130581855773926,0.5943005084991455,-0.056282754987478256,0.21953743696212769,0.4152270555496216,-0.11839979141950607,0.20555981993675232,0.3000481426715851,-0.15139874815940857,0.19168925285339355,0.1985536813735962,-0.1594531238079071,0.19719500839710236,0.6396766304969788,-0.062459103763103485,0.18849143385887146,0.6572398543357849,-0.1455286741256714,0.21694055199623108,0.747809648513794,-0.162785142660141,0.23335000872612,0.7931481003761292,-0.14505457878112793,0.15855666995048523,0.7040737867355347,-0.07322882115840912,0.1630859673023224,0.7267134189605713,-0.12699568271636963,0.19608074426651,0.7930763363838196,-0.12403826415538788,0.21885621547698975,0.8267999291419983,-0.10375010222196579,brake
0.26596203446388245,0.9563456773757935,1.425724462933431e-06,0.3254890441894531,0.9069754481315613,-0.06955312192440033,0.33894944190979004,0.8098453283309937,-0.10277218371629715,0.26119738817214966,0.7499252557754517,-0.13149969279766083,0.18564090132713318,0.7019149661064148,-0.15537400543689728,0.3157821595668793,0.591425359249115,-0.05765301361680031,0.35326024889945984,0.4277193546295166,-0.11276513338088989,0.3753783106803894,0.32372909784317017,-0.14200074970722198,0.3858027160167694,0.2389255166053772,-0.1543668806552887,0.24423643946647644,0.5906057953834534,-0.055508751422166824,0.21685054898262024,0.4128231406211853,-0.11787056922912598,0.20401956140995026,0.2982329726219177,-0.1508348137140274,0.1901441216468811,0.198108971118927,-0.15861400961875916,0.19005629420280457,0.6357002258300781,-0.06142422556877136,0.1774926483631134,0.6529480814933777,-0.14425384998321533,0.2069428712129593,0.7424103021621704,-0.16252990067005157,0.22464260458946228,0.7884750366210938,-0.1456124484539032,0.15271443128585815,0.7009785771369934,-0.07194580137729645,0.15723654627799988,0.7309995293617249,-0.12667329609394073,0.1895579695701599,0.795870840549469,-0.12588904798030853,0.21061623096466064,0.8286057114601135,-0.10690465569496155,brake
0.26756998896598816,0.9518049955368042,1.3634283959618188e-06,0.3244771957397461,0.9017647504806519,-0.06870493292808533,0.3367645740509033,0.8066020607948303,-0.10162875056266785,0.25833210349082947,0.7469988465309143,-0.13003912568092346,0.18413953483104706,0.6983343958854675,-0.15334054827690125,0.3175828456878662,0.5891125202178955,-0.056025780737400055,0.35396844148635864,0.42537009716033936,-0.10873770713806152,0.3749246299266815,0.32267287373542786,-0.13683411478996277,0.38473039865493774,0.23854056000709534,-0.14886251091957092,0.24869881570339203,0.5888633131980896,-0.053173672407865524,0.21713316440582275,0.4125097393989563,-0.11330316215753555,0.20363271236419678,0.2995619475841522,-0.14499154686927795,0.1906995177268982,0.2002798318862915,-0.15282875299453735,0.19539937376976013,0.6332895159721375,-0.0581924133002758,0.18299344182014465,0.6470195651054382,-0.13706982135772705,0.20953822135925293,0.7322733998298645,-0.15328268706798553,0.22519060969352722,0.7756738662719727,-0.136480912566185,0.1573317050933838,0.697163462638855,-0.06794700026512146,0.1590060591697693,0.7202461361885071,-0.11899005621671677,0.18802952766418457,0.7818425893783569,-0.1163235530257225,0.20735813677310944,0.8125268220901489,-0.09711798280477524,brake
0.27072688937187195,0.9401061534881592,1.2834727840527194e-06,0.3310210406780243,0.887215793132782,-0.06617485731840134,0.3454970717430115,0.7924600839614868,-0.09635604172945023,0.2717970013618469,0.7345007061958313,-0.12261979281902313,0.2025226652622223,0.6845176219940186,-0.1440364122390747,0.3244648575782776,0.5801608562469482,-0.05211692675948143,0.35868117213249207,0.4187355041503906,-0.10227891057729721,0.3799901008605957,0.3177257478237152,-0.12903885543346405,0.3907341957092285,0.23583465814590454,-0.1403317004442215,0.25865688920021057,0.5785512924194336,-0.04993731528520584,0.2277899980545044,0.4037412106990814,-0.10608429461717606,0.2145100235939026,0.2945505976676941,-0.1367153376340866,0.2022678256034851,0.20168444514274597,-0.14448384940624237,0.20725364983081818,0.6222267746925354,-0.05560878664255142,0.19537222385406494,0.6349568367004395,-0.1311543583869934,0.22028139233589172,0.7197856307029724,-0.14828839898109436,0.23549304902553558,0.7614727020263672,-0.13296952843666077,0.16966873407363892,0.6852548718452454,-0.0658876970410347,0.16804997622966766,0.7032068967819214,-0.11503694951534271,0.19620931148529053,0.7645972967147827,-0.11308933794498444,0.21726948022842407,0.7949830293655396,-0.09497485309839249,brake
0.2788628935813904,0.9204684495925903,1.2318987501203083e-06,0.33695828914642334,0.866183876991272,-0.061716336756944656,0.35007527470588684,0.7724611759185791,-0.08950851112604141,0.2797160744667053,0.7146244645118713,-0.11396224051713943,0.21225979924201965,0.6690395474433899,-0.13391739130020142,0.33075276017189026,0.5713661313056946,-0.046021103858947754,0.36503028869628906,0.41894882917404175,-0.09210524708032608,0.38626325130462646,0.3228013813495636,-0.11676780134439468,0.3969130516052246,0.24603748321533203,-0.1269569993019104,0.2678004801273346,0.5703681707382202,-0.043971896171569824,0.24079178273677826,0.40528619289398193,-0.09561266005039215,0.23042193055152893,0.3011622428894043,-0.12365493178367615,0.2205018252134323,0.21433809399604797,-0.1303921490907669,0.21848490834236145,0.6130827069282532,-0.049530934542417526,0.20531153678894043,0.6230000257492065,-0.12087643146514893,0.2298843115568161,0.7049255967140198,-0.1375955492258072,0.24569222331047058,0.7492160201072693,-0.12300100922584534,0.18261276185512543,0.6740147471427917,-0.059308186173439026,0.17972111701965332,0.6856502294540405,-0.1064421609044075,0.20771503448486328,0.7453567981719971,-0.10500063002109528,0.22902289032936096,0.7790803909301758,-0.08770141005516052,brake
0.29845836758613586,0.8854628205299377,9.078808034246322e-07,0.351444274187088,0.8339841365814209,-0.04557633772492409,0.3621664345264435,0.7644491791725159,-0.0681413933634758,0.30879154801368713,0.7181875705718994,-0.08942601829767227,0.262256383895874,0.676490843296051,-0.10698467493057251,0.3568609356880188,0.5927323698997498,-0.036017097532749176,0.39168375730514526,0.4651334285736084,-0.07199264317750931,0.41147786378860474,0.3881518840789795,-0.0911780446767807,0.4217764735221863,0.3241525888442993,-0.09909316897392273,0.30426695942878723,0.5896813273429871,-0.03590654581785202,0.28560465574264526,0.4475041627883911,-0.07556483149528503,0.2762393355369568,0.3626965284347534,-0.09757012873888016,0.2679476737976074,0.29125675559043884,-0.10377209633588791,0.26162704825401306,0.6226678490638733,-0.041173167526721954,0.2507791221141815,0.6194605231285095,-0.09490303695201874,0.268130898475647,0.6851052641868591,-0.1080007255077362,0.2798101603984833,0.7246527075767517,-0.09757917374372482,0.23034244775772095,0.6727532744407654,-0.049697231501340866,0.22758278250694275,0.6795181632041931,-0.08309085667133331,0.24842464923858643,0.7222204208374023,-0.08108161389827728,0.26593735814094543,0.7501120567321777,-0.06793135404586792,brake
0.31756100058555603,0.8149526119232178,8.425511168752564e-07,0.3660660982131958,0.7643212080001831,-0.0393037423491478,0.37993332743644714,0.6947914361953735,-0.05959642678499222,0.3322264552116394,0.6462182402610779,-0.07857338339090347,0.28784728050231934,0.6094458699226379,-0.09412768483161926,0.37110888957977295,0.5526885986328125,-0.03324735537171364,0.40186959505081177,0.4401852488517761,-0.06522644311189651,0.4205038547515869,0.37291425466537476,-0.08300825953483582,0.43035203218460083,0.3179822862148285,-0.09073401242494583,0.3237150013446808,0.5499820113182068,-0.03363744914531708,0.31062281131744385,0.4239518642425537,-0.06796093285083771,0.30567556619644165,0.3484170436859131,-0.08655841648578644,0.2996971309185028,0.2865191400051117,-0.09214134514331818,0.28552430868148804,0.5782113075256348,-0.0385378897190094,0.2806057929992676,0.5661436319351196,-0.0838463306427002,0.29796817898750305,0.6199636459350586,-0.09269449859857559,0.30678898096084595,0.6574836373329163,-0.08280088007450104,0.25653892755508423,0.621111273765564,-0.04642770439386368,0.2600644528865814,0.6158652305603027,-0.0738837718963623,0.2793448865413666,0.6506379842758179,-0.07014396041631699,0.2918231785297394,0.6768034100532532,-0.057903554290533066,brake
0.326119065284729,0.8003388047218323,8.273131015812396e-07,0.37097930908203125,0.753884494304657,-0.0371675044298172,0.3820292353630066,0.6827308535575867,-0.054762594401836395,0.3412090241909027,0.6370992660522461,-0.07127127051353455,0.2994001805782318,0.5970927476882935,-0.0846167579293251,0.37466663122177124,0.5435576438903809,-0.02866443060338497,0.3996140658855438,0.43713054060935974,-0.05915083736181259,0.4148921072483063,0.37241262197494507,-0.0757765918970108,0.4221995770931244,0.31897130608558655,-0.08268458396196365,0.32931914925575256,0.5391402244567871,-0.03003207966685295,0.3221457600593567,0.4188838005065918,-0.06396159529685974,0.32138365507125854,0.3456900119781494,-0.0820227563381195,0.3197004795074463,0.2846142053604126,-0.08618970960378647,0.28983888030052185,0.5662224292755127,-0.036102183163166046,0.2907586693763733,0.5599260926246643,-0.0819140374660492,0.30639055371284485,0.6196302771568298,-0.09118372946977615,0.3141143023967743,0.6536675691604614,-0.08072981983423233,0.25839319825172424,0.6070866584777832,-0.04491235315799713,0.2669927775859833,0.6079936027526855,-0.07385403662919998,0.2858319878578186,0.649526059627533,-0.07087301462888718,0.2972375154495239,0.6741622090339661,-0.05843700096011162,brake
0.3224414587020874,0.7751935124397278,7.150633791752625e-07,0.36781686544418335,0.7250869274139404,-0.03246893361210823,0.37392809987068176,0.6478936076164246,-0.04701930657029152,0.3355512320995331,0.5946823358535767,-0.06142302602529526,0.2940608561038971,0.5524965524673462,-0.07337039709091187,0.3646264374256134,0.5303955078125,-0.02265988104045391,0.3791770040988922,0.4254634976387024,-0.04853210598230362,0.38543370366096497,0.3605678975582123,-0.06372080743312836,0.3867591619491577,0.30738717317581177,-0.0705346167087555,0.3255831003189087,0.5323399901390076,-0.02472297102212906,0.3252151608467102,0.41557377576828003,-0.05218668282032013,0.33027899265289307,0.34359121322631836,-0.06618581712245941,0.33421143889427185,0.2865263521671295,-0.06993895769119263,0.2901996076107025,0.5604894757270813,-0.03129134699702263,0.2835017740726471,0.5230160355567932,-0.07222267240285873,0.3008970320224762,0.5778682827949524,-0.07719794660806656,0.3115188181400299,0.6182292699813843,-0.06616459041833878,0.26125073432922363,0.6027208566665649,-0.04025790095329285,0.26080644130706787,0.5705181360244751,-0.06854820996522903,0.2804867923259735,0.6085168719291687,-0.06347545236349106,0.29352667927742004,0.6422640085220337,-0.05071280151605606,brake
0.3133642077445984,0.7589460611343384,7.006170790191391e-07,0.35397884249687195,0.7113419771194458,-0.031546540558338165,0.3560087978839874,0.6339618563652039,-0.04526497423648834,0.31645727157592773,0.5818847417831421,-0.05845236778259277,0.2758086323738098,0.5414485335350037,-0.06894255429506302,0.35212770104408264,0.5233979821205139,-0.020663471892476082,0.3621842861175537,0.4223991334438324,-0.04517525061964989,0.36710596084594727,0.36100316047668457,-0.059319738298654556,0.3670915961265564,0.31096166372299194,-0.06579495966434479,0.3143001198768616,0.525627613067627,-0.02239430695772171,0.3141067326068878,0.4163019061088562,-0.0486595518887043,0.3182380497455597,0.3491251468658447,-0.06220691651105881,0.32056379318237305,0.29543572664260864,-0.0655103474855423,0.27953818440437317,0.5534380078315735,-0.028636008501052856,0.2777148485183716,0.5213801264762878,-0.06798211485147476,0.2935603857040405,0.5723358392715454,-0.07404723018407822,0.3011758029460907,0.608283281326294,-0.06436184793710709,0.25055646896362305,0.5948886275291443,-0.0371793732047081,0.2578667998313904,0.5759341716766357,-0.06537681818008423,0.2761572301387787,0.6121129989624023,-0.06272611021995544,0.2851259112358093,0.6401862502098083,-0.051930081099271774,brake
0.2931347191333771,0.7511926889419556,6.607076556974789e-07,0.3339362144470215,0.70326167345047,-0.03032139502465725,0.3354121446609497,0.6281599402427673,-0.042638957500457764,0.2976573407649994,0.5763456225395203,-0.054810818284749985,0.2621413469314575,0.5341633558273315,-0.06442466378211975,0.3334735035896301,0.5206869840621948,-0.016652926802635193,0.34543219208717346,0.42442676424980164,-0.039516519755125046,0.35174989700317383,0.3643738031387329,-0.053407762199640274,0.3546217083930969,0.3158853054046631,-0.06018611043691635,0.2975062131881714,0.522138774394989,-0.01840454712510109,0.2967848479747772,0.41379618644714355,-0.043196871876716614,0.29905250668525696,0.3465045690536499,-0.05664815381169319,0.3009112775325775,0.2941380441188812,-0.06065913289785385,0.26413291692733765,0.549053430557251,-0.024786224588751793,0.25567254424095154,0.503767192363739,-0.06410083919763565,0.27094388008117676,0.5559341907501221,-0.07015517354011536,0.2812002897262573,0.5960673689842224,-0.06061699986457825,0.23616258800029755,0.5903818011283875,-0.03330019861459732,0.23469917476177216,0.5596965551376343,-0.06334525346755981,0.2528699040412903,0.5964199304580688,-0.0617123618721962,0.2651166319847107,0.628692090511322,-0.05148046463727951,brake
0.28288161754608154,0.7512047290802002,6.77826562878181e-07,0.3231927454471588,0.7050862312316895,-0.03253179416060448,0.3274397850036621,0.630131721496582,-0.04569782316684723,0.28898197412490845,0.5767700672149658,-0.05822243168950081,0.25272896885871887,0.5313795208930969,-0.06792806088924408,0.3272762894630432,0.5211201310157776,-0.016819214448332787,0.34170931577682495,0.42635378241539,-0.040403928607702255,0.35026177763938904,0.36831358075141907,-0.05456868186593056,0.35475125908851624,0.3211066722869873,-0.06154658645391464,0.290574312210083,0.5219772458076477,-0.017951905727386475,0.28985920548439026,0.4148089289665222,-0.04408594220876694,0.2920006513595581,0.3498486876487732,-0.0582699291408062,0.29291120171546936,0.297770231962204,-0.06232355535030365,0.2570703327655792,0.5487147569656372,-0.02408735267817974,0.2504779100418091,0.5088022351264954,-0.06535698473453522,0.26538410782814026,0.5622584819793701,-0.07226566225290298,0.2747267186641693,0.599517285823822,-0.0628710463643074,0.22858095169067383,0.58953857421875,-0.03243596851825714,0.22953540086746216,0.563835084438324,-0.06411443650722504,0.247418612241745,0.602057695388794,-0.06345170736312866,0.25877293944358826,0.630810022354126,-0.053693562746047974,brake
0.2752600908279419,0.7551583051681519,6.566324373125099e-07,0.31367266178131104,0.7098761200904846,-0.031080877408385277,0.31686729192733765,0.635535717010498,-0.044726960361003876,0.2777387797832489,0.5826985836029053,-0.057663291692733765,0.24030426144599915,0.541454553604126,-0.06799539923667908,0.31589439511299133,0.5330633521080017,-0.01985851116478443,0.3311777114868164,0.4393627643585205,-0.0441446416079998,0.3405405282974243,0.3824366331100464,-0.05872669816017151,0.3458317816257477,0.33536362648010254,-0.06616348773241043,0.2797210216522217,0.5342081189155579,-0.021746300160884857,0.27637821435928345,0.42640945315361023,-0.04842112213373184,0.2785312533378601,0.362659215927124,-0.06279081106185913,0.27946558594703674,0.31102922558784485,-0.06728428602218628,0.2470867782831192,0.5612257719039917,-0.027996139600872993,0.241486594080925,0.5232217907905579,-0.068430095911026,0.2567079961299896,0.5740562081336975,-0.07407001405954361,0.2647209167480469,0.6099786758422852,-0.06433606147766113,0.22003009915351868,0.601530909538269,-0.03634253889322281,0.22326919436454773,0.5748785734176636,-0.06666478514671326,0.2407647967338562,0.6114887595176697,-0.06423407047986984,0.25008976459503174,0.6404641270637512,-0.053564105182886124,brake
0.26735883951187134,0.7551082968711853,6.638005061176955e-07,0.30476120114326477,0.7089352607727051,-0.03225688636302948,0.30705201625823975,0.6339455842971802,-0.04655270650982857,0.2674381732940674,0.5797846913337708,-0.06003570556640625,0.22813747823238373,0.5385642051696777,-0.07089302688837051,0.30843931436538696,0.5298628211021423,-0.019403472542762756,0.3227124810218811,0.4377061724662781,-0.04419395327568054,0.331985205411911,0.3809558153152466,-0.059527914971113205,0.3374559283256531,0.334109902381897,-0.06750621646642685,0.2721538543701172,0.5320963859558105,-0.020635148510336876,0.2682969570159912,0.4289945960044861,-0.048124756664037704,0.26956626772880554,0.3659561276435852,-0.06347473710775375,0.2698417007923126,0.31323665380477905,-0.06858768314123154,0.24012504518032074,0.5596181154251099,-0.026443488895893097,0.23123103380203247,0.5259751081466675,-0.0681559219956398,0.24720877408981323,0.5762600898742676,-0.07554840296506882,0.2573642432689667,0.6116173267364502,-0.06676140427589417,0.2135794460773468,0.6002481579780579,-0.03445364907383919,0.21374347805976868,0.5784136652946472,-0.06658067554235458,0.23197485506534576,0.6150225400924683,-0.06634216010570526,0.2441532164812088,0.6432543396949768,-0.05696175619959831,brake
0.2609492242336273,0.7537659406661987,6.460476242864388e-07,0.2982475161552429,0.7059400081634521,-0.03218188136816025,0.2999078333377838,0.6312128305435181,-0.04558046907186508,0.26015958189964294,0.5785734057426453,-0.05815046653151512,0.22263577580451965,0.5367130041122437,-0.06799104809761047,0.29956451058387756,0.5265957713127136,-0.017972275614738464,0.3142484724521637,0.4332389235496521,-0.04180588573217392,0.3233315646648407,0.3763357400894165,-0.0562511645257473,0.3280409574508667,0.3303721845149994,-0.06355933845043182,0.2630290985107422,0.5295183658599854,-0.019072379916906357,0.2550502121448517,0.42288845777511597,-0.04595993086695671,0.2534513473510742,0.358737587928772,-0.061002299189567566,0.25129565596580505,0.30697816610336304,-0.06582355499267578,0.23086336255073547,0.5579603314399719,-0.024808963760733604,0.2222527265548706,0.5212340354919434,-0.06576782464981079,0.23901541531085968,0.570600152015686,-0.07255832850933075,0.24898016452789307,0.6046852469444275,-0.06333545595407486,0.20465177297592163,0.5988163352012634,-0.0326843336224556,0.2045363485813141,0.5712873935699463,-0.06354933977127075,0.22287018597126007,0.6075997352600098,-0.06200196593999863,0.23397186398506165,0.6358909010887146,-0.051798202097415924,brake
0.2627033293247223,0.7562920451164246,6.534676231240155e-07,0.30017584562301636,0.7103058695793152,-0.031386855989694595,0.3013448715209961,0.6354492902755737,-0.04501043260097504,0.2620936930179596,0.5835673809051514,-0.05806278809905052,0.2239721268415451,0.5434618592262268,-0.06839828938245773,0.30084139108657837,0.5298383831977844,-0.01783197931945324,0.31628552079200745,0.43747207522392273,-0.041015658527612686,0.32560306787490845,0.3806861639022827,-0.05550551041960716,0.33098435401916504,0.33351975679397583,-0.06359149515628815,0.2644721269607544,0.5313509106636047,-0.019311880692839622,0.25779423117637634,0.42778757214546204,-0.046514756977558136,0.25600695610046387,0.3635518550872803,-0.06262722611427307,0.2539467215538025,0.31015610694885254,-0.0688050240278244,0.2323298156261444,0.558983564376831,-0.025050094351172447,0.2224602848291397,0.5175131559371948,-0.06635501980781555,0.23888592422008514,0.5695919990539551,-0.07321485877037048,0.24898388981819153,0.6072495579719543,-0.06451047956943512,0.20712201297283173,0.6001487374305725,-0.032950107008218765,0.20675446093082428,0.5753609538078308,-0.06623372435569763,0.2260235995054245,0.6131733059883118,-0.06644018739461899,0.23880647122859955,0.6435882449150085,-0.057265207171440125,brake
0.26036104559898376,0.7636664509773254,6.74518673804414e-07,0.29865536093711853,0.7172202467918396,-0.03280104696750641,0.300128310918808,0.6445587873458862,-0.04743105545639992,0.26130181550979614,0.5925866961479187,-0.0613740012049675,0.22340776026248932,0.5520020127296448,-0.07247921824455261,0.2999236583709717,0.5344120264053345,-0.01920754462480545,0.31505706906318665,0.44238725304603577,-0.04348435252904892,0.3241569399833679,0.3854416608810425,-0.05860848352313042,0.32923513650894165,0.3388088047504425,-0.06669589132070541,0.2631377875804901,0.5359203219413757,-0.020685315132141113,0.2559744119644165,0.4303368031978607,-0.048865873366594315,0.25365859270095825,0.3647572696208954,-0.06530627608299255,0.25113406777381897,0.3110964894294739,-0.07114195078611374,0.23029965162277222,0.5643988847732544,-0.02668047696352005,0.22181132435798645,0.5270518660545349,-0.0687548890709877,0.23839806020259857,0.5802387595176697,-0.07551994919776917,0.24853268265724182,0.6172502040863037,-0.06606751680374146,0.20376545190811157,0.6060983538627625,-0.034935418516397476,0.20339739322662354,0.5789404511451721,-0.06700621545314789,0.22240112721920013,0.6163811087608337,-0.06570275872945786,0.23471486568450928,0.6457725167274475,-0.0553770586848259,brake
0.26085540652275085,0.7596055865287781,6.695582328575256e-07,0.298875629901886,0.711233913898468,-0.030937476083636284,0.3002490997314453,0.638541042804718,-0.04483703151345253,0.2602042555809021,0.5884391069412231,-0.05821703001856804,0.22252947092056274,0.5494025945663452,-0.06878925859928131,0.29898154735565186,0.5327003002166748,-0.01858041062951088,0.3142041563987732,0.4410231113433838,-0.04280029237270355,0.3238188326358795,0.38469022512435913,-0.05758688598871231,0.32857629656791687,0.3387547433376312,-0.06528449058532715,0.2624046504497528,0.5348269939422607,-0.02066945657134056,0.25387075543403625,0.42812812328338623,-0.048357896506786346,0.2513624429702759,0.3623431324958801,-0.06432151794433594,0.24783501029014587,0.3089560270309448,-0.06980383396148682,0.23046563565731049,0.5632422566413879,-0.02709789015352726,0.22197547554969788,0.5298399329185486,-0.06748578697443008,0.23866605758666992,0.5782955884933472,-0.0745013877749443,0.24820418655872345,0.6121862530708313,-0.06571295112371445,0.20482416450977325,0.604219377040863,-0.035698577761650085,0.2058728039264679,0.5811726450920105,-0.06529729068279266,0.22386904060840607,0.6154230237007141,-0.06382903456687927,0.2351338416337967,0.6418893337249756,-0.054002050310373306,brake
0.256291002035141,0.7601106762886047,6.79899926581129e-07,0.29403582215309143,0.7125674486160278,-0.03195258229970932,0.29496628046035767,0.639062225818634,-0.04537229239940643,0.255332350730896,0.5886064171791077,-0.05835649371147156,0.2180575132369995,0.5481998324394226,-0.06857500225305557,0.2951764464378357,0.5330000519752502,-0.017407981678843498,0.31082549691200256,0.4400031864643097,-0.04139489680528641,0.3206126093864441,0.38220691680908203,-0.05585118383169174,0.3261592984199524,0.3352698087692261,-0.06308180093765259,0.2592572271823883,0.5347601175308228,-0.018793197348713875,0.250608891248703,0.4289499521255493,-0.04678807780146599,0.2474254071712494,0.36170274019241333,-0.06274699419736862,0.2439991533756256,0.308278888463974,-0.06780148297548294,0.2276870459318161,0.5626142621040344,-0.024836214259266853,0.2163853645324707,0.5300379991531372,-0.06674522161483765,0.23224756121635437,0.5816586017608643,-0.07414165139198303,0.24225707352161407,0.6175991296768188,-0.0646500438451767,0.20237599313259125,0.6024993062019348,-0.033041566610336304,0.20007744431495667,0.5781885981559753,-0.06383698433637619,0.21727383136749268,0.6144227981567383,-0.06258944422006607,0.22841550409793854,0.6425315141677856,-0.05234912037849426,brake
0.2509244978427887,0.7642369270324707,6.609899401155417e-07,0.2892991006374359,0.7164402008056641,-0.03169848769903183,0.29190585017204285,0.6439201831817627,-0.04579116404056549,0.2524852454662323,0.5937132835388184,-0.05914580821990967,0.21437276899814606,0.5564802885055542,-0.06973779201507568,0.2911016047000885,0.5379266738891602,-0.01994245871901512,0.3056766390800476,0.44496795535087585,-0.044734496623277664,0.3154160678386688,0.3869815468788147,-0.05977771431207657,0.32055020332336426,0.3398568034172058,-0.06747325509786606,0.2548850178718567,0.5389930009841919,-0.02148752100765705,0.24767298996448517,0.4319875240325928,-0.049492619931697845,0.2446700930595398,0.3649982213973999,-0.06540373712778091,0.24087932705879211,0.3117399513721466,-0.07069414108991623,0.2233736664056778,0.5667693614959717,-0.02737976238131523,0.2117927223443985,0.534744381904602,-0.06794538348913193,0.22730281949043274,0.583807110786438,-0.07461404800415039,0.23754172027111053,0.619261622428894,-0.0653030052781105,0.19799751043319702,0.6071661710739136,-0.035524461418390274,0.19518892467021942,0.5833337903022766,-0.06480643153190613,0.21197474002838135,0.6192969083786011,-0.06267403811216354,0.22345492243766785,0.6480141282081604,-0.05224917456507683,brake
0.2484547197818756,0.7665647268295288,6.596960133720131e-07,0.2861972749233246,0.7195873260498047,-0.030918093398213387,0.2874760925769806,0.6502170562744141,-0.045314040035009384,0.24848070740699768,0.6013102531433105,-0.05936378240585327,0.21212927997112274,0.56196129322052,-0.07072903960943222,0.2854851484298706,0.5395802855491638,-0.01880728080868721,0.3010086119174957,0.4482364356517792,-0.04314558953046799,0.3112596869468689,0.3913673758506775,-0.05842079594731331,0.31758615374565125,0.3446206748485565,-0.0664055198431015,0.24941405653953552,0.5411185026168823,-0.020916571840643883,0.24161100387573242,0.435150682926178,-0.048685237765312195,0.2379990667104721,0.36902832984924316,-0.06497597694396973,0.2345043569803238,0.3154942989349365,-0.07083781808614731,0.2178470641374588,0.5693806409835815,-0.027283649891614914,0.2074146568775177,0.5349021553993225,-0.06782077997922897,0.22265025973320007,0.5853461027145386,-0.0739319697022438,0.23277334868907928,0.6217257976531982,-0.06442936509847641,0.19250021874904633,0.6111015677452087,-0.03584825247526169,0.18786564469337463,0.5799587368965149,-0.06524720042943954,0.20566806197166443,0.6151172518730164,-0.0622086226940155,0.21912014484405518,0.6447610259056091,-0.05112948641180992,brake
0.2450275421142578,0.761023998260498,6.721824092892348e-07,0.28312528133392334,0.7141948342323303,-0.031783849000930786,0.2850131392478943,0.6431835293769836,-0.046021364629268646,0.24632923305034637,0.5937466621398926,-0.05970819294452667,0.2103428691625595,0.5535263419151306,-0.07049280405044556,0.2836362421512604,0.5329532027244568,-0.018574049696326256,0.2985948920249939,0.44143515825271606,-0.0435124970972538,0.30922049283981323,0.3846246004104614,-0.058743856847286224,0.31539613008499146,0.3382736146450043,-0.06644948571920395,0.24747627973556519,0.5346554517745972,-0.02027246356010437,0.2393365055322647,0.4292062520980835,-0.04872177913784981,0.2350950986146927,0.36298102140426636,-0.06510276347398758,0.23003891110420227,0.3090308904647827,-0.0705188661813736,0.21579056978225708,0.5631024837493896,-0.026496050879359245,0.20485898852348328,0.5333624482154846,-0.06792382150888443,0.221093088388443,0.5846322774887085,-0.07450518757104874,0.23172490298748016,0.6193504929542542,-0.06480135768651962,0.19031643867492676,0.6044915914535522,-0.03496335819363594,0.18792344629764557,0.5798680186271667,-0.06445328146219254,0.20525051653385162,0.6159845590591431,-0.0617617592215538,0.2170579880475998,0.6428114175796509,-0.050818730145692825,brake
0.2484009712934494,0.7639602422714233,5.714728672501224e-07,0.2861059606075287,0.7113842964172363,-0.02626555785536766,0.28819847106933594,0.6333380937576294,-0.037684597074985504,0.2533961832523346,0.5789757370948792,-0.04942131042480469,0.21711701154708862,0.5417647957801819,-0.05862884595990181,0.2825206518173218,0.5347738265991211,-0.013613002374768257,0.29409417510032654,0.44350263476371765,-0.03499877080321312,0.303602397441864,0.38869622349739075,-0.049636390060186386,0.311461865901947,0.34247541427612305,-0.058408260345458984,0.2464924305677414,0.539289653301239,-0.016487518325448036,0.23469509184360504,0.44116050004959106,-0.03977729007601738,0.23282666504383087,0.3802596926689148,-0.054597631096839905,0.2318558543920517,0.32899540662765503,-0.06196672469377518,0.21479493379592896,0.5679047703742981,-0.023221366107463837,0.2110283225774765,0.5176074504852295,-0.05777851492166519,0.22718212008476257,0.5618595480918884,-0.06230495870113373,0.23487575352191925,0.5969948768615723,-0.05515436828136444,0.19007420539855957,0.6093959212303162,-0.03218154236674309,0.19702932238578796,0.5795046091079712,-0.059784095734357834,0.21414923667907715,0.6090616583824158,-0.058858782052993774,0.22165712714195251,0.6362584829330444,-0.0510389506816864,brake
0.2613818049430847,0.780211329460144,-1.8030007709057827e-07,0.3088948428630829,0.7175703048706055,-0.011604849249124527,0.34135526418685913,0.6400103569030762,-0.019992144778370857,0.3605017364025116,0.5803970694541931,-0.03174656629562378,0.350624144077301,0.5383418798446655,-0.03988128527998924,0.2960948050022125,0.5773641467094421,0.004743583500385284,0.3189229369163513,0.5294424891471863,-0.02194627746939659,0.3352803587913513,0.5731109380722046,-0.03370138630270958,0.33134153485298157,0.5981982946395874,-0.03663747012615204,0.2644123136997223,0.5838042497634888,-0.0018273495370522141,0.29030290246009827,0.5443347096443176,-0.027475271373987198,0.3019546568393707,0.6175386905670166,-0.029669681563973427,0.2876179814338684,0.6320479512214661,-0.024591848254203796,0.23267239332199097,0.599287211894989,-0.01337409671396017,0.26169726252555847,0.5630959868431091,-0.04440370574593544,0.2755011320114136,0.6320482492446899,-0.0325482152402401,0.26140478253364563,0.6501275897026062,-0.016479864716529846,0.1990705132484436,0.6232057213783264,-0.0257431510835886,0.2298724502325058,0.5916590094566345,-0.04477470740675926,0.24776020646095276,0.6374608874320984,-0.031135737895965576,0.23901782929897308,0.6578723192214966,-0.015543092973530293,brake
0.3198118209838867,0.8738020062446594,-1.941799325777538e-07,0.36729976534843445,0.8466610312461853,-0.017842518165707588,0.39677444100379944,0.7577228546142578,-0.01932085119187832,0.4003714621067047,0.6799625754356384,-0.02176736108958721,0.39786583185195923,0.6184190511703491,-0.02066560462117195,0.37085577845573425,0.6799314618110657,0.008178981021046638,0.3634267747402191,0.629631757736206,-0.016486139968037605,0.36951640248298645,0.6702895164489746,-0.03151760995388031,0.37677907943725586,0.7013304233551025,-0.03597434610128403,0.33570006489753723,0.6775078773498535,0.009988986887037754,0.3326556384563446,0.6345387697219849,-0.013385999016463757,0.34196919202804565,0.6854587197303772,-0.02115141600370407,0.34724780917167664,0.7168610095977783,-0.019598811864852905,0.29754167795181274,0.6832727789878845,0.006217659451067448,0.2962963283061981,0.6414384245872498,-0.018662752583622932,0.311276376247406,0.692948579788208,-0.014338369481265545,0.3183101415634155,0.7286006212234497,-0.003843999933451414,0.2567700743675232,0.6957870125770569,0.0006085034692659974,0.2636007070541382,0.6577567458152771,-0.016025245189666748,0.2795313894748688,0.6959971785545349,-0.010567666962742805,0.2871779501438141,0.7274352312088013,-0.0003135559963993728,brake
0.1897071897983551,0.941379725933075,9.183247016153473e-07,0.23636376857757568,0.942469596862793,-0.04507230594754219,0.25926530361175537,0.900770366191864,-0.0674392506480217,0.22884014248847961,0.8476345539093018,-0.08547499030828476,0.20836851000785828,0.7960399389266968,-0.10094347596168518,0.2880871593952179,0.7865414023399353,-0.04400504380464554,0.33554500341415405,0.7039286494255066,-0.08075450360774994,0.3684103488922119,0.6489415168762207,-0.1024051308631897,0.3926883935928345,0.603434681892395,-0.1119905337691307,0.24823027849197388,0.7625689506530762,-0.03947009518742561,0.265205979347229,0.6680811643600464,-0.07683894783258438,0.2749384641647339,0.6017754077911377,-0.09614542871713638,0.28347134590148926,0.5425873398780823,-0.10139915347099304,0.20743967592716217,0.7653788924217224,-0.03975100442767143,0.20297275483608246,0.7599917650222778,-0.08648662269115448,0.2043658196926117,0.811255693435669,-0.09202276915311813,0.20824696123600006,0.8428739905357361,-0.07975304126739502,0.1690596342086792,0.7834296226501465,-0.04305465146899223,0.17085900902748108,0.7783252000808716,-0.07424379885196686,0.17590713500976562,0.8178309798240662,-0.0687994509935379,0.17954012751579285,0.8435764908790588,-0.05406453087925911,brake
0.18212342262268066,0.8817564249038696,9.447122124583984e-07,0.22419168055057526,0.849966287612915,-0.038630466908216476,0.2348881959915161,0.7866426706314087,-0.05606831610202789,0.19559554755687714,0.7359236478805542,-0.07205034047365189,0.16343581676483154,0.6858761310577393,-0.08466804772615433,0.25602638721466064,0.6518607139587402,-0.026390161365270615,0.29830729961395264,0.5580271482467651,-0.05762149393558502,0.3248719573020935,0.49530595541000366,-0.07517719268798828,0.3412037491798401,0.44394081830978394,-0.08239961415529251,0.21378345787525177,0.6391329765319824,-0.026791343465447426,0.22011400759220123,0.5213333368301392,-0.06099891662597656,0.22478987276554108,0.44472867250442505,-0.07971756160259247,0.22708748281002045,0.37875616550445557,-0.08389327675104141,0.1749584972858429,0.6577039361000061,-0.03255636245012283,0.16311269998550415,0.6519438624382019,-0.07991408556699753,0.1670665144920349,0.7077580690383911,-0.09077797085046768,0.17039909958839417,0.7385634779930115,-0.08054974675178528,0.1417146921157837,0.6911450028419495,-0.04110870882868767,0.13523660600185394,0.6925258636474609,-0.0716150775551796,0.14358088374137878,0.7345148921012878,-0.06993088126182556,0.15162788331508636,0.7591217160224915,-0.05788726732134819,brake
0.1862146258354187,0.8656489253044128,9.268715075450018e-07,0.22723054885864258,0.8330318927764893,-0.044561926275491714,0.23735496401786804,0.7698190808296204,-0.06508014351129532,0.1967938244342804,0.7151766419410706,-0.08288228511810303,0.1607583463191986,0.6636993885040283,-0.09712792187929153,0.2554573118686676,0.6267682313919067,-0.03420957922935486,0.2953687012195587,0.5278840661048889,-0.06613565981388092,0.31910252571105957,0.46459436416625977,-0.08393970876932144,0.33352547883987427,0.4131940007209778,-0.09139205515384674,0.21217331290245056,0.6152005791664124,-0.032001055777072906,0.21584679186344147,0.4955567717552185,-0.06752510368824005,0.2184782177209854,0.4174809455871582,-0.08721505105495453,0.21915259957313538,0.35235461592674255,-0.09235381335020065,0.17273470759391785,0.6352390646934509,-0.03527369722723961,0.16062813997268677,0.6295255422592163,-0.0848676934838295,0.16438767313957214,0.6879529356956482,-0.0971292108297348,0.16685576736927032,0.723041296005249,-0.08778639882802963,0.13927516341209412,0.6687542796134949,-0.04167155176401138,0.13391728699207306,0.6673305034637451,-0.07561494410037994,0.14318519830703735,0.7099409699440002,-0.0756610631942749,0.15160062909126282,0.7379995584487915,-0.0644766315817833,brake
0.17904958128929138,0.86521315574646,9.380266305925034e-07,0.21970440447330475,0.838004469871521,-0.04669572785496712,0.23047305643558502,0.7830667495727539,-0.07029858976602554,0.18759487569332123,0.731522798538208,-0.0909733697772026,0.1517539918422699,0.6803605556488037,-0.10841979831457138,0.24998289346694946,0.6331514716148376,-0.04132363945245743,0.291105180978775,0.5362070202827454,-0.07766338437795639,0.31570395827293396,0.4729386270046234,-0.0977548137307167,0.3317021131515503,0.42067772150039673,-0.10622930526733398,0.20643353462219238,0.6209639310836792,-0.03863337263464928,0.2122478187084198,0.5044036507606506,-0.07892408967018127,0.21477782726287842,0.4272612929344177,-0.10007229447364807,0.21584168076515198,0.36136630177497864,-0.10550012439489365,0.16627588868141174,0.6404183506965637,-0.04132174700498581,0.15520143508911133,0.6405360698699951,-0.09400354325771332,0.1575893610715866,0.7000214457511902,-0.10564745962619781,0.16045422852039337,0.7355592250823975,-0.09516048431396484,0.13191956281661987,0.6756004095077515,-0.04714370518922806,0.12684494256973267,0.6793540716171265,-0.08116152137517929,0.1346278190612793,0.7191550731658936,-0.08000916242599487,0.14209884405136108,0.7444841861724854,-0.06779131293296814,brake
0.18150082230567932,0.8882903456687927,8.718099593352235e-07,0.22529010474681854,0.8559941053390503,-0.04404463246464729,0.2386198788881302,0.7943753004074097,-0.06493727117776871,0.20259720087051392,0.7386425137519836,-0.08320970088243484,0.1673937439918518,0.6889393329620361,-0.09842722862958908,0.2609003484249115,0.6544666886329651,-0.035785477608442307,0.3026003837585449,0.5580185651779175,-0.06858917325735092,0.3282663822174072,0.4956313371658325,-0.08733245730400085,0.3447846472263336,0.44479259848594666,-0.09533179551362991,0.21816010773181915,0.6395635604858398,-0.03362257778644562,0.22244831919670105,0.5196278691291809,-0.06999242305755615,0.2285694181919098,0.4434013366699219,-0.09032447636127472,0.23337839543819427,0.38099807500839233,-0.09586115926504135,0.17796394228935242,0.6569880843162537,-0.03660063445568085,0.16790106892585754,0.6509541869163513,-0.08605198562145233,0.17112305760383606,0.7089574337005615,-0.09850835055112839,0.1742287576198578,0.7447561025619507,-0.08938546478748322,0.1438818871974945,0.6887751221656799,-0.04260904714465141,0.1388876587152481,0.6840071082115173,-0.07503356039524078,0.14618587493896484,0.7245417237281799,-0.07425074279308319,0.15395204722881317,0.7535620331764221,-0.06277763098478317,brake
0.08302196860313416,0.4008426368236542,4.279324272715712e-08,0.10825224965810776,0.44051891565322876,-0.00566009571775794,0.11536159366369247,0.49703261256217957,-0.008696899749338627,0.11157430708408356,0.5391443967819214,-0.011091356165707111,0.10703882575035095,0.5652635097503662,-0.012769550085067749,0.07726498693227768,0.5156558752059937,-0.007391978520900011,0.05885990336537361,0.5614896416664124,-0.01218316052109003,0.05031011998653412,0.5843011140823364,-0.015101398341357708,0.04668840393424034,0.5983319282531738,-0.01625116355717182,0.05438562110066414,0.5027531981468201,-0.008149846456944942,0.038219697773456573,0.5480054020881653,-0.009460330940783024,0.032509781420230865,0.5720340609550476,-0.009751358069479465,0.029404519125819206,0.586902379989624,-0.010081485845148563,0.03650713711977005,0.4859023094177246,-0.009530593641102314,0.021223966032266617,0.530487060546875,-0.010782113298773766,0.01602538302540779,0.5515850782394409,-0.007941875606775284,0.01190401241183281,0.564178466796875,-0.005770500283688307,0.023437248542904854,0.46779966354370117,-0.011548027396202087,0.009916409850120544,0.5044960975646973,-0.011772355064749718,0.004171311855316162,0.5261218547821045,-0.007827025838196278,-0.00029821693897247314,0.5406834483146667,-0.004231309052556753,accelerate
0.08761117607355118,0.3937869071960449,1.039989498963223e-07,0.11290057748556137,0.43665894865989685,-0.0018029880011454225,0.11934201419353485,0.49238190054893494,-0.0008678948506712914,0.11519215255975723,0.5312360525131226,3.7906767829554155e-05,0.1115754246711731,0.5549798607826233,0.0013312021037563682,0.08414012938737869,0.5068451166152954,0.0014671885874122381,0.06806918978691101,0.5472065806388855,7.84563526394777e-05,0.05887778103351593,0.5704339146614075,-0.0019132622983306646,0.053357917815446854,0.5869742035865784,-0.002955598523840308,0.0646466463804245,0.49389857053756714,0.00012974881974514574,0.05226893723011017,0.5357480645179749,0.001177591155283153,0.04605263099074364,0.5618411302566528,0.00024093563843052834,0.041716068983078,0.580502450466156,-0.0005862110410816967,0.048645853996276855,0.47834932804107666,-0.0016336748376488686,0.03846461698412895,0.521561324596405,-0.0012672641314566135,0.0327758714556694,0.5461476445198059,-0.00032890806323848665,0.02788391336798668,0.5633094310760498,0.0006218968774192035,0.03577209264039993,0.46184042096138,-0.003707505064085126,0.024904917925596237,0.49900659918785095,-0.003141582477837801,0.01948467642068863,0.5225350856781006,-0.0004405028885230422,0.01472693681716919,0.5401557683944702,0.0022592691238969564,accelerate
0.10493822395801544,0.40409085154533386,1.2265617499451764e-07,0.12785635888576508,0.4459173083305359,-0.0023348804097622633,0.13372187316417694,0.4977109432220459,-0.003281819401308894,0.12865564227104187,0.5355198383331299,-0.004109323490411043,0.12176872789859772,0.5581604838371277,-0.004498716443777084,0.10112129151821136,0.5104731917381287,-0.0028661033138632774,0.0837288573384285,0.551304042339325,-0.005600613541901112,0.07401896268129349,0.574307382106781,-0.007641180884093046,0.06809987872838974,0.5904748439788818,-0.008628816343843937,0.08174695074558258,0.4980410635471344,-0.004476799163967371,0.06802629679441452,0.5403061509132385,-0.0049759079702198505,0.06137465685606003,0.5657064318656921,-0.005584407597780228,0.05697472393512726,0.5836642384529114,-0.0061038341373205185,0.06520738452672958,0.48299556970596313,-0.006329663097858429,0.05372937023639679,0.5259884595870972,-0.006838326342403889,0.04744311049580574,0.5493548512458801,-0.0049096522852778435,0.04179888218641281,0.5650535225868225,-0.003306361846625805,0.05190901458263397,0.4669918119907379,-0.008514225482940674,0.04131918027997017,0.503181517124176,-0.008612246252596378,0.035588040947914124,0.5250945687294006,-0.00545854726806283,0.029974330216646194,0.5404099822044373,-0.002320722443982959,accelerate
0.11150652915239334,0.41201019287109375,1.341825139888897e-07,0.1343279927968979,0.4523675739765167,-0.00270216166973114,0.14026740193367004,0.507317304611206,-0.004002070054411888,0.13531289994716644,0.548744261264801,-0.004877358675003052,0.12834925949573517,0.5748379826545715,-0.005069387145340443,0.11238156259059906,0.5151988863945007,-0.005251622758805752,0.09452573955059052,0.5593025088310242,-0.008312974125146866,0.08415249735116959,0.582976758480072,-0.00977082084864378,0.07766520977020264,0.5990667343139648,-0.010056723840534687,0.09201428294181824,0.5036291480064392,-0.0060806856490671635,0.07602129131555557,0.5482466816902161,-0.006186983082443476,0.06844089925289154,0.573955774307251,-0.005905794445425272,0.06300351768732071,0.5922838449478149,-0.00582032511010766,0.07436330616474152,0.48999133706092834,-0.006925910245627165,0.060483045876026154,0.5342022180557251,-0.0065946499817073345,0.05407993495464325,0.5572710633277893,-0.003615244524553418,0.04864313453435898,0.5725857019424438,-0.001412960235029459,0.05996653437614441,0.47588643431663513,-0.008069679141044617,0.04819639399647713,0.5131738185882568,-0.00724740931764245,0.04246649146080017,0.5352456569671631,-0.003376336069777608,0.03739291429519653,0.5504525899887085,0.00023769399558659643,accelerate
0.1108991727232933,0.4120676517486572,1.2319918596404023e-07,0.1339634358882904,0.45187175273895264,-0.004133123904466629,0.14199435710906982,0.5090824365615845,-0.005451762583106756,0.13909907639026642,0.5517470240592957,-0.006411264650523663,0.13594171404838562,0.578560471534729,-0.006748547311872244,0.11236529052257538,0.5182443261146545,-0.00422297790646553,0.09740889072418213,0.5602494478225708,-0.00828583911061287,0.08792484551668167,0.583885669708252,-0.011175422929227352,0.08211573958396912,0.6004406213760376,-0.012648568488657475,0.09282924234867096,0.5065977573394775,-0.00513656809926033,0.07943399250507355,0.5476774573326111,-0.006687702611088753,0.07268426567316055,0.5729610323905945,-0.008016332983970642,0.0684034451842308,0.5911105275154114,-0.00898685585707426,0.07608592510223389,0.492477685213089,-0.006428293883800507,0.064468152821064,0.5337637066841125,-0.007599003612995148,0.05838163197040558,0.5563263893127441,-0.005689558107405901,0.05362807586789131,0.5717746615409851,-0.004064183682203293,0.06237737461924553,0.4773133397102356,-0.008203648962080479,0.052367597818374634,0.5127227902412415,-0.008731232956051826,0.04686165973544121,0.535014271736145,-0.005762865301221609,0.041615936905145645,0.5507934093475342,-0.0027829320169985294,accelerate
0.1148172989487648,0.409488320350647,1.3965112088953902e-07,0.1379251480102539,0.45114073157310486,-0.004526937380433083,0.1415005326271057,0.5057445764541626,-0.006297379732131958,0.1341964602470398,0.5454856157302856,-0.006955294404178858,0.12603794038295746,0.570185661315918,-0.006990019232034683,0.1147778108716011,0.5065966844558716,-0.008792619220912457,0.09680762141942978,0.5489782691001892,-0.012243881821632385,0.08686648309230804,0.5739428997039795,-0.013747702352702618,0.0807604044675827,0.592047393321991,-0.014219366014003754,0.09510992467403412,0.49322769045829773,-0.008596910163760185,0.08032558858394623,0.5363383293151855,-0.009523412212729454,0.0733528807759285,0.5636807680130005,-0.009522088803350925,0.0685231015086174,0.5838459730148315,-0.009677741676568985,0.07828202843666077,0.4785653054714203,-0.008330976590514183,0.06600584089756012,0.522142767906189,-0.009006860665977001,0.060410406440496445,0.5475988388061523,-0.00655685318633914,0.05584511160850525,0.5652837753295898,-0.004547043237835169,0.06459145247936249,0.4645451307296753,-0.008403644897043705,0.0542762465775013,0.5019152760505676,-0.009108743630349636,0.04907127842307091,0.5265370011329651,-0.006330882664769888,0.04444508999586105,0.5438165664672852,-0.0033456759992986917,accelerate
0.12063021957874298,0.420600026845932,4.851591839383218e-08,0.1428007036447525,0.4599623680114746,-0.003894214518368244,0.15023034811019897,0.5117679238319397,-0.0031561870127916336,0.14932626485824585,0.5475138425827026,-0.0018669813871383667,0.1468835324048996,0.5711580514907837,0.0001495610922574997,0.11256226152181625,0.5198054909706116,0.0018114015692844987,0.10183767974376678,0.5557330846786499,0.0012603328796103597,0.09565073251724243,0.5755252838134766,-0.0005009731976315379,0.09202750772237778,0.5907410383224487,-0.0018295841291546822,0.0958346426486969,0.5089878439903259,0.0017768880352377892,0.08562924712896347,0.5438796877861023,0.002840530825778842,0.08127939701080322,0.5659739971160889,0.0012716373894363642,0.07819893956184387,0.5829643607139587,-0.00033293533488176763,0.08265642821788788,0.4962388277053833,0.0009516245918348432,0.07175672054290771,0.5302637815475464,0.0009638044866733253,0.06729482859373093,0.5511337518692017,0.00040604767855256796,0.06376688927412033,0.5659021139144897,4.6775243390584365e-05,0.07209280133247375,0.48230674862861633,-0.00030618239543400705,0.0615081824362278,0.5123170018196106,-0.0006053640972822905,0.057011865079402924,0.5316474437713623,0.0005818049539811909,0.053528010845184326,0.5456034541130066,0.0018992377445101738,accelerate
0.04234263300895691,0.6604230403900146,6.401135124178836e-07,0.08677447587251663,0.5748565196990967,-0.0028382358141243458,0.15006431937217712,0.49437567591667175,-0.021191773936152458,0.20953091979026794,0.4525699317455292,-0.04074383154511452,0.25892069935798645,0.4250948429107666,-0.06186872348189354,0.12882953882217407,0.43231484293937683,-0.06395329535007477,0.22611172497272491,0.3849063813686371,-0.10892881453037262,0.2963937520980835,0.37499481439590454,-0.1385016292333603,0.35100454092025757,0.3729241192340851,-0.15669479966163635,0.1087137758731842,0.48299896717071533,-0.08524714410305023,0.21914130449295044,0.46363565325737,-0.12347618490457535,0.2745482623577118,0.46452516317367554,-0.1365276724100113,0.31074976921081543,0.455546110868454,-0.1462152600288391,0.09294956177473068,0.5532413721084595,-0.10531332343816757,0.20398251712322235,0.5479732155799866,-0.1435903161764145,0.24505573511123657,0.5544945001602173,-0.14438456296920776,0.26997584104537964,0.5434428453445435,-0.14359456300735474,0.08182156085968018,0.6313294172286987,-0.12439201027154922,0.16803528368473053,0.6358639597892761,-0.15127187967300415,0.18186074495315552,0.6493840217590332,-0.14450253546237946,0.18016251921653748,0.6496605277061462,-0.1382799595594406,accelerate
0.028990954160690308,0.6859579682350159,2.1213294587596465e-07,0.03904196619987488,0.585692822933197,0.03150717541575432,0.06344220042228699,0.49233198165893555,0.028933120891451836,0.08098168671131134,0.42097365856170654,0.016859715804457664,0.07475311309099197,0.36279451847076416,0.0029888292774558067,0.13294707238674164,0.44738954305648804,-0.008164973929524422,0.2171735167503357,0.3564317226409912,-0.024592125788331032,0.2701846957206726,0.3588916063308716,-0.02825315110385418,0.29040923714637756,0.3877020478248596,-0.024896813556551933,0.1525835245847702,0.48133406043052673,-0.033869583159685135,0.2657128572463989,0.4129120707511902,-0.04054727777838707,0.2979534864425659,0.45112890005111694,-0.03136077895760536,0.2955639362335205,0.487326443195343,-0.02215874008834362,0.1723964512348175,0.5312612056732178,-0.05581476911902428,0.2793772220611572,0.4930174946784973,-0.05217352882027626,0.2917002737522125,0.5329276323318481,-0.03013678267598152,0.27462583780288696,0.5590498447418213,-0.015749044716358185,0.18606029450893402,0.5893197059631348,-0.07599698007106781,0.2649674117565155,0.5652215480804443,-0.06316791474819183,0.27033722400665283,0.586517870426178,-0.03830420598387718,0.2547357976436615,0.6017526984214783,-0.019652655348181725,accelerate
0.03203435242176056,0.6940087676048279,1.5709974832134321e-07,0.04736107587814331,0.5952931642532349,0.04612407460808754,0.07653068751096725,0.5258327126502991,0.04903184995055199,0.08123988658189774,0.48008257150650024,0.03851066157221794,0.07327188551425934,0.45052576065063477,0.027042735368013382,0.14756989479064941,0.47472989559173584,0.016319595277309418,0.22710932791233063,0.38415032625198364,0.0053926375694572926,0.27250683307647705,0.38328397274017334,0.006456930190324783,0.28998032212257385,0.4099752902984619,0.013420941308140755,0.1685274988412857,0.5009360909461975,-0.0182561706751585,0.2660091519355774,0.4057178497314453,-0.026686185970902443,0.30998653173446655,0.42135101556777954,-0.017338205128908157,0.3168456554412842,0.4608628749847412,-0.003917943686246872,0.18425965309143066,0.544546365737915,-0.04910317435860634,0.29004624485969543,0.4706836938858032,-0.04729915037751198,0.3260667324066162,0.49491390585899353,-0.0209833811968565,0.3283190131187439,0.5265394449234009,0.001060171634890139,0.19788317382335663,0.6028186082839966,-0.07750555127859116,0.2850809097290039,0.5562516450881958,-0.07084760814905167,0.3222656548023224,0.5650708079338074,-0.0468553826212883,0.3314017057418823,0.5808820128440857,-0.02428952418267727,accelerate
0.033241450786590576,0.6802201271057129,1.4133512138414517e-07,0.06577137112617493,0.5767849683761597,0.044875938445329666,0.11773582547903061,0.5153893232345581,0.0489511601626873,0.16135819256305695,0.49866974353790283,0.039200421422719955,0.20302322506904602,0.5001721382141113,0.029258809983730316,0.14591743052005768,0.4744655191898346,0.016988592222332954,0.2209721803665161,0.3870653212070465,0.0012356863589957356,0.2651495039463043,0.3919634222984314,-0.00021522646420635283,0.28008419275283813,0.42737001180648804,0.00680184131488204,0.16452030837535858,0.4979023039340973,-0.017487062141299248,0.2583935856819153,0.4007991552352905,-0.031184084713459015,0.30416613817214966,0.41739410161972046,-0.024865027517080307,0.3097931742668152,0.46567070484161377,-0.011364740319550037,0.17954789102077484,0.5399926900863647,-0.04892679676413536,0.2816786766052246,0.46954554319381714,-0.0545489564538002,0.3216530680656433,0.49489226937294006,-0.03391443192958832,0.32559648156166077,0.5324237942695618,-0.01316528208553791,0.19296203553676605,0.5960163474082947,-0.0775408148765564,0.27753230929374695,0.5537319779396057,-0.074950210750103,0.3139042556285858,0.5642598867416382,-0.054514966905117035,0.32300883531570435,0.5851045846939087,-0.033198922872543335,accelerate
0.03034701943397522,0.6681554317474365,2.6262438268531696e-07,0.06752549856901169,0.5727684497833252,0.03967369347810745,0.119089275598526,0.5090802311897278,0.04014366865158081,0.1616654396057129,0.4913296699523926,0.027883397415280342,0.20454463362693787,0.4935721457004547,0.016171902418136597,0.1407148540019989,0.46310198307037354,0.008772255852818489,0.21524231135845184,0.3738197684288025,-0.011541993357241154,0.262239933013916,0.3819119930267334,-0.014490415342152119,0.2762480676174164,0.4227023422718048,-0.007408869452774525,0.15260976552963257,0.4869720935821533,-0.02420281618833542,0.2503284811973572,0.3993549346923828,-0.04435937479138374,0.29758837819099426,0.4198383092880249,-0.038756128400564194,0.304350882768631,0.46634548902511597,-0.023561948910355568,0.16397938132286072,0.5308417081832886,-0.05453858524560928,0.2688537836074829,0.4729478359222412,-0.06433898955583572,0.3115616738796234,0.49809378385543823,-0.041829485446214676,0.31996405124664307,0.5311294794082642,-0.018007701262831688,0.1749914139509201,0.5902259349822998,-0.08245339244604111,0.25928062200546265,0.5555244088172913,-0.08097013086080551,0.2977272570133209,0.563912570476532,-0.05845852196216583,0.3122936487197876,0.5800514817237854,-0.03459734097123146,accelerate
0.02449190616607666,0.664504885673523,2.4640473839099286e-07,0.06159650534391403,0.5674129724502563,0.04133063554763794,0.11377570033073425,0.5035261511802673,0.04092290624976158,0.16042460501194,0.4811849296092987,0.028563033789396286,0.20981267094612122,0.48126187920570374,0.016343433409929276,0.1256304681301117,0.4598824381828308,0.0023451093584299088,0.19283965229988098,0.365136981010437,-0.015554424375295639,0.23879219591617584,0.37299638986587524,-0.015030626207590103,0.25393927097320557,0.4095741808414459,-0.006516263820230961,0.13400208950042725,0.4817454218864441,-0.030779778957366943,0.24240145087242126,0.40579700469970703,-0.048416584730148315,0.28559282422065735,0.4356119930744171,-0.0407087467610836,0.288767009973526,0.4794695973396301,-0.025364818051457405,0.14417314529418945,0.5258536338806152,-0.06017693877220154,0.2552206218242645,0.469603955745697,-0.0675969049334526,0.29745620489120483,0.4967794716358185,-0.04451780021190643,0.3046354055404663,0.5295370817184448,-0.02231908217072487,0.15309131145477295,0.5855377316474915,-0.086628258228302,0.23822182416915894,0.5511259436607361,-0.0848115086555481,0.2779097557067871,0.5595179796218872,-0.06304605305194855,0.29355984926223755,0.5728891491889954,-0.04112629592418671,accelerate
0.027305543422698975,0.6627820730209351,2.6046237167065556e-07,0.06146638095378876,0.5656038522720337,0.0342402420938015,0.11395232379436493,0.4981256127357483,0.03196142986416817,0.16025066375732422,0.4780387580394745,0.018866674974560738,0.20822110772132874,0.4818059206008911,0.005493964999914169,0.13157714903354645,0.4617990255355835,0.0010046191746369004,0.20517361164093018,0.3793522119522095,-0.01736804097890854,0.25328776240348816,0.3853084444999695,-0.02095527946949005,0.2711394131183624,0.41729119420051575,-0.01655864715576172,0.1425890475511551,0.48559752106666565,-0.02901635318994522,0.24995829164981842,0.4112251102924347,-0.04604440554976463,0.29061174392700195,0.4407954216003418,-0.04259660094976425,0.29094648361206055,0.4837874174118042,-0.03164421021938324,0.15454736351966858,0.5306164026260376,-0.05587988346815109,0.2640444338321686,0.4727313816547394,-0.06280975788831711,0.3037203550338745,0.5001158118247986,-0.04438095539808273,0.3067159652709961,0.5324065089225769,-0.02651667781174183,0.16362959146499634,0.5903935432434082,-0.08041105419397354,0.24867235124111176,0.5552911162376404,-0.07859914749860764,0.2868701219558716,0.5641597509384155,-0.05951756238937378,0.2995282709598541,0.5777350068092346,-0.04071228951215744,accelerate
0.02830272912979126,0.6675591468811035,1.2818443906326138e-07,0.0647512823343277,0.5731531977653503,0.037126827985048294,0.11870715022087097,0.5057744979858398,0.03680095449090004,0.1659066379070282,0.48353642225265503,0.02523527666926384,0.2136533260345459,0.48430049419403076,0.013117226772010326,0.13709041476249695,0.46420586109161377,0.003918071277439594,0.2221342921257019,0.38476091623306274,-0.012661942280828953,0.26482677459716797,0.40338408946990967,-0.014604593627154827,0.275781512260437,0.4412444829940796,-0.009511609561741352,0.145756796002388,0.486573725938797,-0.026400668546557426,0.25548720359802246,0.4124628007411957,-0.040433790534734726,0.29070574045181274,0.44907593727111816,-0.03629386052489281,0.29009658098220825,0.49176862835884094,-0.026780197396874428,0.15619441866874695,0.5309586524963379,-0.05347668007016182,0.2668466567993164,0.47141897678375244,-0.058891355991363525,0.30509841442108154,0.5012502074241638,-0.04367595538496971,0.31090086698532104,0.5339272618293762,-0.030021442100405693,0.1648981273174286,0.5898706912994385,-0.07781811058521271,0.2487908899784088,0.5540391802787781,-0.07540085166692734,0.2880123555660248,0.5619790554046631,-0.05932826176285744,0.3050050735473633,0.5740154385566711,-0.044788140803575516,accelerate
0.03220538794994354,0.6818550229072571,1.6227082255682035e-07,0.06778675317764282,0.5785504579544067,0.040034133940935135,0.12158364057540894,0.5098451972007751,0.04139760509133339,0.16805368661880493,0.4900934100151062,0.030978193506598473,0.21606017649173737,0.49225619435310364,0.020218035206198692,0.14112374186515808,0.47067320346832275,0.009384464472532272,0.21754924952983856,0.3897285461425781,-0.006484983488917351,0.2629527449607849,0.3995519280433655,-0.008161891251802444,0.2796401381492615,0.43293726444244385,-0.0021833041682839394,0.15465708076953888,0.49578478932380676,-0.02232447639107704,0.26268795132637024,0.4226132333278656,-0.03593350574374199,0.30155864357948303,0.45289260149002075,-0.030450573191046715,0.3022114038467407,0.4952508211135864,-0.01829494535923004,0.16843801736831665,0.5419186949729919,-0.05064282938838005,0.2778496742248535,0.48427146673202515,-0.05540023371577263,0.31608647108078003,0.5093334913253784,-0.03619207441806793,0.31984469294548035,0.5400213003158569,-0.017796242609620094,0.17965096235275269,0.6019739508628845,-0.07613302022218704,0.26632553339004517,0.5612953901290894,-0.07121222466230392,0.3030861020088196,0.5684478878974915,-0.04971024766564369,0.3151438236236572,0.5823016166687012,-0.02927340567111969,accelerate
0.03467649221420288,0.6863605976104736,9.378651100178104e-08,0.07032518833875656,0.5914312601089478,0.04377388954162598,0.1255350112915039,0.5276312232017517,0.047368261963129044,0.17094354331493378,0.5081223249435425,0.03825473412871361,0.21670763194561005,0.5084569454193115,0.028314847499132156,0.15087297558784485,0.4806991517543793,0.017390601336956024,0.23038417100906372,0.4044322669506073,0.005331988912075758,0.27253520488739014,0.413615882396698,0.004158258903771639,0.2855854034423828,0.4447912573814392,0.009148962795734406,0.16262075304985046,0.5000799298286438,-0.015309998765587807,0.26835229992866516,0.427629292011261,-0.024416470900177956,0.3035114109516144,0.457874059677124,-0.019767628982663155,0.3025940954685211,0.4994922876358032,-0.01055600680410862,0.17440806329250336,0.541697084903717,-0.044529762119054794,0.2829480469226837,0.48490065336227417,-0.045928582549095154,0.3202497661113739,0.5137167572975159,-0.03010292537510395,0.32442706823349,0.5477101802825928,-0.016563255339860916,0.18429350852966309,0.5970709919929504,-0.07064374536275864,0.2691922187805176,0.5622912049293518,-0.06434720754623413,0.30708983540534973,0.5709467530250549,-0.046312686055898666,0.32193252444267273,0.5835642218589783,-0.03059902973473072,accelerate
0.03566278517246246,0.6867311000823975,1.4662786895769386e-07,0.07331953197717667,0.596469521522522,0.042152248322963715,0.12920767068862915,0.5324757695198059,0.04441210255026817,0.17428047955036163,0.5139570832252502,0.03374943137168884,0.22001752257347107,0.5147667527198792,0.022623341530561447,0.15295258164405823,0.4810207486152649,0.015647578984498978,0.24028407037258148,0.40875720977783203,-0.000984232989139855,0.28331509232521057,0.429980993270874,-0.0056821443140506744,0.2948404550552368,0.4745410680770874,-0.0019483246142044663,0.16051213443279266,0.49980294704437256,-0.01664098910987377,0.27364176511764526,0.4374506175518036,-0.030102470889687538,0.31275665760040283,0.47482118010520935,-0.027902178466320038,0.3155261278152466,0.522536039352417,-0.01962558552622795,0.16961145401000977,0.5403759479522705,-0.04588528722524643,0.2829644978046417,0.48694518208503723,-0.050321076065301895,0.323910117149353,0.5209841132164001,-0.03589949011802673,0.3305252194404602,0.5612620711326599,-0.022032666951417923,0.17855699360370636,0.5956496596336365,-0.07226265966892242,0.2677449882030487,0.5588638782501221,-0.06687270104885101,0.3077170252799988,0.5724492073059082,-0.04866201803088188,0.3232877254486084,0.5941063165664673,-0.03206969052553177,accelerate
0.02925059199333191,0.6850234270095825,1.6767604904543987e-07,0.072625070810318,0.6052830815315247,0.042481984943151474,0.12839609384536743,0.5411747097969055,0.0448337160050869,0.1765405237674713,0.5188341736793518,0.034177083522081375,0.22268062829971313,0.5168642997741699,0.022826608270406723,0.1489674150943756,0.47526463866233826,0.01668645069003105,0.24194732308387756,0.4197881817817688,0.0011851047165691853,0.28480255603790283,0.44895774126052856,-0.004752807784825563,0.29847773909568787,0.49441590905189514,-0.0033993374090641737,0.1522696167230606,0.4927639961242676,-0.015518448315560818,0.27036112546920776,0.44253236055374146,-0.02747584693133831,0.31308168172836304,0.4829101860523224,-0.02729492448270321,0.3227296769618988,0.5306264162063599,-0.022702010348439217,0.15919935703277588,0.5321280360221863,-0.044736701995134354,0.27648472785949707,0.48477703332901,-0.04841094836592674,0.32111066579818726,0.5228083729743958,-0.038495857268571854,0.33259329199790955,0.5661042928695679,-0.029617425054311752,0.16901665925979614,0.5873568058013916,-0.07108121365308762,0.26040735840797424,0.5536442399024963,-0.0650269091129303,0.30191850662231445,0.569390058517456,-0.05014048516750336,0.321400910615921,0.5928149223327637,-0.03788412734866142,accelerate
0.03225697576999664,0.6863796710968018,1.0954898499448973e-07,0.07870884239673615,0.607560396194458,0.04350842162966728,0.13538289070129395,0.5435398817062378,0.04680294916033745,0.18059732019901276,0.5189422369003296,0.03661206737160683,0.22376590967178345,0.5120803713798523,0.025572067126631737,0.1579766869544983,0.47727715969085693,0.018488967791199684,0.24992644786834717,0.4205920696258545,0.0006446780753321946,0.29072874784469604,0.4560655653476715,-0.007724878378212452,0.30117112398147583,0.5055713653564453,-0.007409730460494757,0.1606219857931137,0.494088351726532,-0.014844168908894062,0.27606678009033203,0.44490325450897217,-0.02766989916563034,0.3175453543663025,0.48825886845588684,-0.02852410450577736,0.32373711466789246,0.536345899105072,-0.02449990063905716,0.1653154343366623,0.5320915579795837,-0.04544268548488617,0.2791030704975128,0.48545408248901367,-0.049943193793296814,0.32224100828170776,0.5247313976287842,-0.03990665078163147,0.3312762975692749,0.5677388906478882,-0.030614785850048065,0.17148534953594208,0.5849679112434387,-0.07315345853567123,0.26022857427597046,0.5490418672561646,-0.06873605400323868,0.3012278974056244,0.5648850798606873,-0.053878456354141235,0.31931501626968384,0.5889931917190552,-0.04099409282207489,accelerate
0.03786271810531616,0.6926360726356506,1.1338191541199194e-07,0.0794791430234909,0.6096686720848083,0.05352870002388954,0.1341468244791031,0.5430912971496582,0.06252729147672653,0.1801079660654068,0.5139273405075073,0.05666104331612587,0.22509343922138214,0.504422128200531,0.04966083914041519,0.1508004367351532,0.47679561376571655,0.029405876994132996,0.2255564033985138,0.39883410930633545,0.019448954612016678,0.2682513892650604,0.41569456458091736,0.01832086592912674,0.2858983278274536,0.4558878242969513,0.023133140057325363,0.1573622077703476,0.49408799409866333,-0.007150557357817888,0.2659384310245514,0.43940597772598267,-0.01444789208471775,0.3070759177207947,0.47457757592201233,-0.009736856445670128,0.314716637134552,0.5208556652069092,-0.000784147996455431,0.16564589738845825,0.5322144031524658,-0.03989719972014427,0.2761470079421997,0.4878291189670563,-0.03944239020347595,0.31920504570007324,0.5201591849327087,-0.022731993347406387,0.3306780159473419,0.559707760810852,-0.008479385636746883,0.17567375302314758,0.5843641757965088,-0.06904615461826324,0.26210397481918335,0.5506559014320374,-0.06076224520802498,0.3015936315059662,0.5639271140098572,-0.04105493426322937,0.3197771906852722,0.585326611995697,-0.023745836690068245,accelerate
0.03507569432258606,0.6891831159591675,1.3294534539909364e-07,0.08254936337471008,0.6130250692367554,0.050404686480760574,0.13759316504001617,0.550133466720581,0.05737072229385376,0.18557649850845337,0.5246776938438416,0.04975919425487518,0.2314884066581726,0.520361065864563,0.040252137929201126,0.15439461171627045,0.4741640090942383,0.025249876081943512,0.23587019741535187,0.41796618700027466,0.014245818369090557,0.27993300557136536,0.4352550804615021,0.01033135037869215,0.29915523529052734,0.47165149450302124,0.011912541463971138,0.1581689715385437,0.4917813837528229,-0.010870145633816719,0.27413368225097656,0.4598580300807953,-0.018518317490816116,0.31629884243011475,0.49665090441703796,-0.01733623631298542,0.32562658190727234,0.5403724312782288,-0.01273183524608612,0.16586309671401978,0.5315725803375244,-0.04320381581783295,0.2784995138645172,0.4990883469581604,-0.04352236166596413,0.3208090364933014,0.5331056118011475,-0.03139839321374893,0.3313087224960327,0.5707420110702515,-0.021675176918506622,0.17631712555885315,0.5835670232772827,-0.07214109599590302,0.26374146342277527,0.5535932183265686,-0.06509462743997574,0.30347439646720886,0.5658382177352905,-0.04856855794787407,0.3228457570075989,0.5839614868164062,-0.03480439633131027,accelerate
0.03953319787979126,0.6868613958358765,1.7394853557561873e-07,0.09019002318382263,0.6178581714630127,0.043284084647893906,0.14789199829101562,0.5512625575065613,0.04700886830687523,0.19868294894695282,0.5227249264717102,0.0375889390707016,0.2442684769630432,0.5137985348701477,0.02769613079726696,0.1598714292049408,0.4721618592739105,0.016105884686112404,0.2610723674297333,0.4387982487678528,-0.0016087210969999433,0.3036520183086395,0.48161613941192627,-0.009681504219770432,0.31807106733322144,0.5313915014266968,-0.00965852290391922,0.1602982133626938,0.48722246289253235,-0.016634102910757065,0.28412431478500366,0.45731380581855774,-0.02820647694170475,0.32644927501678467,0.5036325454711914,-0.027412934228777885,0.3380891978740692,0.5508121848106384,-0.023188691586256027,0.16556599736213684,0.5240275859832764,-0.04673537239432335,0.28534001111984253,0.4962802231311798,-0.050002407282590866,0.32998716831207275,0.5386497974395752,-0.04078173637390137,0.3442738354206085,0.580505907535553,-0.032990530133247375,0.17508171498775482,0.5756713151931763,-0.07408289611339569,0.26786547899246216,0.5526058673858643,-0.06838848441839218,0.3086104393005371,0.5741397738456726,-0.05461956560611725,0.3282196521759033,0.6009946465492249,-0.043396878987550735,accelerate
0.039024025201797485,0.6983747482299805,1.2619582889783487e-07,0.08418325334787369,0.6220490336418152,0.04807131364941597,0.13939964771270752,0.5540761351585388,0.05402708053588867,0.18578851222991943,0.5253145694732666,0.045708466321229935,0.23009079694747925,0.5166255831718445,0.03652017563581467,0.16091659665107727,0.47815045714378357,0.024429427459836006,0.25565439462661743,0.432220995426178,0.009306160733103752,0.2990475296974182,0.46786078810691833,0.0024572662077844143,0.31401729583740234,0.5167439579963684,0.003313557943329215,0.16382475197315216,0.49316251277923584,-0.010047976858913898,0.28170451521873474,0.4558265209197998,-0.01962899975478649,0.32428014278411865,0.4974242150783539,-0.018741212785243988,0.33470574021339417,0.5443093180656433,-0.014301405288279057,0.17064514756202698,0.5296449065208435,-0.041587844491004944,0.2856963276863098,0.4961075484752655,-0.04278072342276573,0.32769763469696045,0.5347334742546082,-0.0321740098297596,0.33908143639564514,0.5754699110984802,-0.02324664406478405,0.18000787496566772,0.5800719857215881,-0.0700596496462822,0.269748330116272,0.5505218505859375,-0.06172711029648781,0.3087676167488098,0.5675703883171082,-0.04560881108045578,0.32722920179367065,0.5916188955307007,-0.032515544444322586,accelerate
0.050744861364364624,0.703391969203949,1.847218982220511e-07,0.08841246366500854,0.6130561828613281,0.0502796545624733,0.1444612741470337,0.5445374250411987,0.05789034441113472,0.19155406951904297,0.5212339162826538,0.052210938185453415,0.23507899045944214,0.5162012577056885,0.046678707003593445,0.15904568135738373,0.48156431317329407,0.017701076343655586,0.21582281589508057,0.38488900661468506,0.004902375862002373,0.26289603114128113,0.38950687646865845,0.005331966560333967,0.28392288088798523,0.4276365041732788,0.01295324694365263,0.1708507537841797,0.49995487928390503,-0.016367245465517044,0.2825487554073334,0.4540175795555115,-0.02753353863954544,0.32062673568725586,0.4892396032810211,-0.020951861515641212,0.32101577520370483,0.5323670506477356,-0.008019903674721718,0.18304488062858582,0.5392862558364868,-0.04605614393949509,0.2934321165084839,0.5056764483451843,-0.047402095049619675,0.32727861404418945,0.5377252697944641,-0.025495724752545357,0.32901132106781006,0.5712747573852539,-0.005081555340439081,0.1963798701763153,0.5915599465370178,-0.07229702174663544,0.28386199474334717,0.5645811557769775,-0.06349528580904007,0.316206157207489,0.5805911421775818,-0.03950446471571922,0.3259015679359436,0.599647581577301,-0.01663612760603428,accelerate
0.04629705846309662,0.7024936079978943,1.7394489759681164e-07,0.08577322959899902,0.6118588447570801,0.05238484963774681,0.1424477994441986,0.5412094593048096,0.06055472046136856,0.19114013016223907,0.5153927803039551,0.05493687093257904,0.2348870486021042,0.5092512965202332,0.04971787706017494,0.15680193901062012,0.4801321029663086,0.016820712015032768,0.21297383308410645,0.37918248772621155,0.003022571327164769,0.2612060010433197,0.3822551667690277,0.004420595709234476,0.28053852915763855,0.4220651090145111,0.013750693760812283,0.16657449305057526,0.500182569026947,-0.017921732738614082,0.2827927768230438,0.45524531602859497,-0.029554855078458786,0.320773720741272,0.4929389953613281,-0.02122710831463337,0.31847941875457764,0.5352410674095154,-0.0063808755949139595,0.1786179542541504,0.540172815322876,-0.0481400303542614,0.2914634943008423,0.5078927278518677,-0.05101943016052246,0.3247617483139038,0.5437662601470947,-0.028208952397108078,0.3227025866508484,0.5784741044044495,-0.006132606882601976,0.19206690788269043,0.5909028053283691,-0.07451921701431274,0.28157109022140503,0.5637447237968445,-0.06738931685686111,0.31462812423706055,0.582391083240509,-0.0436396598815918,0.32303622364997864,0.603036105632782,-0.02003961056470871,accelerate
0.048731014132499695,0.6912301778793335,1.516219896302573e-07,0.08936388790607452,0.602189838886261,0.04643496498465538,0.1447664350271225,0.5368789434432983,0.05240268632769585,0.1945907473564148,0.5173734426498413,0.04537322372198105,0.24002180993556976,0.5154948830604553,0.03754636272788048,0.15669971704483032,0.47463035583496094,0.01601715199649334,0.20823301374912262,0.3849007487297058,0.004653154872357845,0.2485118955373764,0.385339617729187,0.004522698000073433,0.26356953382492065,0.41577017307281494,0.010404560714960098,0.16696280241012573,0.4909791648387909,-0.017031177878379822,0.2821940779685974,0.4561544954776764,-0.027009671553969383,0.31701400876045227,0.4974573254585266,-0.022706132382154465,0.3148382008075714,0.5397261381149292,-0.013260108418762684,0.1794106662273407,0.5296427011489868,-0.04593516141176224,0.2919808328151703,0.5043768882751465,-0.04955209791660309,0.3225269019603729,0.5440427660942078,-0.03401045873761177,0.3201179504394531,0.5788690447807312,-0.019144486635923386,0.19275470077991486,0.5814485549926758,-0.07119052857160568,0.28359895944595337,0.5577515959739685,-0.06514112651348114,0.3140847086906433,0.5797981023788452,-0.044635090976953506,0.31988269090652466,0.600943386554718,-0.025778133422136307,accelerate
0.04437977075576782,0.696060299873352,8.721107036535614e-08,0.08117124438285828,0.6047579646110535,0.05003435164690018,0.1365594118833542,0.5379447937011719,0.05831556022167206,0.1864037960767746,0.5168166756629944,0.05299898982048035,0.23168142139911652,0.516356885433197,0.04601877182722092,0.15230491757392883,0.47835585474967957,0.02028386853635311,0.21129396557807922,0.3959418833255768,0.012203868478536606,0.2532447874546051,0.3988448977470398,0.013511492870748043,0.2702840566635132,0.4285591244697571,0.019396835938096046,0.1665549874305725,0.4952579736709595,-0.01420497614890337,0.27972713112831116,0.4562380313873291,-0.020845098420977592,0.31261709332466125,0.49437761306762695,-0.01632588915526867,0.3090228736400604,0.535742461681366,-0.007831069640815258,0.1810503751039505,0.5346239805221558,-0.0440572090446949,0.29106342792510986,0.5044492483139038,-0.043874915689229965,0.31965917348861694,0.5410646200180054,-0.028814956545829773,0.31631726026535034,0.5750728845596313,-0.015751635655760765,0.1949215829372406,0.5874020457267761,-0.07010286301374435,0.28297895193099976,0.5582722425460815,-0.06171955540776253,0.31428295373916626,0.5764158368110657,-0.042096663266420364,0.32198622822761536,0.5962635278701782,-0.024950161576271057,accelerate
0.049045711755752563,0.7043489217758179,9.0466997448857e-08,0.08212388306856155,0.6108793616294861,0.04317079856991768,0.13692378997802734,0.5415138006210327,0.048273295164108276,0.187096506357193,0.5203844308853149,0.04094813019037247,0.23529452085494995,0.5214249491691589,0.032722458243370056,0.1573789417743683,0.48048606514930725,0.018666774034500122,0.22188669443130493,0.4078713059425354,0.008108176290988922,0.26282215118408203,0.4155762791633606,0.006312445737421513,0.2772476077079773,0.4487139880657196,0.010187586769461632,0.17081978917121887,0.4994541108608246,-0.01275684591382742,0.2822840213775635,0.463973730802536,-0.020674679428339005,0.31492123007774353,0.5031124353408813,-0.01805718243122101,0.312616229057312,0.5443577766418457,-0.011559268459677696,0.18487614393234253,0.5388049483299255,-0.04054794833064079,0.2952118217945099,0.5102163553237915,-0.042180608958005905,0.3236744701862335,0.5472530722618103,-0.02972998283803463,0.32038265466690063,0.5821556448936462,-0.0185923520475626,0.19775159657001495,0.5905572772026062,-0.06512103229761124,0.28769800066947937,0.5624856948852539,-0.05747411027550697,0.31762540340423584,0.5838683247566223,-0.03879209980368614,0.32326367497444153,0.6069270968437195,-0.0227250624448061,accelerate
0.04721739888191223,0.6999884247779846,1.0526077431904923e-07,0.0810990035533905,0.6071285009384155,0.043345265090465546,0.13635388016700745,0.5379407405853271,0.04813140630722046,0.18617364764213562,0.5165161490440369,0.04044508934020996,0.2324068397283554,0.5159426331520081,0.031753815710544586,0.15596121549606323,0.47872617840766907,0.01470575574785471,0.2142794281244278,0.39553767442703247,0.0032780696637928486,0.2554503083229065,0.39875590801239014,0.002786073135212064,0.26981788873672485,0.4297722578048706,0.008007095195353031,0.16914430260658264,0.4965023696422577,-0.017338169738650322,0.2835230529308319,0.4623473584651947,-0.027174988761544228,0.31617632508277893,0.5041189789772034,-0.023610718548297882,0.31186866760253906,0.5463618636131287,-0.015343437902629375,0.18277780711650848,0.5355873703956604,-0.04550968110561371,0.29416999220848083,0.5094500184059143,-0.049339670687913895,0.32157617807388306,0.5499863028526306,-0.03550724312663078,0.3169018626213074,0.5864107012748718,-0.022302864119410515,0.19545650482177734,0.5874196887016296,-0.07028625905513763,0.2849119305610657,0.5608654618263245,-0.06540325284004211,0.31461745500564575,0.5844544768333435,-0.04678025096654892,0.31955039501190186,0.6085584759712219,-0.029617007821798325,accelerate
0.04426853358745575,0.6968600749969482,8.97214960104975e-08,0.07940138131380081,0.6072426438331604,0.046861711889505386,0.13600262999534607,0.5400674939155579,0.05432150512933731,0.18602457642555237,0.5226117968559265,0.048464562743902206,0.2323581427335739,0.5254951119422913,0.041165899485349655,0.15327762067317963,0.481467068195343,0.02093653939664364,0.20791547000408173,0.3919961452484131,0.01079471968114376,0.24925243854522705,0.3909076154232025,0.010588961653411388,0.2637545168399811,0.4213598966598511,0.01639154739677906,0.16754797101020813,0.49961528182029724,-0.01198363583534956,0.2805204689502716,0.4648377597332001,-0.020461538806557655,0.31198111176490784,0.5064816474914551,-0.016898028552532196,0.3060365915298462,0.5474725961685181,-0.008295183070003986,0.1823822408914566,0.5390552282333374,-0.04105430096387863,0.29282844066619873,0.5112094283103943,-0.04380607604980469,0.3205985426902771,0.5498108863830566,-0.03004092536866665,0.3152182698249817,0.5835441946983337,-0.016677992418408394,0.19606377184391022,0.5908522009849548,-0.06645034998655319,0.2860504686832428,0.561961829662323,-0.060325987637043,0.3174566626548767,0.5837419033050537,-0.04110826924443245,0.3231724500656128,0.6060570478439331,-0.023485073819756508,accelerate
0.0493159294128418,0.6993042230606079,1.2706995278222166e-07,0.08072517812252045,0.6072053909301758,0.041618622839450836,0.13742396235466003,0.5384736061096191,0.04663478583097458,0.18825533986091614,0.5187152624130249,0.03983147442340851,0.23463045060634613,0.5208479166030884,0.032640598714351654,0.15561729669570923,0.4764838218688965,0.01557422336190939,0.2107507735490799,0.3869624137878418,0.0044918968342244625,0.2549282908439636,0.3901349902153015,0.0033675851300358772,0.2711634039878845,0.42752593755722046,0.00845090951770544,0.1719304919242859,0.4979143440723419,-0.014826317317783833,0.2823919653892517,0.47099941968917847,-0.02311776764690876,0.31421247124671936,0.5106169581413269,-0.0207670871168375,0.3099077343940735,0.5504561066627502,-0.014195325784385204,0.18802762031555176,0.5389663577079773,-0.041628483682870865,0.2947866916656494,0.5143144726753235,-0.04269444942474365,0.32110944390296936,0.5499924421310425,-0.02871773950755596,0.316579133272171,0.5807342529296875,-0.016694221645593643,0.2026258260011673,0.5917229652404785,-0.06541582196950912,0.28985846042633057,0.5648466348648071,-0.058014046400785446,0.31850433349609375,0.5841270685195923,-0.03851917013525963,0.3233875334262848,0.6034183502197266,-0.021362533792853355,accelerate
0.051920339465141296,0.6986328363418579,9.964092129166602e-08,0.08861388266086578,0.6127077341079712,0.04884668067097664,0.14486783742904663,0.5460669994354248,0.05783550441265106,0.19462379813194275,0.5255146026611328,0.05324793979525566,0.2404441237449646,0.5256284475326538,0.047196414321660995,0.1587073653936386,0.48280802369117737,0.025684744119644165,0.21688023209571838,0.40416958928108215,0.0195663720369339,0.255506694316864,0.40648403763771057,0.02094390243291855,0.27157095074653625,0.435472309589386,0.02683134377002716,0.1722549945116043,0.5000032782554626,-0.00734509015455842,0.2817070186138153,0.4698585569858551,-0.010089587420225143,0.3151569068431854,0.5048491954803467,-0.005105608608573675,0.31589964032173157,0.5438254475593567,0.00292140687815845,0.1860189288854599,0.5387815237045288,-0.03635672479867935,0.2915036082267761,0.5150102376937866,-0.03418859839439392,0.31999850273132324,0.5489009618759155,-0.020831488072872162,0.3200344443321228,0.582431972026825,-0.009371655061841011,0.20004042983055115,0.5892079472541809,-0.06176706403493881,0.2847568392753601,0.5638904571533203,-0.05248555541038513,0.3151206970214844,0.5824734568595886,-0.033646974712610245,0.3236984610557556,0.6041747331619263,-0.01732792891561985,accelerate
0.05305592715740204,0.6917513608932495,1.5252530261022912e-07,0.08751040697097778,0.5988954901695251,0.04152662679553032,0.14376620948314667,0.5331640243530273,0.046984635293483734,0.19407853484153748,0.5151976346969604,0.04061712697148323,0.24038666486740112,0.5180412530899048,0.0336574949324131,0.1592358648777008,0.47486361861228943,0.01618933118879795,0.2143804132938385,0.3931804299354553,0.005122686270624399,0.2541970908641815,0.3974410891532898,0.003589032916352153,0.26888519525527954,0.43124574422836304,0.00853917095810175,0.17244853079319,0.4947306513786316,-0.013635346665978432,0.2805250585079193,0.46620070934295654,-0.020999949425458908,0.31505584716796875,0.5008606314659119,-0.018098000437021255,0.3152245283126831,0.540562093257904,-0.010587801225483418,0.18619097769260406,0.5358812808990479,-0.039920978248119354,0.2913205027580261,0.5109876990318298,-0.04093490540981293,0.3207162022590637,0.5434330105781555,-0.027840109542012215,0.3197181224822998,0.5755701661109924,-0.015507828444242477,0.199557363986969,0.5888291001319885,-0.06322033703327179,0.28451991081237793,0.5622292160987854,-0.05604926124215126,0.31396105885505676,0.5807470083236694,-0.037323057651519775,0.32085102796554565,0.6025546789169312,-0.020082026720046997,accelerate
0.046114593744277954,0.6952759623527527,1.1315616177398624e-07,0.07771512120962143,0.6067518591880798,0.04340609535574913,0.1318456083536148,0.5396649241447449,0.04950239136815071,0.18006186187267303,0.5187575817108154,0.043269772082567215,0.22396411001682281,0.518505334854126,0.03575381636619568,0.15255051851272583,0.4785693287849426,0.016399869695305824,0.21841812133789062,0.40106475353240967,0.005727139301598072,0.26105162501335144,0.4066459536552429,0.0047339461743831635,0.27697300910949707,0.43919745087623596,0.009507914073765278,0.16679789125919342,0.49642202258110046,-0.014757241122424603,0.2787919044494629,0.4670616388320923,-0.022093236446380615,0.31088900566101074,0.5054244995117188,-0.01841619610786438,0.3080865740776062,0.5451839566230774,-0.01115985307842493,0.18070395290851593,0.535304069519043,-0.042159780859947205,0.28859418630599976,0.5121772885322571,-0.043186746537685394,0.3145686686038971,0.5484493970870972,-0.02949863113462925,0.3112582564353943,0.5815348625183105,-0.01759118027985096,0.1930227279663086,0.5860966444015503,-0.06641337275505066,0.27979910373687744,0.5605518817901611,-0.059675026684999466,0.31049853563308716,0.5793001651763916,-0.04144183173775673,0.31893202662467957,0.5998219847679138,-0.025397296994924545,accelerate
0.04867638647556305,0.6957892179489136,1.4047398622096807e-07,0.08222657442092896,0.6086952686309814,0.04729016497731209,0.1364581137895584,0.5425239205360413,0.055354394018650055,0.1838495135307312,0.5206941366195679,0.05042111873626709,0.22794602811336517,0.5205884575843811,0.04420233517885208,0.1520327925682068,0.4790840744972229,0.022930799052119255,0.2111636996269226,0.39662015438079834,0.015612639486789703,0.2532055974006653,0.398231565952301,0.01609961874783039,0.2711408734321594,0.42835408449172974,0.02174471691250801,0.16617383062839508,0.49731290340423584,-0.009226098656654358,0.27487343549728394,0.46845367550849915,-0.012711538933217525,0.31036946177482605,0.5018627643585205,-0.008681947365403175,0.3124602138996124,0.5402040481567383,-0.001438619801774621,0.1803903728723526,0.5363601446151733,-0.03733668476343155,0.285256028175354,0.5115566253662109,-0.03451842814683914,0.3150271475315094,0.5429230332374573,-0.020516175776720047,0.316276490688324,0.5744784474372864,-0.008920694701373577,0.19430525600910187,0.5870645642280579,-0.06209312379360199,0.27852877974510193,0.560723066329956,-0.05170372128486633,0.3099931478500366,0.5761458873748779,-0.031810831278562546,0.3201053738594055,0.5951136350631714,-0.014754882082343102,accelerate
0.04609590768814087,0.697490394115448,1.6654746559652267e-07,0.07855906337499619,0.6114192605018616,0.04494641721248627,0.1334424763917923,0.5423233509063721,0.05247965455055237,0.1824958622455597,0.5200752019882202,0.047720279544591904,0.22756332159042358,0.5192523002624512,0.04249913990497589,0.14993295073509216,0.4768160581588745,0.018352773040533066,0.20866045355796814,0.3883800804615021,0.00925680436193943,0.2513905465602875,0.3913872241973877,0.01028504315763712,0.26892003417015076,0.42654475569725037,0.017242221161723137,0.16448545455932617,0.4957619905471802,-0.012418265454471111,0.27522122859954834,0.4673459529876709,-0.017645901069045067,0.31240952014923096,0.5007680654525757,-0.012350481934845448,0.3155933618545532,0.5399479866027832,-0.003127874108031392,0.1790270358324051,0.5358179807662964,-0.039311837404966354,0.2848711311817169,0.5121706128120422,-0.038611553609371185,0.3154335618019104,0.5437654852867126,-0.023236777633428574,0.3168286085128784,0.5759276151657104,-0.00929192453622818,0.19332371652126312,0.5870036482810974,-0.06295379251241684,0.27837270498275757,0.5622311234474182,-0.05410868301987648,0.30901390314102173,0.5789703726768494,-0.033548835664987564,0.3183637857437134,0.5999115109443665,-0.014695972204208374,accelerate
0.0471615344285965,0.6937523484230042,1.417385107060909e-07,0.07947898656129837,0.6031542420387268,0.04050806909799576,0.13274839520454407,0.5343575477600098,0.04460886865854263,0.18269841372966766,0.5129737257957458,0.03719325736165047,0.22670795023441315,0.514656662940979,0.029496945440769196,0.14798325300216675,0.4754759967327118,0.009259483776986599,0.20311100780963898,0.38285863399505615,-0.005295961629599333,0.2482903003692627,0.3871561288833618,-0.007595391012728214,0.264901727437973,0.4277261197566986,-0.002426551654934883,0.16241241991519928,0.4957181513309479,-0.02042796090245247,0.27594923973083496,0.46739307045936584,-0.03133814036846161,0.3087010383605957,0.5069320201873779,-0.02848982624709606,0.3053629994392395,0.5477339029312134,-0.02081429213285446,0.17821016907691956,0.5357260704040527,-0.046424753963947296,0.287516713142395,0.5122925043106079,-0.04956435412168503,0.3141339421272278,0.5481052994728088,-0.03493470698595047,0.3102940320968628,0.5810295343399048,-0.021544966846704483,0.19338995218276978,0.587141215801239,-0.06944406777620316,0.2799190878868103,0.5632211565971375,-0.06362222880125046,0.30971190333366394,0.5816922783851624,-0.044815871864557266,0.3176095485687256,0.6012310981750488,-0.02734007127583027,accelerate
0.044052690267562866,0.6910896301269531,1.2649007885556784e-07,0.08307072520256042,0.6010235548019409,0.043772466480731964,0.13941149413585663,0.5354136228561401,0.04871782660484314,0.18910515308380127,0.5167242288589478,0.04079997539520264,0.234636589884758,0.5183743238449097,0.0322774313390255,0.15329834818840027,0.47329026460647583,0.017974378541111946,0.21106839179992676,0.386026531457901,0.004699221812188625,0.2553088665008545,0.39340919256210327,0.0016196162905544043,0.271363228559494,0.4323950409889221,0.005816396791487932,0.16512656211853027,0.4929318130016327,-0.014128945767879486,0.2757723331451416,0.4636041224002838,-0.023233508691191673,0.30847254395484924,0.5044413208961487,-0.02139643393456936,0.30461764335632324,0.5458827018737793,-0.014904518611729145,0.17835362255573273,0.5331230759620667,-0.04282933473587036,0.2867370545864105,0.5097255706787109,-0.04444769397377968,0.3150293231010437,0.546973705291748,-0.03064904361963272,0.31150615215301514,0.5803760290145874,-0.018365006893873215,0.1917051523923874,0.5848973989486694,-0.06848453730344772,0.27942872047424316,0.5602983236312866,-0.06103044003248215,0.3087429702281952,0.5800859332084656,-0.04156159609556198,0.31473875045776367,0.6001344919204712,-0.02431562915444374,accelerate
0.04335328936576843,0.6973614692687988,9.889458851830568e-08,0.07870838791131973,0.6084343194961548,0.048386018723249435,0.1332140862941742,0.5400304198265076,0.05590597540140152,0.18243619799613953,0.5164743065834045,0.05035053566098213,0.22736547887325287,0.5158562660217285,0.04416386038064957,0.14874884486198425,0.47515445947647095,0.016906974837183952,0.20757879316806793,0.3817381262779236,0.0051401881501078606,0.2509095072746277,0.38792914152145386,0.0049437559209764,0.2658810317516327,0.42918747663497925,0.011646523140370846,0.16173005104064941,0.49569088220596313,-0.0160677507519722,0.2756858766078949,0.4685712456703186,-0.023456299677491188,0.30808669328689575,0.5089442133903503,-0.01871643215417862,0.30440473556518555,0.5501763820648193,-0.010044395923614502,0.17517362534999847,0.5367840528488159,-0.04485119879245758,0.28430742025375366,0.5160993933677673,-0.04521341994404793,0.311436265707016,0.5530411601066589,-0.029011566191911697,0.30842286348342896,0.5864003300666809,-0.014943906106054783,0.18862207233905792,0.588188886642456,-0.07002609223127365,0.2757416367530823,0.5639251470565796,-0.06244906783103943,0.3058694005012512,0.5826284289360046,-0.04237036779522896,0.3143414855003357,0.6026235222816467,-0.02407921478152275,accelerate
0.04407957196235657,0.6920246481895447,1.3144844501766784e-07,0.08073754608631134,0.6054152846336365,0.04519160836935043,0.13595819473266602,0.5395915508270264,0.051238205283880234,0.18452118337154388,0.5183743238449097,0.04461393877863884,0.22938865423202515,0.5176236033439636,0.03701433539390564,0.1538878083229065,0.47422122955322266,0.018281657248735428,0.20501160621643066,0.388060986995697,0.008004676550626755,0.24464058876037598,0.3878183960914612,0.006683643441647291,0.25935599207878113,0.41823649406433105,0.01117895357310772,0.1655130684375763,0.49241188168525696,-0.013833959586918354,0.27641457319259644,0.46727436780929565,-0.02181190997362137,0.3093511760234833,0.5080413222312927,-0.019316239282488823,0.3071303069591522,0.5505504012107849,-0.012369695119559765,0.1777610331773758,0.5319348573684692,-0.04200631007552147,0.2866005301475525,0.5120725035667419,-0.043816253542900085,0.3158419132232666,0.5500227212905884,-0.03050711378455162,0.31377875804901123,0.5845959782600403,-0.018441075459122658,0.19001398980617523,0.5832866430282593,-0.06676849722862244,0.27842408418655396,0.5621845126152039,-0.060573793947696686,0.3093015253543854,0.5827941298484802,-0.0421675480902195,0.31684550642967224,0.6033409833908081,-0.025559457018971443,accelerate
0.04280358552932739,0.6970475912094116,2.089085882062136e-07,0.0827798917889595,0.6085675954818726,0.051760297268629074,0.1401708722114563,0.5426604151725769,0.05976561829447746,0.1877569556236267,0.5202051997184753,0.05407993867993355,0.23195287585258484,0.5146902203559875,0.0490066260099411,0.1516052782535553,0.4746110141277313,0.018676530569791794,0.20109505951404572,0.37451714277267456,0.004587132949382067,0.24775691330432892,0.3732575476169586,0.007324338424950838,0.2685728669166565,0.40633881092071533,0.01774105243384838,0.16283918917179108,0.4932396411895752,-0.0173528753221035,0.2764313817024231,0.43377238512039185,-0.03304264321923256,0.31797564029693604,0.472836971282959,-0.02436390146613121,0.31832200288772583,0.5231266021728516,-0.006169860251247883,0.17547443509101868,0.5355606079101562,-0.048968806862831116,0.28814035654067993,0.49944689869880676,-0.0558742880821228,0.3230043947696686,0.5379561185836792,-0.030433712527155876,0.32334357500076294,0.575367271900177,-0.0037295357324182987,0.1893768012523651,0.5918379426002502,-0.07672949135303497,0.2785685062408447,0.5634697675704956,-0.07177668809890747,0.30968672037124634,0.584992527961731,-0.0456581749022007,0.315510094165802,0.6085007190704346,-0.018638968467712402,accelerate
0.008561298251152039,0.6843485236167908,2.3718288844065682e-07,0.05676634609699249,0.600119948387146,0.03665768727660179,0.11247619241476059,0.526237428188324,0.03534410521388054,0.1624153107404709,0.48789098858833313,0.02267659455537796,0.2063567340373993,0.47230055928230286,0.01013217307627201,0.1237364411354065,0.45127397775650024,0.0043931142427027225,0.23372043669223785,0.42050328850746155,-0.015004417859017849,0.2798749804496765,0.457942396402359,-0.022470589727163315,0.2929996848106384,0.5056914687156677,-0.021566327661275864,0.12334398925304413,0.4698784351348877,-0.025319285690784454,0.24884912371635437,0.44518280029296875,-0.03776014968752861,0.2925015091896057,0.48844343423843384,-0.03512076288461685,0.3021659553050995,0.5339909195899963,-0.03051556833088398,0.12774595618247986,0.5083528757095337,-0.05257222801446915,0.24970576167106628,0.486329048871994,-0.05543430522084236,0.2911824882030487,0.5267921090126038,-0.044180337339639664,0.3023792505264282,0.5678197741508484,-0.03586748614907265,0.13565365970134735,0.562084972858429,-0.07753870636224747,0.22892294824123383,0.5402061343193054,-0.07024645060300827,0.2680770754814148,0.5618335008621216,-0.05470180884003639,0.28485623002052307,0.589043140411377,-0.04262671619653702,accelerate
-0.047445349395275116,0.6520865559577942,4.8841855004866375e-08,0.018154043704271317,0.5893002152442932,0.03256780654191971,0.05687328800559044,0.5274825096130371,0.03387388959527016,0.09659433364868164,0.4889027178287506,0.022788885980844498,0.12689635157585144,0.4617021083831787,0.01356151420623064,0.012866094708442688,0.41354498267173767,0.022363442927598953,0.10527309775352478,0.3704568147659302,0.0043959952890872955,0.1436968445777893,0.41463983058929443,-0.006852203980088234,0.1529301106929779,0.46330443024635315,-0.009913932532072067,0.012103468179702759,0.4251061975955963,-0.004377934616059065,0.11982928216457367,0.3843035399913788,-0.01610265113413334,0.15517723560333252,0.4358453154563904,-0.01783251203596592,0.15901856124401093,0.48435112833976746,-0.017591632902622223,0.021841928362846375,0.4505730867385864,-0.030855359509587288,0.1307229995727539,0.41385871171951294,-0.03616952896118164,0.16424879431724548,0.4642648696899414,-0.027321096509695053,0.16696934401988983,0.5130331516265869,-0.02034611627459526,0.039511553943157196,0.4890800416469574,-0.0560251846909523,0.1262257993221283,0.46031978726387024,-0.051657356321811676,0.15862545371055603,0.4847104549407959,-0.039555616676807404,0.1672699749469757,0.5145856738090515,-0.030626891180872917,accelerate
-0.07376329600811005,0.6182372570037842,-5.273146896911385e-08,-0.015573225915431976,0.5851745009422302,0.04195699095726013,0.024974968284368515,0.5441621541976929,0.05033116415143013,0.06484907865524292,0.5161872506141663,0.045504603534936905,0.10223837196826935,0.49820178747177124,0.04096345230937004,-0.0017078686505556107,0.43920883536338806,0.03487957641482353,0.0868154913187027,0.41123682260513306,0.028775259852409363,0.11776922643184662,0.4505450427532196,0.026781832799315453,0.1266251802444458,0.49261996150016785,0.028480932116508484,-0.0008691754192113876,0.4340493679046631,0.007510502357035875,0.10303353518247604,0.40174710750579834,0.002874160883948207,0.1307636797428131,0.45149892568588257,0.005771960131824017,0.12999647855758667,0.49755623936653137,0.009440900757908821,0.006984421983361244,0.4467417597770691,-0.018262770026922226,0.11277548223733902,0.4126957654953003,-0.02079462632536888,0.1372494399547577,0.465753436088562,-0.011846396140754223,0.13229583203792572,0.5157172679901123,-0.003926467150449753,0.02099834382534027,0.4734959900379181,-0.041126955300569534,0.10624177008867264,0.4457336962223053,-0.0365479476749897,0.1361382156610489,0.47624361515045166,-0.025566915050148964,0.14052918553352356,0.5141754746437073,-0.016833996400237083,accelerate
-0.058085668832063675,0.5732950568199158,-3.355295774554179e-08,-0.023166801780462265,0.5452651381492615,0.01732339896261692,0.009778618812561035,0.5160389542579651,0.015942290425300598,0.04080461710691452,0.49849027395248413,0.007502370979636908,0.06830459833145142,0.4899348020553589,-0.0003826027095783502,0.002996893599629402,0.4399015009403229,0.006827804259955883,0.07190582156181335,0.43627917766571045,-0.00785570964217186,0.09669315814971924,0.474978506565094,-0.014984415844082832,0.10321053862571716,0.5130425095558167,-0.01608979143202305,0.0015972107648849487,0.43212005496025085,-0.0091139767318964,0.08034996688365936,0.4334058463573456,-0.023915812373161316,0.09918217360973358,0.48380088806152344,-0.026579413563013077,0.09618893265724182,0.5274831652641296,-0.02491147629916668,0.00635010190308094,0.4375159442424774,-0.02474760264158249,0.08555543422698975,0.4364434480667114,-0.03813718631863594,0.10030677914619446,0.4862156808376312,-0.03541828691959381,0.09585468471050262,0.5304735898971558,-0.029086999595165253,0.015906639397144318,0.453789085149765,-0.03895740583539009,0.08352167159318924,0.4453814923763275,-0.045178208500146866,0.10696260631084442,0.4743868410587311,-0.04068771377205849,0.11326950788497925,0.5054386854171753,-0.03453344106674194,accelerate
-0.014354240149259567,0.5538045167922974,7.367407306446694e-08,0.006563644856214523,0.5426453948020935,-0.004170610569417477,0.03259768337011337,0.5244048237800598,-0.01390733290463686,0.05812210589647293,0.5145209431648254,-0.02583148516714573,0.08070007711648941,0.5137014389038086,-0.036142244935035706,0.02762215957045555,0.4574328362941742,-0.01569664664566517,0.08703780174255371,0.4526730179786682,-0.036047715693712234,0.1079728901386261,0.4880714416503906,-0.04641960561275482,0.11213213205337524,0.5287042856216431,-0.048462484031915665,0.03142029047012329,0.44754624366760254,-0.019923847168684006,0.09330487251281738,0.44978389143943787,-0.040600232779979706,0.1075039654970169,0.49591749906539917,-0.04622892290353775,0.1044871062040329,0.5368989706039429,-0.0451490618288517,0.04249000549316406,0.44939887523651123,-0.024939168244600296,0.1032198816537857,0.4514770805835724,-0.04341234266757965,0.11523734033107758,0.4972888231277466,-0.04441479220986366,0.11023309826850891,0.5386786460876465,-0.03911542147397995,0.057999663054943085,0.4598087668418884,-0.029957614839076996,0.10932034254074097,0.45730435848236084,-0.0405472069978714,0.12753352522850037,0.4836631119251251,-0.03963851556181908,0.1307746022939682,0.5112699866294861,-0.03509070724248886,accelerate
0.3051072061061859,0.8810951113700867,2.4163190914805455e-07,0.36277255415916443,0.8328704237937927,-0.03179532289505005,0.39308053255081177,0.7489299178123474,-0.05594566464424133,0.4007350206375122,0.6669358611106873,-0.07261253148317337,0.3905221223831177,0.6000140905380249,-0.08625786006450653,0.3230554759502411,0.7253415584564209,-0.08606676012277603,0.30760082602500916,0.5899267792701721,-0.1171971932053566,0.3363755941390991,0.58323734998703,-0.12632256746292114,0.3568919897079468,0.6156520247459412,-0.12515884637832642,0.27061769366264343,0.7318148016929626,-0.07592977583408356,0.2619294226169586,0.5909307599067688,-0.09659982472658157,0.29014670848846436,0.5955140590667725,-0.0939655527472496,0.3019208610057831,0.6327033638954163,-0.09135288000106812,0.22897706925868988,0.737305223941803,-0.06509192287921906,0.22544410824775696,0.6062514185905457,-0.07682885974645615,0.25164517760276794,0.6111493110656738,-0.06530389189720154,0.26103320717811584,0.6474894881248474,-0.05792694538831711,0.19851785898208618,0.7395389676094055,-0.05576907843351364,0.19604246318340302,0.6361360549926758,-0.06391420215368271,0.21919775009155273,0.6395671367645264,-0.055068615823984146,0.22774973511695862,0.6739525198936462,-0.04767540469765663,accelerate
0.28410860896110535,0.8672747611999512,3.9069030322025355e-07,0.32837286591529846,0.8160486817359924,-0.027802983298897743,0.3557387888431549,0.7377102971076965,-0.050409313291311264,0.36171531677246094,0.6629975438117981,-0.0677332654595375,0.35491061210632324,0.6136234998703003,-0.08271720260381699,0.28977176547050476,0.7399759292602539,-0.073467917740345,0.27750763297080994,0.623515248298645,-0.10413340479135513,0.29870060086250305,0.5874714851379395,-0.11497590690851212,0.32297950983047485,0.5850910544395447,-0.11587633937597275,0.24239860475063324,0.7492676377296448,-0.06594548374414444,0.2306881695985794,0.622538685798645,-0.09021782875061035,0.2530476450920105,0.5948386192321777,-0.0916820615530014,0.27220770716667175,0.6038274168968201,-0.0901571586728096,0.2069053053855896,0.7512109279632568,-0.057708993554115295,0.19938144087791443,0.6311398148536682,-0.07322287559509277,0.22200992703437805,0.6116737127304077,-0.06643630564212799,0.23937372863292694,0.6267185211181641,-0.05984419584274292,0.18326528370380402,0.7482705116271973,-0.050967149436473846,0.17662125825881958,0.6508395671844482,-0.05923985317349434,0.19533967971801758,0.6344316601753235,-0.0526602640748024,0.21081924438476562,0.6494563817977905,-0.04580941051244736,accelerate
0.26356780529022217,0.8764275908470154,4.445464867330884e-07,0.3086180090904236,0.8525581359863281,-0.03754361718893051,0.34406477212905884,0.7928599119186401,-0.06361789256334305,0.373043417930603,0.7284543514251709,-0.08234430849552155,0.3939209282398224,0.6828718185424805,-0.09864777326583862,0.2615181505680084,0.7697328925132751,-0.06834310293197632,0.2670198082923889,0.6793491244316101,-0.09595349431037903,0.28964924812316895,0.6471773982048035,-0.10960062593221664,0.31110379099845886,0.6352906227111816,-0.11513097584247589,0.22128339111804962,0.7654501795768738,-0.05555832013487816,0.2223542034626007,0.671669602394104,-0.07480636984109879,0.24224582314491272,0.636878252029419,-0.07884395122528076,0.2587622404098511,0.6225429773330688,-0.08175931125879288,0.19472303986549377,0.7578606605529785,-0.04363337531685829,0.19045594334602356,0.6720665693283081,-0.05888613313436508,0.20778733491897583,0.6392120718955994,-0.05701185390353203,0.2230968475341797,0.6259734034538269,-0.05488090589642525,0.17816659808158875,0.7485855221748352,-0.034179914742708206,0.1716586947441101,0.6764989495277405,-0.04394248127937317,0.1856645941734314,0.6485614776611328,-0.040995869785547256,0.19973471760749817,0.638881504535675,-0.03742491826415062,accelerate
0.27285856008529663,0.8565053939819336,4.14605352716535e-07,0.3167888820171356,0.8223405480384827,-0.029508743435144424,0.3396085500717163,0.7447596788406372,-0.04559344798326492,0.33956947922706604,0.6742956638336182,-0.05436074361205101,0.3346533179283142,0.6280583739280701,-0.061667777597904205,0.2805974781513214,0.7574403285980225,-0.05305008962750435,0.27691322565078735,0.683980405330658,-0.07166643440723419,0.2835262715816498,0.6402506828308105,-0.07853446155786514,0.28996387124061584,0.6096335649490356,-0.08059318363666534,0.24176153540611267,0.7637479901313782,-0.04180164635181427,0.23420318961143494,0.686608076095581,-0.056329190731048584,0.23883186280727386,0.6404322385787964,-0.05839201435446739,0.24424460530281067,0.6072095632553101,-0.0591973215341568,0.21161751449108124,0.7651059627532959,-0.03087698668241501,0.1997169554233551,0.6924315690994263,-0.043680910021066666,0.20186561346054077,0.6436545252799988,-0.042326170951128006,0.20657004415988922,0.6086540818214417,-0.040087319910526276,0.18839408457279205,0.7647947669029236,-0.021539833396673203,0.17303653061389923,0.7003774046897888,-0.03101378120481968,0.17392058670520782,0.6583577394485474,-0.029701542109251022,0.17929157614707947,0.628106951713562,-0.02708778716623783,accelerate
0.26435017585754395,0.8659501671791077,5.375926548367715e-07,0.3038023114204407,0.8414140939712524,-0.040884971618652344,0.33057940006256104,0.7800281643867493,-0.06575604528188705,0.34597888588905334,0.7122129201889038,-0.0818331390619278,0.3495410084724426,0.6654852628707886,-0.09640856087207794,0.26522231101989746,0.7773195505142212,-0.07092204689979553,0.265409916639328,0.7055020928382874,-0.09809140115976334,0.27216973900794983,0.656497597694397,-0.11163455992937088,0.2790657579898834,0.6208508610725403,-0.11775349080562592,0.2282124161720276,0.7735756635665894,-0.056176550686359406,0.2227003127336502,0.6955867409706116,-0.07821264863014221,0.22759905457496643,0.6439580321311951,-0.08461571484804153,0.23375549912452698,0.6054090857505798,-0.08834930509328842,0.2020311951637268,0.7682082056999207,-0.04234660789370537,0.1899893879890442,0.698375940322876,-0.06069469824433327,0.19313232600688934,0.6502835154533386,-0.06338562816381454,0.19997844099998474,0.6144221425056458,-0.06368551403284073,0.18332700431346893,0.7638885378837585,-0.03108227252960205,0.16780656576156616,0.706000030040741,-0.04424137622117996,0.1682320237159729,0.665372908115387,-0.04654550179839134,0.17486867308616638,0.6352977156639099,-0.04662627354264259,accelerate
0.251661092042923,0.8535935282707214,6.130002816462365e-07,0.2974279224872589,0.8340943455696106,-0.038157619535923004,0.3341221809387207,0.7762781381607056,-0.06366527825593948,0.35564905405044556,0.7119057774543762,-0.08077134937047958,0.36479464173316956,0.663520097732544,-0.09631114453077316,0.2604212760925293,0.776771605014801,-0.07188302278518677,0.2647036612033844,0.6933616995811462,-0.09802562743425369,0.2784261107444763,0.6393710970878601,-0.10976500064134598,0.2920684516429901,0.6037613749504089,-0.11474236845970154,0.2202320694923401,0.7698503136634827,-0.059103380888700485,0.21828556060791016,0.6822404861450195,-0.08111116290092468,0.23253647983074188,0.6294292211532593,-0.0862087532877922,0.24625304341316223,0.5942202210426331,-0.08910930901765823,0.19378133118152618,0.7598437070846558,-0.046658359467983246,0.18639536201953888,0.6800034642219543,-0.06468717008829117,0.20068590342998505,0.6316186785697937,-0.06551194190979004,0.21638543903827667,0.6013231873512268,-0.0648212805390358,0.17720603942871094,0.7494324445724487,-0.036474525928497314,0.16569259762763977,0.6841442584991455,-0.04958110675215721,0.17631511390209198,0.6485363841056824,-0.049713365733623505,0.1912752389907837,0.6286461353302002,-0.048119787126779556,accelerate
0.24399089813232422,0.8672040104866028,5.014873067921144e-07,0.2956866919994354,0.8518338799476624,-0.04141099005937576,0.33785000443458557,0.7897047400474548,-0.06860257685184479,0.3583846688270569,0.7137703895568848,-0.08646102994680405,0.36513251066207886,0.6528171300888062,-0.10179731249809265,0.24713633954524994,0.782936155796051,-0.07963693141937256,0.2583457827568054,0.6940900087356567,-0.10532250255346298,0.2786208987236023,0.6462541818618774,-0.1148599162697792,0.2952752411365509,0.6175428032875061,-0.11881570518016815,0.20464684069156647,0.7651457190513611,-0.06525824964046478,0.21912632882595062,0.6664610505104065,-0.08466746658086777,0.24338403344154358,0.6274154782295227,-0.0866241529583931,0.2600213885307312,0.6114597320556641,-0.08868563175201416,0.1799299716949463,0.7484509944915771,-0.05084993317723274,0.18773436546325684,0.6585298776626587,-0.06732245534658432,0.21053940057754517,0.6254326105117798,-0.06476306915283203,0.22809924185276031,0.6152619123458862,-0.06279321014881134,0.16578185558319092,0.7345761060714722,-0.0388292632997036,0.16792571544647217,0.6582701802253723,-0.05167866870760918,0.18792420625686646,0.6288461089134216,-0.050028879195451736,0.2057400345802307,0.6216390132904053,-0.047416940331459045,accelerate
0.009718827903270721,0.6067745685577393,4.0623771724312974e-07,0.05280541628599167,0.605085015296936,0.00668650446459651,0.10004711896181107,0.5848495364189148,-1.93327523447806e-05,0.1400051712989807,0.5796463489532471,-0.011012888513505459,0.17457124590873718,0.5733764171600342,-0.021870195865631104,0.0828910544514656,0.4837839901447296,-0.018774420022964478,0.14293056726455688,0.3995855450630188,-0.042960673570632935,0.19825661182403564,0.37544339895248413,-0.054906874895095825,0.2398243099451065,0.3735428750514984,-0.058556292206048965,0.08084931969642639,0.4842532277107239,-0.03373247757554054,0.15051281452178955,0.39331620931625366,-0.05596929043531418,0.2100258767604828,0.37435078620910645,-0.06418732553720474,0.2524990439414978,0.3763078451156616,-0.0657554566860199,0.0883421003818512,0.5036547780036926,-0.04810621961951256,0.15558524429798126,0.4170728027820587,-0.06524541974067688,0.2114233672618866,0.3950423300266266,-0.06972623616456985,0.2511785626411438,0.39559057354927063,-0.06918320059776306,0.1046057790517807,0.5374054312705994,-0.06190425902605057,0.15287208557128906,0.47119635343551636,-0.07438105344772339,0.19294840097427368,0.4477373957633972,-0.07527562230825424,0.22460272908210754,0.44178295135498047,-0.07286693900823593,accelerate
-0.02523462474346161,0.6541770696640015,4.2387407006572175e-07,0.04543519765138626,0.6466046571731567,0.0182088240981102,0.09590177237987518,0.6013000011444092,0.017833136022090912,0.13586410880088806,0.5818003416061401,0.00918130949139595,0.17693060636520386,0.567727267742157,0.0014704535715281963,0.07389950752258301,0.48456260561943054,0.01137087494134903,0.13743376731872559,0.400866836309433,-0.010227080434560776,0.1931474655866623,0.3818705677986145,-0.02256632409989834,0.23558688163757324,0.3860914409160614,-0.026695415377616882,0.06870607286691666,0.48364460468292236,-0.009850457310676575,0.14562103152275085,0.38848215341567993,-0.030262582004070282,0.20887057483196259,0.37572726607322693,-0.03774631395936012,0.25498855113983154,0.38592639565467834,-0.03755347803235054,0.07773127406835556,0.5007786154747009,-0.03182486444711685,0.1500455141067505,0.40890878438949585,-0.04601392149925232,0.20926488935947418,0.38915368914604187,-0.046387821435928345,0.25256097316741943,0.39251214265823364,-0.042212724685668945,0.09778709709644318,0.5332540273666382,-0.0533948689699173,0.14803871512413025,0.4597552418708801,-0.05894785374403,0.1890515834093094,0.43418532609939575,-0.05475841462612152,0.22287578880786896,0.4282103478908539,-0.04850754886865616,accelerate
-0.018738791346549988,0.6560450196266174,4.1254438087889866e-07,0.05078839883208275,0.6290087699890137,0.025168942287564278,0.1004488617181778,0.5917066335678101,0.023363716900348663,0.1416625827550888,0.5780250430107117,0.011755331419408321,0.18406592309474945,0.5693665742874146,0.0010221324628219008,0.07368940114974976,0.48443758487701416,0.011683197692036629,0.14003798365592957,0.3956505060195923,-0.012395835481584072,0.19751545786857605,0.3794427514076233,-0.02537142112851143,0.2391926795244217,0.391697496175766,-0.028654469177126884,0.06858542561531067,0.48588433861732483,-0.014097753912210464,0.1501953899860382,0.38708388805389404,-0.037016674876213074,0.21431714296340942,0.37856072187423706,-0.04268679767847061,0.2567572593688965,0.39642220735549927,-0.039686791598796844,0.07731626182794571,0.5051655173301697,-0.03983917459845543,0.15366318821907043,0.40593045949935913,-0.05429595708847046,0.21316473186016083,0.3909772038459778,-0.048292938619852066,0.2526296079158783,0.40252313017845154,-0.03861439600586891,0.09817874431610107,0.5404712557792664,-0.06469245254993439,0.15043288469314575,0.461408406496048,-0.0686819925904274,0.1922670602798462,0.4336053729057312,-0.058978259563446045,0.22490328550338745,0.427097886800766,-0.04757657274603844,accelerate
-0.032036542892456055,0.6568758487701416,3.7454543644344085e-07,0.050659697502851486,0.6414272785186768,0.026991911232471466,0.10067488253116608,0.598772406578064,0.027721023187041283,0.13944470882415771,0.5788495540618896,0.01827322505414486,0.17935432493686676,0.5687982439994812,0.009398424997925758,0.0690484344959259,0.47641879320144653,0.013802766799926758,0.13340435922145844,0.3967014253139496,-0.009492550976574421,0.19355416297912598,0.39085152745246887,-0.023992260918021202,0.23745352029800415,0.41175952553749084,-0.02987322397530079,0.06395266950130463,0.4774894416332245,-0.013100291602313519,0.14711317420005798,0.38101431727409363,-0.03727555274963379,0.2139545977115631,0.3813273012638092,-0.045712780207395554,0.25645408034324646,0.40675804018974304,-0.04575356841087341,0.07205688953399658,0.4954019784927368,-0.03974997624754906,0.15019972622394562,0.40092769265174866,-0.05565338954329491,0.21451584994792938,0.39518633484840393,-0.053528834134340286,0.25717756152153015,0.41424915194511414,-0.04781007766723633,0.09151698648929596,0.5309638381004333,-0.06536482274532318,0.1455497294664383,0.45933884382247925,-0.07236500084400177,0.1906406730413437,0.43570446968078613,-0.06744237244129181,0.22595000267028809,0.4332641363143921,-0.060703933238983154,accelerate
-0.01204197108745575,0.6546609401702881,4.2190256976937235e-07,0.05835004150867462,0.6322889924049377,0.02693869173526764,0.10893283039331436,0.6001218557357788,0.027635229751467705,0.1467626988887787,0.591530442237854,0.017508091405034065,0.18688254058361053,0.5837283134460449,0.007339187897741795,0.08951029181480408,0.49376198649406433,0.023453107103705406,0.15197688341140747,0.41883909702301025,0.004641912877559662,0.20638766884803772,0.40281280875205994,-0.007196203339844942,0.24681439995765686,0.4112944006919861,-0.011159989051520824,0.087690569460392,0.4929027557373047,-0.0027420336846262217,0.16417443752288818,0.4041239321231842,-0.018926961347460747,0.2242346704006195,0.3932667374610901,-0.026369748637080193,0.2653716802597046,0.4081360697746277,-0.027005160227417946,0.09790316224098206,0.5101409554481506,-0.029372375458478928,0.16922226548194885,0.4219929575920105,-0.0394907109439373,0.2258845865726471,0.4057261645793915,-0.03913998231291771,0.26494497060775757,0.4127230644226074,-0.035768426954746246,0.11788774281740189,0.5428425073623657,-0.05502566322684288,0.16867034137248993,0.4749538004398346,-0.05718438699841499,0.2085210680961609,0.4517873525619507,-0.05095185339450836,0.2388274073600769,0.44706618785858154,-0.04400959238409996,accelerate
-0.028242632746696472,0.6621620655059814,3.9572822174704925e-07,0.0329899936914444,0.6265214085578918,0.03880293294787407,0.08491286635398865,0.5943752527236938,0.04389972612261772,0.12728756666183472,0.589000940322876,0.0354696623980999,0.17022483050823212,0.5814518332481384,0.026459991931915283,0.06728000938892365,0.4932437241077423,0.03732311725616455,0.13301527500152588,0.4136744737625122,0.023373182862997055,0.18962055444717407,0.39887264370918274,0.016302496194839478,0.23177172243595123,0.4112734794616699,0.015867389738559723,0.06948639452457428,0.49323832988739014,0.005031109321862459,0.15104474127292633,0.4005787968635559,-0.005165328737348318,0.21286508440971375,0.389356791973114,-0.006446067709475756,0.25554758310317993,0.4061444401741028,-0.0028464533388614655,0.0834856927394867,0.5125476717948914,-0.027416765689849854,0.16246959567070007,0.41483908891677856,-0.032304614782333374,0.22041833400726318,0.3980463147163391,-0.025273356586694717,0.26046088337898254,0.4079168736934662,-0.017732245847582817,0.10906998068094254,0.5494572520256042,-0.05832095816731453,0.16662682592868805,0.47154757380485535,-0.05880778655409813,0.20962241291999817,0.44921061396598816,-0.049372367560863495,0.24225804209709167,0.4483703374862671,-0.03968155011534691,accelerate
-0.0020333975553512573,0.6317563056945801,2.4889848759812594e-07,0.03430438041687012,0.5402835607528687,0.027129890397191048,0.07857370376586914,0.49397915601730347,0.030160702764987946,0.12159345299005508,0.479688823223114,0.023571336641907692,0.15591861307621002,0.4722835421562195,0.015691157430410385,0.08004195243120193,0.476859450340271,0.016398053616285324,0.1453879177570343,0.4037642180919647,0.00230976240709424,0.1872214823961258,0.3912295997142792,-0.0047672102227807045,0.2189447581768036,0.39751532673835754,-0.007155161816626787,0.09570339322090149,0.4957602620124817,-0.008364051580429077,0.16772952675819397,0.41132473945617676,-0.020906588062644005,0.2181961089372635,0.3921341001987457,-0.02735987678170204,0.2558847665786743,0.3924316465854645,-0.029174145311117172,0.11356432735919952,0.5317245721817017,-0.03241629898548126,0.1806708574295044,0.4331570863723755,-0.04424489662051201,0.22639332711696625,0.4096739888191223,-0.046491172164678574,0.26329854130744934,0.4027710258960724,-0.04591410607099533,0.13425010442733765,0.5811540484428406,-0.05456037074327469,0.18087798357009888,0.5111843347549438,-0.06404684484004974,0.21472138166427612,0.48358574509620667,-0.0628770962357521,0.24655720591545105,0.46835535764694214,-0.0595938079059124,accelerate
0.00867357850074768,0.6422852873802185,3.026921717719233e-07,0.033868953585624695,0.557960033416748,0.012655996717512608,0.08042778074741364,0.5090808868408203,0.012206392362713814,0.12561911344528198,0.4845350980758667,0.005335238296538591,0.16053274273872375,0.4730442464351654,-0.0022285839077085257,0.08604475855827332,0.5008023381233215,0.0030753938481211662,0.14657336473464966,0.4233478605747223,-0.013644574210047722,0.1916792392730713,0.3894735276699066,-0.022753067314624786,0.22828131914138794,0.3741218149662018,-0.026454132050275803,0.10264064371585846,0.5163753628730774,-0.014090456999838352,0.1730099618434906,0.4246367812156677,-0.029085714370012283,0.22338493168354034,0.3905281722545624,-0.03779762238264084,0.26188936829566956,0.3762201964855194,-0.04089430347084999,0.12300504744052887,0.550774335861206,-0.03113722801208496,0.18800634145736694,0.4554424285888672,-0.045319564640522,0.2352411150932312,0.4200783371925354,-0.05107923597097397,0.27218616008758545,0.40521180629730225,-0.05221287161111832,0.14652658998966217,0.5977922081947327,-0.0472731851041317,0.19321087002754211,0.5274826884269714,-0.057278797030448914,0.22715029120445251,0.5011422634124756,-0.05728059262037277,0.2576442360877991,0.48802608251571655,-0.054735731333494186,accelerate
0.011546678841114044,0.641353964805603,2.736368287514779e-07,0.03720536828041077,0.5523408055305481,0.021420110017061234,0.0818488746881485,0.5044434666633606,0.021349936723709106,0.12151125818490982,0.48232758045196533,0.013336331583559513,0.15495693683624268,0.46753236651420593,0.005446205381304026,0.08551034331321716,0.4797309637069702,-0.0012895752443000674,0.14775489270687103,0.3858999013900757,-0.02353505976498127,0.1996343731880188,0.3780101239681244,-0.03231072053313255,0.23215456306934357,0.3970693349838257,-0.03238528594374657,0.10510403662919998,0.49604329466819763,-0.023183882236480713,0.1785093992948532,0.3920482397079468,-0.044157642871141434,0.23448717594146729,0.3870198130607605,-0.04733838140964508,0.25899016857147217,0.41435706615448,-0.04278389364480972,0.12519852817058563,0.5317426919937134,-0.04422133043408394,0.1936015486717224,0.4248780608177185,-0.057314202189445496,0.24303649365901947,0.4186662435531616,-0.05206168815493584,0.2689719796180725,0.44217994809150696,-0.04345761612057686,0.14696507155895233,0.5817413926124573,-0.06427694857120514,0.19341877102851868,0.5027350187301636,-0.0743768960237503,0.2318936288356781,0.48486146330833435,-0.07064598798751831,0.2578052282333374,0.49032577872276306,-0.06267967820167542,accelerate
-0.002818852663040161,0.6468995809555054,2.761574648957321e-07,0.02877584844827652,0.5546615719795227,0.027927597984671593,0.07307656109333038,0.5012927651405334,0.030208546668291092,0.11304842680692673,0.4750438332557678,0.023092230781912804,0.1490003615617752,0.45729029178619385,0.015061969868838787,0.07143193483352661,0.4908732771873474,0.0028638646472245455,0.14070820808410645,0.39320844411849976,-0.01750185154378414,0.19472736120224,0.38009113073349,-0.024181097745895386,0.23094607889652252,0.39376163482666016,-0.02287241816520691,0.08600781857967377,0.5090399384498596,-0.02211916074156761,0.16378073394298553,0.39283859729766846,-0.043199289590120316,0.21959593892097473,0.37787488102912903,-0.04628828912973404,0.25192975997924805,0.39432621002197266,-0.041073378175497055,0.10535739362239838,0.5437615513801575,-0.04541105404496193,0.17576630413532257,0.4211307764053345,-0.059604108333587646,0.2269873321056366,0.4018470048904419,-0.05578633397817612,0.26069289445877075,0.41191405057907104,-0.047569554299116135,0.12934154272079468,0.5920128226280212,-0.06690311431884766,0.17678698897361755,0.4971911311149597,-0.0763779953122139,0.21749119460582733,0.4725989103317261,-0.07124381512403488,0.2509366571903229,0.4725438356399536,-0.062388043850660324,accelerate
-0.0059670209884643555,0.6487403512001038,3.4828545381060394e-07,0.025020502507686615,0.5572762489318848,0.02330859936773777,0.0706804171204567,0.5049252510070801,0.024407288059592247,0.11309588700532913,0.4802854359149933,0.0168741624802351,0.14929375052452087,0.46815335750579834,0.008178696036338806,0.06827457249164581,0.4934566617012024,0.0035807054955512285,0.13793323934078217,0.4053678512573242,-0.015563898719847202,0.19150769710540771,0.37762975692749023,-0.023922108113765717,0.2329384684562683,0.3726488947868347,-0.025819994509220123,0.0832490473985672,0.5078240036964417,-0.01976517215371132,0.15883849561214447,0.39825332164764404,-0.03791211172938347,0.21444082260131836,0.37405821681022644,-0.043493736535310745,0.25323376059532166,0.3776337802410126,-0.042673226445913315,0.1033499538898468,0.5426223874092102,-0.04197583347558975,0.17363694310188293,0.4260956048965454,-0.05684834346175194,0.2238638997077942,0.39759576320648193,-0.05818438157439232,0.26121875643730164,0.3959358334541321,-0.055231351405382156,0.12871091067790985,0.5921236872673035,-0.06252585351467133,0.17487873136997223,0.5061062574386597,-0.07400228083133698,0.21253450214862823,0.478809654712677,-0.07248343527317047,0.246719092130661,0.46942779421806335,-0.06764230132102966,accelerate
-0.007515721023082733,0.6432390213012695,3.333638574076758e-07,0.024584755301475525,0.5542833805084229,0.024568231776356697,0.0700603574514389,0.502544105052948,0.024893974885344505,0.1127399206161499,0.4788246750831604,0.01651032827794552,0.14856408536434174,0.4668895900249481,0.006739017553627491,0.06687123328447342,0.49773117899894714,0.0004573678888846189,0.13542859256267548,0.40615636110305786,-0.019126607105135918,0.18874230980873108,0.3789699077606201,-0.027349088340997696,0.22729942202568054,0.37634921073913574,-0.028319548815488815,0.08098451048135757,0.5158175230026245,-0.023663485422730446,0.15610001981258392,0.4073297679424286,-0.042544327676296234,0.2104959636926651,0.3805406093597412,-0.04816560819745064,0.24604514241218567,0.38175004720687866,-0.04659413918852806,0.10109654814004898,0.5503374934196472,-0.04604975879192352,0.1719808429479599,0.43518486618995667,-0.059609584510326385,0.2209290713071823,0.4038376212120056,-0.06008893996477127,0.2549169361591339,0.3992966115474701,-0.0563579760491848,0.1261887401342392,0.5970611572265625,-0.06660381704568863,0.1742801070213318,0.511716365814209,-0.07526848465204239,0.21183043718338013,0.4829786419868469,-0.0716649740934372,0.24329116940498352,0.47360825538635254,-0.06524498015642166,accelerate
-0.00834905356168747,0.6520946025848389,3.6252080803933495e-07,0.04329991340637207,0.6410044431686401,0.01533935684710741,0.09733907133340836,0.6307282447814941,0.014870801940560341,0.13170212507247925,0.6304727792739868,0.009713886305689812,0.15461748838424683,0.6285593509674072,0.004548293072730303,0.10559265315532684,0.5689429044723511,-0.012410218827426434,0.17127637565135956,0.4852023422718048,-0.03336741402745247,0.21688362956047058,0.4687478542327881,-0.03980075940489769,0.2505210041999817,0.47652608156204224,-0.038486089557409286,0.09600839763879776,0.5431354641914368,-0.02874915301799774,0.16862988471984863,0.43233346939086914,-0.05236933380365372,0.22293010354042053,0.3991091251373291,-0.05591755360364914,0.26125186681747437,0.3944622874259949,-0.05121569707989693,0.09244218468666077,0.5341510772705078,-0.043766241520643234,0.15949204564094543,0.42197534441947937,-0.062396638095378876,0.20788511633872986,0.3891260623931885,-0.06400752067565918,0.24428921937942505,0.38175156712532043,-0.05822751298546791,0.09596974402666092,0.5414895415306091,-0.05693265050649643,0.1465323567390442,0.45722925662994385,-0.0701536014676094,0.1842881739139557,0.4268658459186554,-0.06926290690898895,0.21390271186828613,0.41824233531951904,-0.06295029073953629,accelerate
-0.005236513912677765,0.651229202747345,3.5377507856537704e-07,0.02624550461769104,0.5781458020210266,0.021181270480155945,0.07282364368438721,0.5393900275230408,0.022810984402894974,0.11046123504638672,0.5365300178527832,0.016616033390164375,0.1429740935564041,0.5419617891311646,0.009250139817595482,0.0730387419462204,0.5071833729743958,0.0019266937160864472,0.13848775625228882,0.41861581802368164,-0.01601537875831127,0.18943573534488678,0.3843751847743988,-0.02283129282295704,0.23070889711380005,0.37325549125671387,-0.023468805477023125,0.08417335897684097,0.5192067623138428,-0.020046478137373924,0.15946511924266815,0.41541042923927307,-0.0376313179731369,0.21554209291934967,0.38190919160842896,-0.043113235384225845,0.2569706439971924,0.37478747963905334,-0.04209216684103012,0.10362990945577621,0.5511007905006409,-0.041090887039899826,0.1742004156112671,0.4430084824562073,-0.05557449534535408,0.2256394922733307,0.4067133665084839,-0.059512801468372345,0.26515254378318787,0.3959406316280365,-0.05774682015180588,0.12989011406898499,0.5964428186416626,-0.0605396032333374,0.17731641232967377,0.511681854724884,-0.07064853608608246,0.21476717293262482,0.47894349694252014,-0.07009867578744888,0.2478211671113968,0.46482378244400024,-0.06612085551023483,accelerate
6.668269634246826e-05,0.6532090902328491,3.764985763154982e-07,0.029749035835266113,0.5641417503356934,0.029314838349819183,0.07365363836288452,0.512136697769165,0.029961539432406425,0.10983242094516754,0.48240071535110474,0.021820664405822754,0.14296787977218628,0.46233880519866943,0.011963718570768833,0.07650144398212433,0.5041456818580627,-0.00746977049857378,0.1459762305021286,0.4080829620361328,-0.028313899412751198,0.19848093390464783,0.3772999942302704,-0.03393704816699028,0.23834218084812164,0.37176263332366943,-0.0325922816991806,0.08893382549285889,0.5208310484886169,-0.03491697460412979,0.1702004373073578,0.4140801727771759,-0.056670788675546646,0.231349378824234,0.38267016410827637,-0.059271473437547684,0.27201566100120544,0.381267249584198,-0.05471598356962204,0.10736940056085587,0.5553618669509888,-0.05968383699655533,0.1831132471561432,0.4433407783508301,-0.07474416494369507,0.23692765831947327,0.40948766469955444,-0.07303266227245331,0.2752373218536377,0.4041763246059418,-0.06731237471103668,0.12990900874137878,0.6036821007728577,-0.08197597414255142,0.17729416489601135,0.5146007537841797,-0.09127411246299744,0.21562373638153076,0.48012590408325195,-0.08663512766361237,0.2478201538324356,0.46846234798431396,-0.07904231548309326,accelerate
0.007581040263175964,0.6387341022491455,3.1855137194725103e-07,0.03857136517763138,0.5634005665779114,0.0269736610352993,0.08204881846904755,0.5259109139442444,0.030988961458206177,0.11638263612985611,0.5238325595855713,0.026562141254544258,0.15031485259532928,0.5324661135673523,0.020727159455418587,0.08795760571956635,0.4831920266151428,0.008404549211263657,0.14889772236347198,0.40248191356658936,-0.007706991862505674,0.19702522456645966,0.37642401456832886,-0.013938993215560913,0.2358504831790924,0.3719431757926941,-0.014837064780294895,0.09978167712688446,0.49698346853256226,-0.01581447571516037,0.17322766780853271,0.40325528383255005,-0.0312202051281929,0.22863903641700745,0.37975746393203735,-0.03613075613975525,0.2681918740272522,0.3820679783821106,-0.035384051501750946,0.11666106432676315,0.5336796641349792,-0.03881222754716873,0.18396185338497162,0.4341713786125183,-0.05322588235139847,0.233055979013443,0.40632420778274536,-0.05785616114735603,0.2703823447227478,0.4023057222366333,-0.05723294988274574,0.13814158737659454,0.5861412286758423,-0.05942590907216072,0.18094505369663239,0.5114843249320984,-0.07217270880937576,0.2160128951072693,0.4846264719963074,-0.07356405258178711,0.2468065321445465,0.4754452407360077,-0.07107287645339966,accelerate
0.008393973112106323,0.6513208746910095,3.614557613218494e-07,0.03525011986494064,0.5677562952041626,0.021850941702723503,0.07678432762622833,0.5172303915023804,0.02158081904053688,0.1109098568558693,0.4904918968677521,0.013867533765733242,0.14283257722854614,0.47794121503829956,0.004848885349929333,0.08367681503295898,0.4995417892932892,-0.003496105782687664,0.14956678450107574,0.414061039686203,-0.021769151091575623,0.19736149907112122,0.38537168502807617,-0.029074758291244507,0.23572297394275665,0.3771527409553528,-0.030651355162262917,0.09606509655714035,0.5116668939590454,-0.026012206450104713,0.17282329499721527,0.41151636838912964,-0.04214254394173622,0.22856533527374268,0.3838278651237488,-0.04598693922162056,0.2679610848426819,0.3825465440750122,-0.045124612748622894,0.11376720666885376,0.5444157719612122,-0.04716009274125099,0.18426790833473206,0.44065552949905396,-0.059879451990127563,0.23521581292152405,0.41093412041664124,-0.06167352572083473,0.2736482322216034,0.40651118755340576,-0.0605340301990509,0.13617043197155,0.5911229848861694,-0.06662318110466003,0.18088054656982422,0.5133252143859863,-0.07645829766988754,0.21725332736968994,0.48488712310791016,-0.075347401201725,0.24923373758792877,0.4749661684036255,-0.07207278907299042,accelerate
0.004735134541988373,0.6427335739135742,3.120509290965856e-07,0.03672000765800476,0.5625395178794861,0.028873274102807045,0.0799449011683464,0.5215997099876404,0.032765790820121765,0.11494474112987518,0.5106745958328247,0.027608947828412056,0.1486828327178955,0.5079481601715088,0.020865367725491524,0.08389884233474731,0.4886628985404968,0.008176256902515888,0.15071788430213928,0.4096716046333313,-0.00957886129617691,0.20126301050186157,0.3854787349700928,-0.01677246391773224,0.24105772376060486,0.3839719295501709,-0.018129732459783554,0.09529995918273926,0.5015278458595276,-0.01770288124680519,0.1701532006263733,0.4073364734649658,-0.03468671068549156,0.22694917023181915,0.3864431381225586,-0.03923540189862251,0.26613926887512207,0.3914940357208252,-0.03788771852850914,0.11136781424283981,0.537716805934906,-0.04240567609667778,0.18206658959388733,0.4356626868247986,-0.058082111179828644,0.23244938254356384,0.4098074734210968,-0.06116584315896034,0.26997894048690796,0.4068196415901184,-0.05930683761835098,0.1338680386543274,0.5894407629966736,-0.0646011158823967,0.1778552532196045,0.5125240683555603,-0.07885394245386124,0.21313531696796417,0.4812522828578949,-0.08029905706644058,0.24480752646923065,0.4656822085380554,-0.07758887857198715,accelerate
0.0025430992245674133,0.6468573212623596,3.886623005655565e-07,0.03200921416282654,0.5717625617980957,0.02339888922870159,0.07559269666671753,0.5359447598457336,0.021949196234345436,0.11206591129302979,0.5358573794364929,0.012318719178438187,0.14581015706062317,0.546518087387085,0.0012916808482259512,0.08084209263324738,0.5038074254989624,-0.00537428492680192,0.14738869667053223,0.40919172763824463,-0.027520226314663887,0.1997801661491394,0.3849948048591614,-0.036234013736248016,0.23977521061897278,0.38583263754844666,-0.03749774023890495,0.09329816699028015,0.5166769623756409,-0.029468273743987083,0.17170292139053345,0.41155722737312317,-0.05080370977520943,0.23115751147270203,0.3888890743255615,-0.05578827112913132,0.2714553773403168,0.3947785496711731,-0.054011642932891846,0.1112743616104126,0.5485851764678955,-0.052238285541534424,0.18417003750801086,0.4386262893676758,-0.06812912970781326,0.23605233430862427,0.41152942180633545,-0.07023818045854568,0.2737930119037628,0.41164451837539673,-0.06728941947221756,0.13452327251434326,0.5934081077575684,-0.0731642097234726,0.18204514682292938,0.5101933479309082,-0.08438010513782501,0.2204386591911316,0.480249285697937,-0.08334110677242279,0.2527119517326355,0.47072234749794006,-0.07885140180587769,accelerate
0.010984577238559723,0.6438156962394714,3.526355385474744e-07,0.040562793612480164,0.5683635473251343,0.024907836690545082,0.08043396472930908,0.5296262502670288,0.025997312739491463,0.1136217713356018,0.5241317749023438,0.01897559128701687,0.14677512645721436,0.5302813053131104,0.010524362325668335,0.08405276387929916,0.4866974949836731,0.003253080416470766,0.14953985810279846,0.40604788064956665,-0.014341591857373714,0.1988644301891327,0.3824045956134796,-0.02188849076628685,0.23826590180397034,0.3803757131099701,-0.023875407874584198,0.09661363810300827,0.4992047846317291,-0.020467564463615417,0.17391467094421387,0.40455445647239685,-0.03622351959347725,0.23028892278671265,0.3842431306838989,-0.0415218286216259,0.27075374126434326,0.3904131352901459,-0.04179400950670242,0.11309757083654404,0.5346502661705017,-0.04298202693462372,0.1862422525882721,0.4355062246322632,-0.0568208210170269,0.23585626482963562,0.41177695989608765,-0.06097574532032013,0.2740366458892822,0.41133347153663635,-0.06102101877331734,0.13456806540489197,0.5860974192619324,-0.06332065165042877,0.1806226223707199,0.515861451625824,-0.07536238431930542,0.2158266305923462,0.4904961585998535,-0.07651252299547195,0.24751976132392883,0.4805538058280945,-0.07449270784854889,accelerate
-0.0077262818813323975,0.6615097522735596,3.5032613254770695e-07,0.025981448590755463,0.6069910526275635,0.02162439189851284,0.07410302758216858,0.5858173966407776,0.020587213337421417,0.11163747310638428,0.6033543944358826,0.011349687352776527,0.1471463441848755,0.6306008100509644,0.0010171125177294016,0.08169496804475784,0.5228698253631592,0.0024243942461907864,0.15075479447841644,0.43631836771965027,-0.017634881660342216,0.20108217000961304,0.4152398705482483,-0.0256658848375082,0.23964926600456238,0.4190775156021118,-0.026726672425866127,0.0899215042591095,0.5275888442993164,-0.020513297989964485,0.1684093475341797,0.4249429404735565,-0.041743941605091095,0.22629043459892273,0.39713895320892334,-0.048704005777835846,0.2671394348144531,0.39645886421203613,-0.04807945713400841,0.10500416904687881,0.5510567426681519,-0.04284127801656723,0.17901208996772766,0.4416906535625458,-0.05970397964119911,0.22960582375526428,0.4104882478713989,-0.06461861729621887,0.2668445110321045,0.40516066551208496,-0.0628754124045372,0.12715855240821838,0.5886911153793335,-0.06335195153951645,0.17731231451034546,0.5027729272842407,-0.07552527636289597,0.2153145968914032,0.469750314950943,-0.07641545683145523,0.24704840779304504,0.45687586069107056,-0.07304469496011734,accelerate
-0.002313859760761261,0.6578869819641113,3.7280625519997557e-07,0.030334502458572388,0.5711200833320618,0.02908053994178772,0.07538610696792603,0.5290922522544861,0.02993953600525856,0.11281916499137878,0.5196726322174072,0.021740438416600227,0.1455627679824829,0.5173304677009583,0.011875760741531849,0.07820659130811691,0.5076351165771484,-0.0025282111018896103,0.14352519810199738,0.4113948941230774,-0.021225132048130035,0.1919786036014557,0.383513480424881,-0.026126889511942863,0.2287479043006897,0.37970006465911865,-0.024806443601846695,0.09151075780391693,0.5234416723251343,-0.02922728843986988,0.1748845875263214,0.4190523028373718,-0.048031117767095566,0.23306453227996826,0.3906427025794983,-0.050455719232559204,0.27251043915748596,0.3909495770931244,-0.04674849286675453,0.11012141406536102,0.5567895174026489,-0.053703274577856064,0.1868939846754074,0.45021548867225647,-0.06691440939903259,0.23922774195671082,0.41952720284461975,-0.06588296592235565,0.27733418345451355,0.41566988825798035,-0.06123976781964302,0.13209883868694305,0.6035277247428894,-0.07593932002782822,0.1805715560913086,0.5189189314842224,-0.08385300636291504,0.2184634655714035,0.48922550678253174,-0.07919143885374069,0.2513114809989929,0.48101937770843506,-0.07227487862110138,accelerate
-0.0027195513248443604,0.6449344158172607,2.8110025596106425e-07,0.0316372886300087,0.557098925113678,0.03432144224643707,0.0740191638469696,0.5138733386993408,0.03957958146929741,0.10891233384609222,0.49858227372169495,0.034252945333719254,0.14402508735656738,0.49382850527763367,0.026779498904943466,0.07662062346935272,0.4938965141773224,0.015608204528689384,0.14194965362548828,0.4137374758720398,-0.00023309211246669292,0.1904982626438141,0.39120155572891235,-0.00661906972527504,0.22782084345817566,0.39480525255203247,-0.007173042744398117,0.08984505385160446,0.5077913999557495,-0.012895769439637661,0.16488954424858093,0.4124419093132019,-0.027874911203980446,0.22013212740421295,0.3883722424507141,-0.032220691442489624,0.2597947418689728,0.39252209663391113,-0.03077935241162777,0.10760439187288284,0.5411421656608582,-0.039864782243967056,0.18120187520980835,0.43389713764190674,-0.053140100091695786,0.23003113269805908,0.4069044291973114,-0.05543751269578934,0.26682788133621216,0.405251145362854,-0.053244706243276596,0.13121452927589417,0.588378369808197,-0.06397265195846558,0.17989055812358856,0.5081073045730591,-0.07573886215686798,0.2157738357782364,0.4791032671928406,-0.07505461573600769,0.24694138765335083,0.4674904942512512,-0.0706561878323555,accelerate
-0.01021140068769455,0.6485458612442017,2.495007436209562e-07,0.02750629186630249,0.5670602321624756,0.03563618287444115,0.07306091487407684,0.5328459739685059,0.041749823838472366,0.10984046757221222,0.5393164753913879,0.03652946278452873,0.1454795002937317,0.551897406578064,0.02919016033411026,0.07123716175556183,0.4989829957485199,0.020268412306904793,0.13626517355442047,0.4196045398712158,0.004427838604897261,0.18601563572883606,0.3976396322250366,-0.0019810101948678493,0.22427278757095337,0.4020422697067261,-0.0027435387019068003,0.0843883529305458,0.5130176544189453,-0.009393875487148762,0.15600013732910156,0.41375574469566345,-0.025486715137958527,0.21136890351772308,0.3887757658958435,-0.03029634989798069,0.25215595960617065,0.3914806842803955,-0.028944844380021095,0.10265383124351501,0.5465872287750244,-0.03790166229009628,0.17280589044094086,0.4324108362197876,-0.051964171230793,0.22034190595149994,0.4025861918926239,-0.053498465567827225,0.2571141719818115,0.39803391695022583,-0.05021731182932854,0.12814633548259735,0.594529390335083,-0.06366884708404541,0.17357683181762695,0.5094877481460571,-0.07568073272705078,0.20969626307487488,0.4768846929073334,-0.07486912608146667,0.2415551096200943,0.4623154103755951,-0.07027633488178253,accelerate
-0.02489350736141205,0.637743353843689,5.702797807316529e-07,0.03208378702402115,0.6576622724533081,-0.009150831028819084,0.08896886557340622,0.648851752281189,-0.022806251421570778,0.121038056910038,0.6421826481819153,-0.03764532506465912,0.14008253812789917,0.6356697082519531,-0.05129731819033623,0.09357006847858429,0.5651037693023682,-0.03074505180120468,0.15194644033908844,0.4776814877986908,-0.05731288716197014,0.20197029411792755,0.4578759968280792,-0.07108084857463837,0.23833918571472168,0.4589829742908478,-0.07485491782426834,0.0736878514289856,0.5263407230377197,-0.03629680722951889,0.1425800919532776,0.42814087867736816,-0.059990543872117996,0.19841840863227844,0.39814823865890503,-0.06880966573953629,0.23808594048023224,0.3902759552001953,-0.06984541565179825,0.06367120146751404,0.5043272972106934,-0.042371321469545364,0.12836062908172607,0.40994855761528015,-0.05815352499485016,0.17941319942474365,0.3819943070411682,-0.061468131840229034,0.2179594188928604,0.3750265836715698,-0.05927013233304024,0.06174248084425926,0.4972400963306427,-0.04933668300509453,0.11459524184465408,0.4281238913536072,-0.05641140416264534,0.1565573513507843,0.4053303003311157,-0.053974639624357224,0.1896427422761917,0.3999599516391754,-0.048806022852659225,accelerate
-0.0030172839760780334,0.6117756366729736,5.922755121900991e-07,0.05098779499530792,0.6068910360336304,0.013149990700185299,0.09370878338813782,0.5816316604614258,0.015621823258697987,0.12736065685749054,0.5772005915641785,0.009266061708331108,0.1545918583869934,0.5654959678649902,0.004563319031149149,0.07569500803947449,0.4400501549243927,0.0491027906537056,0.1342625468969345,0.4230426847934723,0.04307414963841438,0.18525061011314392,0.4245888590812683,0.028332194313406944,0.22197724878787994,0.4337182343006134,0.01852428913116455,0.07766333967447281,0.4296921491622925,0.032433293759822845,0.14123091101646423,0.39760541915893555,0.029843777418136597,0.19200652837753296,0.39666932821273804,0.01664474979043007,0.23385412991046906,0.40730807185173035,0.006828253623098135,0.08846666663885117,0.4380571246147156,0.01257483009248972,0.1521666795015335,0.40014034509658813,0.00958948116749525,0.2038145661354065,0.40115487575531006,0.002183014526963234,0.24573156237602234,0.4126735031604767,-0.0029513947665691376,0.1079501211643219,0.46801042556762695,-0.007966711185872555,0.16597171127796173,0.4476242959499359,-0.0047553242184221745,0.20587413012981415,0.44370076060295105,-1.5499077562708408e-05,0.23719573020935059,0.4479176998138428,0.0029507013969123363,accelerate
0.26038315892219543,0.9021744728088379,6.527529308186786e-07,0.3122097849845886,0.8721873760223389,-0.04316645488142967,0.3474428653717041,0.7953274846076965,-0.06984774023294449,0.37009426951408386,0.7148115634918213,-0.0869554951786995,0.38353192806243896,0.6518184542655945,-0.1019388809800148,0.2635021507740021,0.7743504047393799,-0.08180179446935654,0.2716624140739441,0.6579495072364807,-0.11203276365995407,0.29913973808288574,0.6048259735107422,-0.1236661747097969,0.32511788606643677,0.579226016998291,-0.1267874538898468,0.2190227061510086,0.7703970670700073,-0.06546203792095184,0.23433169722557068,0.6575002074241638,-0.08923722803592682,0.26148876547813416,0.6109428405761719,-0.09117278456687927,0.2845347821712494,0.5844743847846985,-0.09073527157306671,0.19131091237068176,0.7641018033027649,-0.050010353326797485,0.2007233202457428,0.6643726825714111,-0.06736916303634644,0.22169798612594604,0.6207171678543091,-0.06318289786577225,0.2415495365858078,0.5945678949356079,-0.05877333879470825,0.17714914679527283,0.756363570690155,-0.03744770959019661,0.1804790496826172,0.6732816696166992,-0.04878465458750725,0.1976912021636963,0.6349968910217285,-0.04568417742848396,0.2145756036043167,0.614426851272583,-0.04110606759786606,accelerate
0.26524507999420166,0.9036216735839844,7.633365157744265e-07,0.3176170587539673,0.8792370557785034,-0.0431523397564888,0.3540319800376892,0.8079034686088562,-0.0696263536810875,0.3744986057281494,0.7258917093276978,-0.0871555507183075,0.38325929641723633,0.6617980003356934,-0.10222017765045166,0.2690300941467285,0.7739552855491638,-0.07657663524150848,0.2796717584133148,0.6533076763153076,-0.10612261295318604,0.30613812804222107,0.5925047397613525,-0.11738704890012741,0.3312496542930603,0.5584861040115356,-0.1200828030705452,0.2213752269744873,0.7664533257484436,-0.06063435599207878,0.23298408091068268,0.6439636945724487,-0.08466071635484695,0.2581281065940857,0.5876850485801697,-0.08724420517683029,0.2809680700302124,0.5522374510765076,-0.08633260428905487,0.1916806399822235,0.7596010565757751,-0.045654069632291794,0.19465656578540802,0.6510616540908813,-0.06346675753593445,0.21571844816207886,0.6008856892585754,-0.06044032424688339,0.2362661063671112,0.5693870782852173,-0.05599374696612358,0.17605215311050415,0.7525739669799805,-0.03355672210454941,0.17499999701976776,0.6623453497886658,-0.04478244483470917,0.19172599911689758,0.6179600954055786,-0.04199947044253349,0.20947858691215515,0.5917721390724182,-0.0371285043656826,accelerate
0.2604999244213104,0.8974049091339111,6.23167579760775e-07,0.3129066228866577,0.8759158253669739,-0.04234807565808296,0.3543396294116974,0.8081524968147278,-0.07035534828901291,0.37605005502700806,0.7272107601165771,-0.08895135670900345,0.38642430305480957,0.6636637449264526,-0.10549116134643555,0.27245113253593445,0.7993043065071106,-0.08384032547473907,0.2834111452102661,0.7027597427368164,-0.11476820707321167,0.30156850814819336,0.6430610418319702,-0.12795959413051605,0.3182410001754761,0.6032289266586304,-0.13331511616706848,0.22501420974731445,0.7849423885345459,-0.06989139318466187,0.2343161702156067,0.6776353120803833,-0.09589499235153198,0.25401464104652405,0.6218150854110718,-0.10087373852729797,0.2709227502346039,0.5869792103767395,-0.1031297892332077,0.19328844547271729,0.7700897455215454,-0.056318942457437515,0.1969999074935913,0.6745057702064514,-0.07523622363805771,0.21645450592041016,0.6307274699211121,-0.07466910779476166,0.23511233925819397,0.6068665981292725,-0.07290402054786682,0.17480815947055817,0.757391631603241,-0.045450180768966675,0.17290444672107697,0.6782614588737488,-0.05754644423723221,0.18639403581619263,0.6421888470649719,-0.057061634957790375,0.2016226053237915,0.6235447525978088,-0.05508400499820709,accelerate
0.24136529862880707,0.7480860352516174,-5.8648005563100014e-08,0.2760055363178253,0.783390998840332,-0.04573896899819374,0.3140392005443573,0.8044283986091614,-0.0955946296453476,0.35299086570739746,0.7588023543357849,-0.14101803302764893,0.3761066198348999,0.6928432583808899,-0.18662874400615692,0.2786165773868561,0.8633084297180176,-0.12120426446199417,0.3431568741798401,0.8148608207702637,-0.18437303602695465,0.3872992992401123,0.7466034293174744,-0.21934732794761658,0.40798419713974,0.6816113591194153,-0.23829905688762665,0.26551714539527893,0.816153347492218,-0.12488909810781479,0.33482304215431213,0.7389007806777954,-0.18310633301734924,0.3772294223308563,0.662009060382843,-0.19553466141223907,0.39155566692352295,0.5986338257789612,-0.2014952152967453,0.25866150856018066,0.7544680833816528,-0.12976108491420746,0.3263045847415924,0.6720461249351501,-0.18458214402198792,0.3649689853191376,0.6101521253585815,-0.18262699246406555,0.38042908906936646,0.5652283430099487,-0.17483428120613098,0.2568727433681488,0.6864769458770752,-0.1378629356622696,0.31272974610328674,0.6267556548118591,-0.17041485011577606,0.34751150012016296,0.5896135568618774,-0.16416674852371216,0.36254262924194336,0.5575674772262573,-0.1558295488357544,accelerate
0.2488124966621399,0.8894854187965393,7.149288876462379e-07,0.2984687089920044,0.889237642288208,-0.0637342631816864,0.34722548723220825,0.8413599133491516,-0.10735921561717987,0.3843742907047272,0.7636474370956421,-0.13681837916374207,0.4060714840888977,0.6922458410263062,-0.16282929480075836,0.240034282207489,0.7911325097084045,-0.12577147781848907,0.2799016535282135,0.6759336590766907,-0.16959181427955627,0.32347604632377625,0.6222877502441406,-0.18815748393535614,0.35910120606422424,0.5921156406402588,-0.1971919685602188,0.2063453644514084,0.747485339641571,-0.1037912666797638,0.2644882798194885,0.6376251578330994,-0.14034463465213776,0.316919207572937,0.5971828699111938,-0.14573968946933746,0.35393083095550537,0.5782902240753174,-0.14945875108242035,0.1952170431613922,0.7109475135803223,-0.08268002420663834,0.25512030720710754,0.6202571988105774,-0.11399257183074951,0.30087578296661377,0.5964661836624146,-0.11316852271556854,0.333685964345932,0.5880498886108398,-0.11146277189254761,0.1957923173904419,0.6826621890068054,-0.06551391631364822,0.24641919136047363,0.6172776222229004,-0.08902209997177124,0.28579795360565186,0.6021037697792053,-0.0917869284749031,0.31544703245162964,0.600303053855896,-0.09115061163902283,accelerate
0.22151091694831848,0.7345142364501953,3.77645193339049e-07,0.26410922408103943,0.7794948220252991,-0.045732732862234116,0.3201960027217865,0.7794613838195801,-0.08673497289419174,0.37585708498954773,0.7347776293754578,-0.12211614847183228,0.41598743200302124,0.6789917945861816,-0.1576186865568161,0.26097455620765686,0.8332985639572144,-0.10473861545324326,0.3140076994895935,0.7935275435447693,-0.14913016557693481,0.33856773376464844,0.7330113053321838,-0.17682792246341705,0.35742485523223877,0.685714602470398,-0.19500498473644257,0.24237117171287537,0.7818833589553833,-0.09911807626485825,0.3134702146053314,0.7308972477912903,-0.13464345037937164,0.34299400448799133,0.673867404460907,-0.14720237255096436,0.35579484701156616,0.626838207244873,-0.16093523800373077,0.23554036021232605,0.7176913022994995,-0.09392056614160538,0.307112455368042,0.6674733757972717,-0.1291816234588623,0.34172236919403076,0.6216543316841125,-0.13365933299064636,0.36141228675842285,0.5866593718528748,-0.13720731437206268,0.23703666031360626,0.6529862284660339,-0.09210879355669022,0.2957879304885864,0.6126566529273987,-0.1153080090880394,0.3294067978858948,0.583791196346283,-0.11582651734352112,0.3521263897418976,0.56288743019104,-0.11743098497390747,accelerate
